Gene	SRR11319298	SRR11319299	SRR11319300	SRR11319307	SRR11319308	SRR11319309
DDX11L1	3	0	3	2	1	4
WASH7P	47	54	67	58	61	36
MIR6859-1	3	3	4	6	5	2
MIR1302-2	0	0	0	0	0	0
FAM138A	0	0	0	0	0	0
OR4F5	0	0	0	0	0	0
LOC101927589	1	0	1	1	1	1
LOC729737	85	94	104	107	89	86
LOC100996442	4	2	1	3	3	3
LOC102723897	91	61	107	89	75	74
LOC102723917	0	0	0	0	0	0
LOC101929192	1	2	0	0	0	1
OR4F29	0	0	0	0	0	0
RP4-669L17.10	0	0	2	0	0	1
LOC100134822	13	9	7	15	11	9
RP5-857K21.5	0	0	0	0	0	0
MIR6723	272	324	276	364	285	443
OR4F16	0	0	0	0	0	0
LOC100133331	47	56	47	68	56	40
LOC101928706	22	29	31	20	26	14
LOC101060494	20	21	13	18	7	14
LOC100288069	22	23	26	34	41	29
LOC100287934	5	6	3	4	6	2
FAM87B	1	2	2	4	3	2
LINC00115	15	22	16	14	7	1
LINC01128	345	368	401	421	375	304
FAM41C	0	1	0	4	2	0
LOC284600	3	0	0	3	0	2
LOC100130417	0	0	0	0	0	0
LOC101928801	0	0	0	1	1	0
SAMD11	2	4	2	3	0	4
NOC2L	2626	2553	3379	2910	2490	2122
KLHL17	483	387	473	399	344	234
PLEKHN1	162	168	231	180	150	138
PERM1	60	53	64	52	44	38
HES4	341	355	388	241	201	152
ISG15	2836	2862	2824	636	545	415
AGRN	9395	8504	9994	8970	7681	6245
LOC100288175	29	26	25	31	40	23
RNF223	20	21	23	17	15	12
C1orf159	174	161	216	196	138	74
RP11-465B22.5	0	0	0	0	0	0
MIR200B	0	3	0	1	2	1
MIR200A	2	0	0	4	1	0
MIR429	9	2	5	12	5	3
TTLL10-AS1	4	5	4	2	4	4
TTLL10	6	11	12	10	10	4
TNFRSF18	0	0	1	1	3	1
TNFRSF4	0	0	0	0	4	1
SDF4	2420	2091	2666	2428	2079	1784
B3GALT6	486	378	563	518	427	355
FAM132A	16	11	19	23	22	13
UBE2J2	936	806	1142	1013	857	727
LOC101928895	8	13	8	7	11	6
SCNN1D	23	11	12	33	18	14
ACAP3	513	412	546	541	437	319
MIR6726	0	0	0	0	0	0
PUSL1	154	173	235	181	170	133
CPSF3L	1378	1192	1662	1345	1138	906
MIR6727	0	0	0	0	0	0
GLTPD1	362	320	466	351	342	264
TAS1R3	0	8	2	6	5	1
DVL1	1355	1178	1605	1227	1023	861
MIR6808	0	0	0	0	0	0
MXRA8	19	14	17	16	24	14
AURKAIP1	1432	1221	1693	1393	1257	991
CCNL2	3524	2933	3579	3666	3200	2662
LOC148413	357	274	351	306	244	212
MRPL20	763	636	783	812	610	629
ANKRD65	402	397	400	384	359	307
TMEM88B	0	0	0	1	1	3
LOC102724312	10	6	7	15	8	9
VWA1	782	649	803	774	679	512
ATAD3C	4	7	3	20	10	9
ATAD3B	596	405	564	668	548	357
ATAD3A	910	913	1127	960	842	702
TMEM240	12	5	9	8	4	5
SSU72	2458	2141	2771	2344	1993	1685
C1orf233	129	133	174	149	128	107
MIB2	533	448	565	610	464	354
MMP23B	3	4	3	6	2	1
CDK11B	969	807	1072	952	877	723
SLC35E2B	1282	1106	1379	1397	1207	915
MMP23A	0	0	1	0	0	0
CDK11A	455	402	471	504	454	355
SLC35E2	406	361	403	415	306	218
NADK	1376	1204	1521	1347	1208	935
GNB1	10545	9178	11492	10329	9169	7573
CALML6	4	2	0	1	5	1
TMEM52	20	16	33	29	16	19
KIAA1751	5	11	8	17	6	12
GABRD	19	18	14	17	7	17
PRKCZ	344	341	382	407	322	251
LOC101929017	3	4	0	4	3	4
LOC100506504	13	14	17	12	10	8
C1orf86	428	400	546	430	403	324
SKI	1854	1572	1958	2040	1705	1610
MORN1	136	98	122	116	123	98
LOC100129534	35	20	24	27	40	17
RER1	2775	2302	2946	2679	2313	1924
PEX10	261	217	293	273	215	182
PLCH2	8	12	11	8	6	12
PANK4	0	0	0	0	0	0
HES5	0	0	0	0	0	0
LOC115110	0	0	0	0	0	0
LOC100133445	0	0	0	0	0	0
TNFRSF14	0	0	0	0	0	0
RP3-395M20.9	0	0	0	0	0	0
FAM213B	0	0	0	0	0	0
MMEL1	0	0	0	0	0	0
TTC34	0	0	0	0	0	0
LOC101929067	0	0	0	0	0	0
ACTRT2	0	0	0	0	0	0
LINC00982	1	0	0	0	0	0
PRDM16	34	30	48	41	44	21
MIR4251	0	0	0	0	0	0
ARHGEF16	850	678	892	750	683	473
MEGF6	89	68	86	104	75	65
MIR551A	1	0	0	0	0	0
TPRG1L	595	497	657	689	596	472
WRAP73	383	298	402	352	316	261
TP73	415	327	419	368	351	260
TP73-AS1	87	91	102	143	88	60
CCDC27	4	1	0	8	5	1
SMIM1	8	7	14	13	11	7
LRRC47	1252	1069	1456	1300	1085	926
CEP104	1223	1005	1229	1223	1083	877
DFFB	150	152	158	150	146	102
C1orf174	663	575	772	532	487	404
LINC01134	2	3	4	1	9	6
RP13-614K11.1	0	0	0	0	0	0
LOC102724415	0	0	0	0	0	0
RP5-1166F10.1	0	0	0	0	0	0
AJAP1	0	2	0	0	0	1
LOC102724429	0	0	0	0	0	0
MIR4417	0	0	0	0	0	0
LOC100287877	0	0	0	0	0	0
MIR4689	0	0	1	1	1	0
NPHP4	392	296	381	388	287	250
KCNAB2	288	225	333	353	245	251
CHD5	7	5	9	7	11	8
RPL22	9822	8384	10525	9375	8225	6981
LOC102724450	8	7	2	8	10	7
RNF207	276	228	284	300	297	251
ICMT	4031	3582	4522	4033	3665	2862
LINC00337	27	29	39	39	24	28
HES3	0	0	0	0	1	0
GPR153	399	361	447	410	337	245
ACOT7	1162	1070	1353	1233	1068	922
HES2	91	70	91	66	61	70
ESPN	43	36	37	53	39	38
MIR4252	0	0	0	0	0	0
TNFRSF25	244	226	284	223	205	164
PLEKHG5	879	836	978	1022	767	600
NOL9	1507	1125	1632	1589	1395	913
TAS1R1	0	2	0	2	1	0
ZBTB48	265	264	308	249	276	199
KLHL21	669	619	792	737	672	521
PHF13	887	853	1013	928	753	603
THAP3	201	165	190	175	120	133
DNAJC11	1382	1109	1386	1345	1144	1053
LOC100505887	0	0	0	0	0	0
CAMTA1	894	791	952	873	696	618
LOC100129476	0	0	0	0	0	0
LOC101928836	2	0	2	0	1	2
VAMP3	2192	1877	2304	2295	2097	1663
PER3	767	704	958	657	560	486
UTS2	0	0	0	0	0	0
TNFRSF9	117	120	164	133	169	124
PARK7	4669	3979	5308	4806	4189	3529
ERRFI1	973	739	847	871	827	679
LOC102724539	0	0	0	0	0	0
SLC45A1	5	4	5	8	13	7
RERE	2017	1658	2117	2010	1833	1496
LOC102724552	0	0	2	0	1	1
ENO1	43471	38268	50404	43914	38988	32052
MIR6728	0	0	0	1	0	0
ENO1-AS1	2	3	7	2	0	2
CA6	0	0	0	0	2	0
SLC2A7	0	0	0	0	0	0
SLC2A5	0	1	0	0	1	2
GPR157	62	42	61	54	45	28
MIR34A	0	0	4	1	0	0
LOC102724571	20	12	9	8	8	6
H6PD	1708	1545	1920	1522	1455	1073
SPSB1	594	504	667	512	395	339
LOC100506022	5	7	5	6	7	2
SLC25A33	249	186	239	245	221	157
TMEM201	679	610	794	631	576	422
PIK3CD	93	109	134	131	145	125
C1orf200	0	0	0	0	0	0
LOC101929074	0	1	3	7	1	2
CLSTN1	12964	11205	13891	13354	12183	9856
CTNNBIP1	957	869	1034	1059	864	718
LZIC	757	656	874	792	724	618
NMNAT1	357	309	373	432	376	313
MIR5697	4	0	0	0	4	0
LOC102724647	4	1	0	6	2	2
RBP7	2	6	10	11	10	13
UBE4B	1786	1417	1924	1915	1732	1345
KIF1B	4242	3706	4780	4552	4049	3409
MIR1273D	0	0	0	0	0	0
PGD	5544	4536	5934	4865	4347	3707
APITD1-CORT	0	0	0	0	0	0
APITD1	46	37	46	35	42	23
CORT	3	7	8	7	6	5
DFFA	1387	1248	1570	1514	1283	1061
PEX14	598	528	733	612	532	466
CASZ1	237	247	266	225	219	170
C1orf127	4	2	8	4	5	0
TARDBP	8136	6941	8758	8037	7304	6165
MASP2	38	24	45	54	48	43
SRM	1297	1158	1519	1465	1264	1100
EXOSC10	2464	2079	2650	2418	2199	1805
MTOR	4367	3815	4822	4623	4192	3381
MTOR-AS1	1	0	0	1	1	0
ANGPTL7	0	0	1	1	0	1
UBIAD1	560	500	629	582	488	393
PTCHD2	7	6	5	8	6	16
RP1-69M21.2	0	0	0	5	2	3
FBXO2	115	125	154	116	115	68
FBXO44	233	227	273	256	201	187
FBXO6	97	107	92	76	91	59
MAD2L2	1246	1032	1302	1132	970	757
DRAXIN	0	1	0	0	0	0
AGTRAP	664	666	808	513	489	406
C1orf167	0	0	0	1	0	0
LOC102724659	0	0	0	0	0	0
MTHFR	259	187	273	315	265	221
CLCN6	657	505	649	598	529	383
NPPA-AS1	6	3	3	10	6	2
NPPA	4	3	3	5	3	2
NPPB	0	0	0	0	0	0
RNU5E-1	4	1	0	2	1	1
KIAA2013	1573	1308	1733	1498	1360	1090
PLOD1	2328	1914	2262	2088	1645	1350
MFN2	5888	5152	6672	5662	5134	4079
MIIP	366	276	375	269	244	212
MIR6729	0	0	0	0	0	0
TNFRSF8	3	10	3	5	8	6
MIR7846	0	0	0	0	0	0
TNFRSF1B	1	2	1	1	2	2
MIR4632	0	0	0	0	0	0
VPS13D	2051	1781	2143	1912	1710	1563
SNORA59A	3	0	5	1	0	2
DHRS3	843	701	898	616	561	434
MIR6730	0	0	0	0	0	0
AADACL4	0	0	0	0	0	0
AADACL3	0	0	0	0	0	0
C1orf158	0	0	0	0	0	0
PRAMEF12	0	0	0	0	0	0
PRAMEF1	0	0	0	0	0	0
PRAMEF11	0	0	0	0	0	0
HNRNPCL1	35	50	35	41	28	59
PRAMEF2	0	0	0	0	0	0
PRAMEF4	0	0	0	0	0	0
PRAMEF10	0	0	0	0	0	0
PRAMEF7	0	0	0	0	0	0
PRAMEF6	0	0	0	0	0	0
LOC102724742	0	0	0	0	0	0
LOC101929983	0	0	0	0	0	0
LOC649330	2	0	5	0	1	3
PRAMEF25	0	0	0	0	0	0
HNRNPCP5	0	0	0	0	0	0
PRAMEF26	0	0	0	0	0	0
LOC101060301	0	0	0	0	0	0
PRAMEF9	0	0	0	0	0	0
PRAMEF13	0	0	0	0	0	0
PRAMEF18	0	0	0	0	0	0
PRAMEF5	0	0	0	0	0	0
PRAMEF8	0	0	0	0	0	0
PRAMEF15	0	0	0	0	0	0
PRAMEF19	0	0	0	0	0	0
PRAMEF17	0	0	0	0	0	0
PRAMEF20	0	0	0	0	0	0
LOC102724825	0	0	0	0	0	0
LRRC38	1	0	1	0	0	0
LOC102724856	0	0	0	0	0	0
PDPN	547	419	612	428	390	306
PRDM2	1309	1140	1390	1172	1112	930
KAZN	859	717	890	837	667	491
TMEM51-AS1	84	73	90	129	109	112
TMEM51	631	505	703	695	542	505
C1orf195	1	2	4	1	5	1
FHAD1	123	96	162	151	159	147
LOC101927417	2	10	8	15	8	4
LOC101927441	13	5	9	6	7	8
EFHD2	12125	10344	14201	11544	10112	8470
CTRC	2	0	1	0	2	2
CELA2A	0	0	0	1	2	5
CELA2B	4	6	2	3	2	5
CASP9	626	507	712	687	604	471
DNAJC16	1231	1114	1358	1286	1161	924
AGMAT	418	430	527	510	438	348
DDI2	304	254	375	320	283	230
RSC1A1	217	214	240	220	189	185
PLEKHM2	2169	2022	2428	2079	1820	1412
SLC25A34	64	47	61	60	62	44
TMEM82	0	0	0	0	0	0
LOC102724910	2	0	0	0	0	0
FBLIM1	3114	2599	3320	3116	2659	2046
UQCRHL	456	473	498	588	523	524
FLJ37453	131	91	146	129	91	64
SPEN	8648	7259	9233	7904	7317	5937
ZBTB17	465	412	479	440	444	303
LOC101928566	0	0	0	1	0	0
C1orf64	0	0	0	0	1	0
HSPB7	4	3	5	6	0	2
CLCNKA	7	4	11	3	16	6
CLCNKB	11	3	5	12	6	4
FAM131C	147	155	210	232	179	138
EPHA2	3484	3117	3815	4151	3750	3002
LOC101927479	25	13	29	31	21	12
ARHGEF19	638	497	660	650	498	354
LOC101927546	1	2	6	4	6	5
RSG1	61	61	66	75	47	57
FBXO42	720	606	746	707	642	533
SZRD1	3052	2575	3193	2886	2431	2073
SPATA21	3	2	2	1	1	0
NECAP2	1010	909	1133	1059	994	720
CROCCP3	78	70	73	75	62	70
RNU1-1	1	0	0	0	0	0
TRNAN-GUU	0	0	0	0	0	0
LOC101060085	2	0	1	1	0	0
TRNAE-UUC	2	0	0	4	0	0
LOC102724970	2	1	5	7	5	0
FAM231B	0	0	0	0	0	0
TRNAG1	0	0	1	0	0	0
NBPF1	330	194	316	246	259	226
CROCCP2	313	231	300	310	237	218
LOC101927663	49	54	49	49	38	43
MST1P2	21	7	16	20	23	25
LOC102723343	1	0	0	1	0	1
RNU1-3	0	0	0	0	0	0
FAM231A	0	0	0	1	0	0
TRNAG-CCC	0	0	0	0	0	0
ESPNP	1	1	1	0	2	0
TRNAG10	0	0	0	0	0	0
LOC102723383	0	1	0	0	0	0
RNU1-4	0	0	0	0	0	0
MST1L	0	2	1	2	0	1
MIR3675	0	0	0	0	0	0
TRNAG28	0	0	0	0	0	1
LOC101927806	18	12	13	24	10	15
TRNAE1	0	0	0	0	0	0
TRNAN18	0	0	0	0	0	0
TRNAN2	0	0	0	0	0	0
RNU1-2	2	1	0	2	0	1
CROCC	194	191	199	196	187	145
MFAP2	38	32	32	37	29	35
ATP13A2	827	732	912	911	824	624
SDHB	1790	1579	2127	1871	1585	1413
PADI2	97	64	89	194	162	125
LOC400743	1	0	2	0	0	0
PADI1	35	24	37	92	98	68
PADI3	1641	1332	1803	2373	2154	1684
MIR3972	1	4	2	2	4	8
PADI4	38	37	60	81	77	68
PADI6	2	1	1	1	1	3
RCC2	11137	9640	11925	10443	9131	7460
LOC102723454	0	2	0	0	0	0
ARHGEF10L	380	342	510	428	329	308
ACTL8	2	7	5	4	7	1
RP11-174G17.2	0	0	0	0	0	0
IGSF21	0	0	0	0	0	0
KLHDC7A	3	3	3	3	6	5
PAX7	0	0	0	0	0	0
TAS1R2	0	0	0	0	0	0
ALDH4A1	436	363	434	424	354	277
MIR4695	0	0	0	0	0	0
MIR1290	0	0	2	0	0	0
IFFO2	4257	3872	4913	3207	2946	2306
UBR4	12647	11677	14475	14302	12910	10593
LOC101927895	12	3	4	9	7	0
EMC1	2546	2254	2940	2730	2284	1847
MRTO4	1998	1687	2286	1870	1652	1289
AKR7L	4	6	12	16	13	11
AKR7A3	11	11	9	4	7	5
LOC100506730	108	73	98	89	89	85
AKR7A2	732	628	750	696	629	497
PQLC2	161	165	201	193	156	100
CAPZB	6176	5164	6787	6216	5479	4663
LOC644083	0	0	1	1	0	0
MINOS1-NBL1	0	0	0	0	0	0
MINOS1	842	833	985	979	885	641
RPS14P3	22	39	14	25	18	23
NBL1	5	4	7	0	3	2
HTR6	0	4	0	1	1	2
TMCO4	551	427	534	463	443	344
RNF186	0	0	0	0	2	0
OTUD3	649	621	711	648	613	471
PLA2G2E	0	0	0	0	0	0
PLA2G2A	0	0	0	0	0	0
PLA2G5	0	0	0	0	0	0
PLA2G2D	0	0	0	0	0	0
PLA2G2F	0	0	0	1	2	0
PLA2G2C	0	0	0	0	0	0
UBXN10-AS1	0	0	0	0	0	0
UBXN10	4	3	4	12	1	5
VWA5B1	0	0	0	0	1	0
LINC01141	0	0	0	2	2	0
CAMK2N1	1401	1283	1555	1551	1296	1159
MUL1	1025	857	1077	1023	883	663
FAM43B	0	0	0	0	0	0
CDA	54	58	75	82	67	52
PINK1	339	392	409	372	285	216
MIR6084	0	0	0	0	0	0
PINK1-AS	76	78	85	80	78	45
DDOST	5924	5221	6789	5757	5283	4249
KIF17	10	8	20	19	10	5
SH2D5	43	38	52	45	35	29
HP1BP3	6660	5907	7113	6736	6058	5140
EIF4G3	4265	3464	4455	4270	4044	3213
MIR1256	0	0	0	0	0	0
ECE1	2459	2283	2801	2808	2521	1950
RP5-1071N3.1	0	2	0	0	1	1
NBPF3	146	146	179	125	146	110
ALPL	10	11	16	49	30	38
RAP1GAP	195	153	226	295	279	228
USP48	2432	2041	2526	2417	2075	1857
LDLRAD2	3	0	1	0	3	2
HSPG2	635	713	947	814	689	538
LOC102723558	3	4	4	1	2	5
CELA3B	0	0	0	0	1	1
CELA3A	0	2	0	0	0	0
RP1-224A6.3	4	3	2	3	6	9
LINC00339	90	91	124	96	114	98
CDC42	7426	6338	8303	7228	6705	5656
WNT4	660	599	595	519	478	442
MIR4418	0	0	0	0	0	0
LOC101060363	1	5	2	2	4	4
ZBTB40	1529	1372	1703	1595	1381	1209
EPHA8	3	3	0	4	2	3
MIR6127	0	0	0	0	0	0
C1QA	0	0	0	0	0	0
C1QC	0	0	0	0	0	0
C1QB	0	0	0	0	0	0
EPHB2	2154	1966	2297	1806	1662	1368
MIR4684	0	0	0	0	0	0
MIR4253	0	0	0	0	0	0
LACTBL1	0	0	0	0	1	0
C1orf234	3	4	1	1	1	1
KDM1A	4448	3858	4998	4061	3652	3026
MIR3115	0	0	0	0	0	0
MIR4419A	0	0	0	0	0	0
LUZP1	2818	2515	3103	2862	2461	2133
HTR1D	55	33	55	40	20	22
RP5-1057J7.6	70	69	55	49	46	29
HNRNPR	11545	9327	12061	9592	8760	7794
ZNF436	812	779	890	767	716	606
C1orf213	60	21	40	36	27	16
TCEA3	52	70	75	35	33	33
ASAP3	94	84	143	91	93	84
E2F2	397	364	465	438	353	312
LOC101928163	1	0	0	1	1	1
ID3	82	71	104	129	117	80
MDS2	0	0	0	0	0	0
RPL11	12837	11039	13916	12159	10580	9284
TCEB3	2285	1954	2592	2592	2262	1895
RP5-886K2.3	15	13	15	19	13	5
PITHD1	1329	1148	1429	1269	1125	999
LYPLA2	1043	941	1183	1038	957	824
GALE	657	633	766	645	646	470
HMGCL	336	276	324	344	300	236
FUCA1	70	57	67	84	81	69
CNR2	3	2	3	1	4	0
MIR378F	0	0	0	0	0	0
PNRC2	3917	3141	4119	3336	3040	2538
SRSF10	5173	4225	5256	5022	4473	3841
MYOM3	0	1	0	1	0	0
IL22RA1	36	40	29	37	31	22
IFNLR1	209	205	267	217	215	168
RP11-10N16.2	0	0	0	0	0	0
GRHL3	19	14	30	33	32	36
STPG1	222	191	238	237	171	141
NIPAL3	1364	1182	1414	1144	1140	814
RCAN3AS	1	0	2	1	2	0
RCAN3	470	406	524	486	437	357
LOC100506985	82	69	104	100	81	73
NCMAP	0	1	2	1	0	1
SRRM1	4742	3776	5062	4807	4205	3418
CLIC4	5803	5260	6716	5658	5187	4093
RUNX3	194	150	185	169	184	123
MIR6731	0	0	0	0	0	0
MIR4425	0	0	0	0	0	0
SYF2	955	747	958	949	831	801
C1orf63	917	740	897	867	872	695
RHD	0	1	2	0	0	0
LOC101928189	11	10	8	4	5	10
TMEM50A	2079	1810	2256	1911	1816	1494
RHCE	5	4	16	10	4	4
TMEM57	618	533	690	719	603	505
LDLRAP1	590	529	669	647	541	439
MAN1C1	6	13	12	16	12	13
SEPN1	2099	1837	2308	1880	1477	1258
LOC102723671	0	2	2	0	1	1
MTFR1L	265	185	256	236	213	156
LOC646471	33	33	27	38	27	21
AUNIP	430	399	512	503	436	326
PAQR7	1090	976	1089	1040	904	720
STMN1	6902	5937	7545	6760	5990	5082
MIR3917	0	0	0	0	0	0
PAFAH2	341	237	316	256	249	173
EXTL1	3	4	3	4	1	2
LOC101928216	0	0	2	0	0	0
SLC30A2	0	0	0	0	1	0
TRIM63	0	0	0	0	0	0
PDIK1L	501	391	523	362	389	308
FAM110D	5	1	1	4	5	3
ZNF593	248	199	310	233	202	151
CNKSR1	469	385	435	448	391	327
CATSPER4	1	0	0	4	1	3
LOC101928303	0	0	1	0	1	0
CEP85	977	907	1102	869	803	657
SH3BGRL3	1759	1615	2163	1835	1732	1487
UBXN11	164	153	220	143	167	117
CD52	2	0	2	0	0	1
AIM1L	314	279	312	274	214	183
ZNF683	0	1	0	0	1	0
LIN28A	0	1	0	0	0	0
DHDDS	545	456	650	590	504	421
RP3-476K8.3	10	4	6	2	2	1
HMGN2	13210	10806	14106	12190	10874	9105
RPS6KA1	1623	1469	1819	1518	1361	1112
MIR1976	0	0	0	0	0	0
LOC101928728	38	36	56	40	29	34
ARID1A	4768	4057	5297	4793	4505	3639
PIGV	376	306	388	360	280	255
ZDHHC18	1337	1226	1518	1245	1135	876
SFN	18561	17456	21859	15791	13717	11060
GPN2	434	384	568	448	424	297
GPATCH3	243	213	252	234	220	189
NR0B2	3	2	0	1	1	1
NUDC	4893	4147	5390	4650	4120	3498
C1orf172	317	296	348	317	286	238
OSTCP2	4	5	4	8	2	7
TRNP1	22	22	19	31	33	33
FAM46B	30	32	58	47	48	27
LOC101928391	2	3	2	1	0	0
SLC9A1	1592	1358	1773	1740	1558	1242
LOC102723760	0	0	0	0	0	0
WDTC1	938	851	1055	822	724	618
TMEM222	485	484	619	517	444	327
LOC644961	149	224	164	179	178	183
RNU6-48P	0	0	0	0	0	0
SYTL1	459	380	473	369	314	264
MAP3K6	630	554	652	673	558	427
FCN3	7	3	3	6	0	2
CD164L2	0	2	4	0	3	1
GPR3	91	61	80	73	57	55
WASF2	8579	7587	9717	8509	7507	6043
AHDC1	670	607	796	695	698	467
FGR	0	0	0	0	1	0
IFI6	610	534	490	187	143	135
FAM76A	319	303	437	362	309	257
STX12	1131	1004	1124	1218	1174	903
PPP1R8	1785	1582	1972	1750	1532	1289
SCARNA1	3	4	1	1	2	1
THEMIS2	1	2	1	3	4	3
RPA2	1619	1410	1713	1625	1442	1176
SMPDL3B	45	53	55	69	40	44
XKR8	87	85	93	63	65	48
EYA3	1429	1286	1482	1374	1234	925
PTAFR	456	391	387	504	418	360
DNAJC8	3840	3114	3995	3629	3243	3063
ATPIF1	1677	1444	1746	1783	1515	1177
SESN2	627	575	634	569	494	415
MED18	475	374	479	446	421	340
PHACTR4	2741	2578	2914	2726	2489	2047
RCC1	4580	3867	5004	4143	3712	3005
SNHG3	1083	994	1219	791	636	507
SNORA73A	40	34	48	48	37	32
RNU105A	21	23	27	27	19	16
TRNAU1AP	271	230	311	308	252	263
SNHG12	264	229	302	287	256	172
SNORD99	8	6	9	18	5	8
SNORA61	30	30	57	58	46	38
SNORA44	8	13	4	16	8	9
SNORA16A	21	10	28	13	19	9
RAB42	2	3	9	5	3	6
TAF12	422	309	441	421	383	355
RNU11	4	15	5	10	5	5
GMEB1	344	337	378	349	272	206
YTHDF2	3277	2668	3482	3060	2796	2297
OPRD1	0	0	0	0	0	0
EPB41	1704	1525	1947	1517	1532	1253
TMEM200B	70	67	109	77	63	56
SRSF4	3581	3070	3899	3215	2820	2491
MECR	370	272	371	323	292	234
PTPRU	886	897	1058	700	689	545
RP3-437I16.1	1	0	0	0	0	0
RP11-111I12.1	0	0	0	1	0	0
MATN1	2	5	1	3	0	0
MATN1-AS1	17	13	18	16	22	9
LAPTM5	31	28	32	59	56	39
MIR4420	1	0	0	0	0	0
LOC400748	0	0	0	0	0	0
LOC102723832	0	0	0	0	0	0
SDC3	238	229	326	301	277	221
PUM1	4841	4105	4976	4562	3978	3337
SNORD103A	1	0	0	1	0	0
SNORD103B	3	5	4	2	6	2
SNORD85	0	0	1	0	1	0
LOC102723848	0	0	0	0	0	0
NKAIN1	3	1	9	5	8	5
SNRNP40	1734	1623	1947	1724	1532	1256
ZCCHC17	791	793	909	950	748	730
FABP3	17	11	10	13	13	13
SERINC2	7873	7184	9034	7906	6554	5320
RP11-439L8.3	0	0	0	3	1	0
RP11-439L8.4	1	0	0	1	0	2
TINAGL1	7644	7139	8975	6361	5508	4387
HCRTR1	0	2	0	0	1	1
PEF1	1329	1110	1500	1329	1133	882
COL16A1	385	298	405	519	480	364
LOC101929444	9	1	3	6	8	1
BAI2	197	173	226	216	180	144
MIR4254	0	0	1	0	0	0
SPOCD1	220	198	267	209	195	155
PTP4A2	6279	5446	6970	5900	5332	4391
KHDRBS1	9611	8218	10739	9074	8519	6915
TMEM39B	659	614	699	605	552	393
MIR5585	0	0	0	0	0	0
KPNA6	5559	4726	6216	5519	5096	3837
TXLNA	4578	3630	4691	4237	3623	2778
CCDC28B	33	32	39	46	32	22
IQCC	186	191	222	213	163	159
DCDC2B	2	2	5	5	4	3
TMEM234	48	42	63	47	53	35
EIF3I	5856	5082	6740	6366	5427	4339
MTMR9LP	23	32	32	25	24	20
FAM167B	14	12	11	11	9	16
LCK	13	23	23	26	17	22
HDAC1	5726	4966	6192	5897	5257	4353
MARCKSL1	1928	1593	2123	2076	1872	1409
FAM229A	9	9	6	10	2	8
TSSK3	36	14	24	37	38	21
BSDC1	1193	1011	1250	1266	1100	965
ZBTB8B	55	31	37	47	43	23
ZBTB8A	600	584	725	528	486	419
LOC102723870	3	7	9	3	5	6
ZBTB8OS	514	411	567	478	433	355
RBBP4	7276	6587	8044	7337	6794	5559
SYNC	15	10	17	11	13	6
KIAA1522	8093	7261	9058	7272	6520	5130
YARS	5956	5061	6899	5155	4634	3769
S100PBP	735	655	763	784	727	571
FNDC5	0	1	2	1	10	1
HPCA	13	12	9	15	11	12
TMEM54	800	677	879	673	561	426
RNF19B	749	634	796	761	690	520
AK2	6712	5912	7338	6072	5221	4473
ADC	8	7	13	11	9	15
TRIM62	275	302	344	295	262	277
ZNF362	1065	1017	1139	933	821	728
A3GALT2	0	0	0	0	2	0
PHC2	922	795	916	787	772	584
MIR3605	0	0	0	1	0	1
ZSCAN20	208	164	235	207	170	140
CSMD2	4	0	4	3	0	2
HMGB4	0	0	0	0	0	0
RP5-1007G16.1	0	0	0	0	0	0
C1orf94	0	0	0	0	0	0
MIR552	0	0	0	0	0	0
GJB5	488	410	536	429	405	330
GJB4	44	28	48	51	37	39
GJB3	713	616	832	645	593	451
GJA4	0	1	0	0	0	0
SMIM12	803	665	883	718	727	586
DLGAP3	7	5	5	6	3	2
LOC653160	10	14	22	31	9	13
ZMYM6NB	262	231	308	274	202	169
ZMYM6	508	402	518	442	394	396
ZMYM1	1438	1347	1603	1361	1365	1098
SFPQ	18374	15883	19504	16583	14987	12459
ZMYM4	4664	3780	4935	4410	4243	3298
KIAA0319L	1152	1095	1354	1218	1046	901
NCDN	889	722	943	961	833	691
TFAP2E	10	10	9	11	8	6
PSMB2	5188	4487	5852	5556	4976	3941
C1orf216	530	476	607	509	416	360
CLSPN	2477	2000	2579	2604	2494	1924
AGO4	638	574	694	503	444	332
AGO1	2047	1846	2358	2107	1981	1544
AGO3	663	552	711	643	644	495
TEKT2	4	4	0	4	4	4
ADPRHL2	490	455	574	474	476	359
COL8A2	22	23	33	67	57	12
TRAPPC3	1158	1013	1252	1084	910	739
MAP7D1	3782	3399	4594	4172	3483	2853
THRAP3	7986	6546	8780	7591	7095	5782
SH3D21	151	129	149	167	165	136
EVA1B	86	83	130	152	110	90
STK40	488	339	469	463	389	326
LSM10	297	221	346	308	266	186
OSCP1	11	11	1	9	7	2
MRPS15	1989	1764	2277	2029	1959	1498
CSF3R	0	0	0	1	0	0
GRIK3	0	0	0	2	0	0
MIR4255	0	0	0	0	0	0
LINC01137	32	27	12	30	22	14
ZC3H12A	333	278	349	367	330	251
MIR6732	0	2	0	0	2	0
MEAF6	1172	988	1195	1071	1013	854
MIR5581	2	3	1	0	4	0
SNIP1	525	531	615	581	544	477
DNALI1	3	0	0	2	1	0
GNL2	2243	1891	2569	2317	2140	1780
RSPO1	0	0	1	0	1	0
C1orf109	475	468	581	535	464	378
CDCA8	1592	1382	1887	1566	1310	1080
EPHA10	46	56	57	58	49	33
MANEAL	1197	1066	1340	1203	1026	864
YRDC	583	575	697	598	523	389
C1orf122	288	279	326	332	301	214
MTF1	1579	1297	1644	1538	1374	1085
INPP5B	812	715	879	738	659	491
SF3A3	3613	3174	4115	3626	3197	2923
FHL3	187	183	235	218	195	129
UTP11L	1507	1201	1623	1493	1330	1064
POU3F1	7	12	12	16	16	8
MIR3659	0	0	0	0	0	0
RP11-214L19.1	0	0	0	0	1	1
RRAGC	1654	1460	1838	1842	1703	1364
GJA9-MYCBP	0	3	2	3	0	0
MYCBP	0	0	0	0	0	0
GJA9	0	0	0	0	0	0
RHBDL2	251	217	235	241	198	150
AKIRIN1	4085	3277	4351	4665	4161	3517
NDUFS5	4145	3709	4494	4569	4079	3575
MACF1	6977	6228	7674	7781	7192	5918
KIAA0754	852	707	959	1051	937	795
BMP8A	46	40	51	62	57	32
PPIEL	24	22	24	30	25	20
PABPC4	10611	8885	11512	11614	10446	8619
SNORA55	12	11	10	18	11	7
HEYL	55	52	67	97	80	74
NT5C1A	1	2	0	0	1	3
HPCAL4	57	53	63	93	62	83
PPIE	1512	1322	1540	1773	1571	1328
BMP8B	227	191	262	211	173	128
OXCT2	11	11	9	17	7	16
LOC101929536	15	9	17	8	6	4
TRIT1	1272	1095	1444	1314	1189	997
MYCL	68	49	76	82	91	44
MFSD2A	129	91	146	163	140	134
CAP1	21251	18424	23798	23741	21333	17389
PPT1	9762	8580	10892	10052	8967	7633
RLF	2326	2082	2542	2511	2309	1880
TMCO2	0	0	1	0	1	3
ZMPSTE24	4098	3412	4225	5425	4725	3944
COL9A2	13	7	13	17	14	9
SMAP2	1327	1159	1385	1490	1335	1084
ZFP69B	160	123	193	166	142	119
ZFP69	230	192	289	232	219	199
EXO5	408	347	481	546	506	375
ZNF684	148	138	154	164	145	113
RIMS3	305	264	339	298	313	204
NFYC-AS1	65	50	51	51	57	55
NFYC	1534	1335	1509	1608	1417	1253
MIR30E	0	0	0	0	0	0
MIR30C1	0	0	0	0	0	0
KCNQ4	12	21	22	21	16	11
CITED4	433	442	476	491	374	283
CTPS1	4566	4142	5365	5383	4755	3880
SLFNL1-AS1	44	31	49	54	55	30
SLFNL1	28	13	28	42	34	22
SCMH1	796	723	944	781	726	649
LOC102723924	0	0	0	4	1	0
FOXO6	119	98	111	132	80	78
LOC101929901	1	5	4	3	2	3
EDN2	49	59	63	67	60	61
HIVEP3	167	178	224	260	216	171
GUCA2B	0	0	0	0	1	0
GUCA2A	1	0	0	0	1	0
FOXJ3	4838	4054	5350	5170	4758	3783
RIMKLA	58	38	50	52	44	36
ZMYND12	7	10	6	3	10	12
PPCS	1876	1619	2036	2219	2027	1661
CCDC30	23	10	25	12	13	12
PPIH	1146	1026	1241	1183	1131	942
YBX1	58591	48309	63713	65737	58838	50902
CLDN19	0	2	0	0	3	2
LEPRE1	763	643	849	964	870	675
C1orf50	216	167	172	267	189	185
LOC100129924	10	9	7	13	5	7
CCDC23	355	266	363	349	323	285
ERMAP	333	269	334	432	371	337
ZNF691	357	334	418	348	312	249
LOC339539	2	0	4	7	3	3
SLC2A1	4702	3963	4890	3533	3219	2573
SLC2A1-AS1	11	1	18	8	10	7
FAM183A	13	13	7	9	10	9
EBNA1BP2	3795	3132	4059	4071	3590	3004
MIR6733	0	0	3	0	0	0
WDR65	13	19	15	20	13	8
TMEM125	176	142	183	250	243	193
C1orf210	482	365	492	516	423	389
TIE1	0	1	0	2	0	0
MPL	31	24	29	35	34	21
CDC20	7524	6295	8536	7106	5999	4902
ELOVL1	2040	1922	2368	2252	1882	1570
MIR6734	0	0	0	0	0	0
MED8	1359	1261	1579	1492	1378	1109
SZT2	1727	1674	1965	1883	1850	1477
MIR6735	0	0	0	0	0	0
HYI	0	0	0	0	0	0
PTPRF	19772	17598	22185	20042	17749	13622
KDM4A	3516	2955	3671	3879	3510	3037
KDM4A-AS1	60	39	55	71	46	38
ST3GAL3	177	147	149	142	152	112
RP11-184I16.4	1	4	1	8	0	1
MIR6079	0	0	0	0	0	0
ARTN	443	403	514	375	268	227
LOC101929609	18	19	21	20	14	11
IPO13	1286	1073	1293	1482	1274	1096
DPH2	1128	962	1233	1277	1109	907
ATP6V0B	1717	1596	1960	2013	1713	1368
B4GALT2	1352	1319	1585	1369	1152	977
CCDC24	174	132	166	166	178	134
SLC6A9	423	357	448	353	309	247
KLF17	0	0	0	2	4	5
DMAP1	989	816	1004	1016	949	822
ERI3	1800	1673	2179	1812	1691	1300
ERI3-IT1	8	9	14	21	18	16
RNF220	1861	1699	2135	1879	1640	1401
MIR5584	0	0	0	1	0	0
LOC102723990	5	6	6	8	4	1
TMEM53	60	54	80	73	62	42
C1orf228	7	11	5	15	16	7
RNU5F-1	2	1	4	8	3	2
RNU5D-1	5	5	4	1	1	0
KIF2C	5436	4756	6040	5996	5245	4220
RPS8	32498	29388	36215	33330	29163	24265
SNORD55	15	6	5	5	8	4
SNORD46	8	7	11	8	5	2
SNORD38A	3	6	2	3	6	1
SNORD38B	13	15	13	14	13	10
BEST4	5	2	5	9	6	4
PLK3	99	68	113	152	121	119
TCTEX1D4	10	4	7	11	7	5
BTBD19	9	14	7	9	25	23
PTCH2	28	19	24	28	16	10
EIF2B3	899	892	1100	1125	1003	817
HECTD3	1233	980	1307	1287	1105	907
UROD	1315	1167	1498	1292	1215	960
ZSWIM5	175	115	172	241	197	134
LINC01144	50	17	26	15	13	14
HPDL	124	115	148	99	90	62
MUTYH	562	519	695	637	595	421
TOE1	517	442	570	685	526	447
TESK2	272	237	266	254	229	187
CCDC163P	69	62	85	77	49	49
MMACHC	644	554	771	681	583	443
PRDX1	19683	16870	21166	21597	18898	15917
AKR1A1	1758	1716	2128	1921	1727	1343
NASP	9067	7773	9688	9004	8047	7167
CCDC17	81	72	79	99	71	56
GPBP1L1	6196	5312	6418	5905	5367	4429
RPS15AP10	23	16	21	22	24	13
TMEM69	2319	2085	2667	2659	2325	1873
IPP	1030	906	1151	1223	1117	900
MAST2	3568	3244	3920	4152	3699	2834
PIK3R3	1955	1564	1641	1842	1720	1383
RP4-533D7.5	3	5	1	5	1	4
TSPAN1	1044	1026	1109	1089	944	734
LOC102724021	0	0	0	0	0	0
POMGNT1	2677	2267	2863	2748	2549	2019
LURAP1	5	6	4	3	11	6
RAD54L	1731	1503	2084	1784	1560	1321
LOC102724045	6	3	1	4	5	1
LOC102724033	1	1	1	0	1	0
LRRC41	3020	2671	3363	3178	2768	2191
UQCRH	5267	4736	5973	6377	5450	4588
NSUN4	1470	1283	1563	1524	1480	1100
FAAH	370	295	356	345	315	262
LOC729041	3	4	4	6	8	9
RP5-1109J22.2	0	0	0	1	0	1
DMBX1	33	54	53	45	34	27
MKNK1-AS1	18	12	26	18	15	16
KNCN	0	0	0	0	0	0
MKNK1	1008	826	1100	1104	1016	816
LOC101929673	4	4	2	6	3	9
MOB3C	463	390	450	543	446	408
ATPAF1	1926	1693	2089	2084	1982	1576
TEX38	2	1	0	2	0	1
EFCAB14-AS1	3	5	7	4	8	4
EFCAB14	5783	5183	6199	5976	5501	4644
CYP4B1	2	1	4	3	4	1
CYP4Z2P	0	0	0	0	0	0
CYP4A11	0	0	0	0	0	0
CYP4X1	8	3	16	10	12	11
CYP4Z1	1	1	2	3	0	3
CYP4A22	0	1	0	2	0	2
LINC00853	12	12	13	5	9	15
PDZK1IP1	5	5	1	5	11	5
TAL1	12	16	8	13	24	10
STIL	4014	3760	4730	4681	4148	3570
CMPK1	9574	8354	10277	10458	9621	8002
LOC102724077	15	20	18	16	19	15
FOXE3	2	1	3	1	1	0
FOXD2-AS1	199	159	181	100	93	68
FOXD2	118	97	113	56	90	45
TRABD2B	7	6	11	13	5	7
SKINTL	0	0	0	3	3	0
SLC5A9	1	0	2	3	0	2
SPATA6	215	179	213	161	166	160
LOC102724088	0	0	0	0	0	0
AGBL4	46	39	41	43	55	41
BEND5	21	28	24	13	21	19
AGBL4-IT1	0	0	0	0	0	0
ELAVL4	0	0	0	0	0	0
DMRTA2	210	203	244	262	210	201
FAF1	3146	2887	3495	3377	3008	2495
CDKN2C	898	743	967	1041	982	786
C1orf185	4	11	9	14	18	9
MIR4421	0	0	0	0	0	0
MIR6500	0	0	0	0	0	0
RNF11	3233	2857	3452	3952	3467	2911
TTC39A	20	41	37	42	31	44
LOC102724097	0	0	0	0	1	0
EPS15	4049	3580	4533	4142	3796	2993
OSBPL9	5926	5252	6648	6593	5628	4986
NRD1	9059	7856	9784	10129	9198	7783
MIR761	0	0	0	0	0	0
RAB3B	275	302	351	632	558	410
TXNDC12	3741	2975	3937	3888	3414	2976
KTI12	0	0	0	0	0	0
BTF3L4	3081	2548	3386	3233	2945	2426
ZFYVE9	1909	1597	2006	1981	1738	1424
CC2D1B	1056	953	1146	1272	1072	873
ORC1	2042	1868	2473	2522	2252	1796
PRPF38A	3688	3091	3833	4060	3600	3150
ZCCHC11	2955	2404	2855	2845	2574	2194
GPX7	0	0	0	1	2	2
FAM159A	0	1	0	0	0	3
COA7	1559	1299	1741	1520	1327	1128
ZYG11B	3465	2923	3793	4020	3634	2985
ZYG11A	316	240	337	321	290	236
ECHDC2	149	114	134	166	135	105
SCP2	4296	3650	4330	4464	4075	3331
MIR1273F	0	0	0	1	0	0
MIR5095	0	0	0	0	0	0
MIR1273G	2	0	0	0	0	0
PODN	0	0	0	2	0	2
SLC1A7	0	0	1	0	1	1
LOC102724114	0	0	0	0	0	0
CPT2	1507	1286	1610	1886	1610	1307
C1orf123	815	612	764	739	674	597
MAGOH	2416	2142	2498	2487	2253	1964
RP5-1024G6.5	9	18	15	19	16	11
LRP8	1578	1482	1931	1531	1370	1154
LOC102724125	0	0	0	0	0	0
SLC25A3P1	0	0	0	0	0	0
DMRTB1	0	0	0	0	0	0
GLIS1	0	1	2	2	6	4
NDC1	7661	6840	8524	8260	7577	5717
YIPF1	577	516	625	518	535	432
DIO1	8	3	3	7	11	2
HSPB11	1374	1230	1474	1481	1334	1212
LRRC42	2068	1939	2498	2418	2115	1708
LDLRAD1	0	0	0	0	0	0
TMEM59	5022	4351	5265	5540	4899	4053
TCEANC2	626	499	663	668	578	511
MIR4781	0	0	1	0	0	1
CDCP2	0	1	0	0	0	3
CYB5RL	243	224	285	249	213	150
MRPL37	4403	3889	5149	5078	4389	3725
SSBP3	1703	1410	1538	1657	1341	1199
SSBP3-AS1	9	23	21	26	29	19
ACOT11	73	63	77	116	71	71
FAM151A	3	6	3	8	4	6
MROH7-TTC4	1	0	0	0	0	0
MROH7	0	0	0	0	0	0
TTC4	11	7	19	8	19	4
PARS2	442	396	417	507	393	312
TTC22	71	73	66	63	42	44
C1orf177	1	1	2	3	4	3
DHCR24	19304	16597	20611	22288	19551	15916
TRNAK-CUU	0	0	0	0	0	0
TMEM61	8	8	12	16	12	6
BSND	0	0	0	1	0	2
PCSK9	2835	2521	3228	3372	3001	2292
USP24	7985	7294	8764	8501	7693	6288
LOC100507634	31	26	30	49	35	18
MIR4422	0	0	0	0	0	0
LOC102724140	0	0	0	0	0	0
PPAP2B	345	286	321	351	325	256
PRKAA2	259	189	283	277	233	154
LOC102724154	0	0	0	0	0	1
C1orf168	1	0	0	0	1	0
LOC101929757	0	0	0	0	0	0
C8A	0	0	0	0	0	0
C8B	0	1	2	0	0	2
DAB1	0	0	0	0	1	0
DAB1-AS1	0	0	0	0	0	0
OMA1	506	348	416	373	351	262
TACSTD2	18112	15168	18928	17251	15441	13002
MYSM1	2458	1971	2506	2642	2266	1967
JUN	1839	1274	1433	1877	1579	1281
LINC01135	1	1	2	0	3	2
LOC101926907	84	88	92	76	57	66
RP4-794H19.4	2	5	3	0	2	2
HSD52	1	0	1	1	1	2
FGGY	166	129	149	161	143	132
MIR4711	0	0	0	0	0	0
RP4-782L23.1	2	0	0	2	5	0
HOOK1	3384	2966	3785	4005	3561	2966
CYP2J2	86	95	104	101	90	63
C1orf87	0	0	0	0	0	0
RP11-436K8.1	0	0	0	0	0	0
LOC100996570	0	0	0	0	0	0
NFIA	2403	1972	2673	2460	2286	1752
LOC102724281	2	3	2	3	7	1
RP5-833A20.1	1	1	0	2	0	3
MGC34796	0	0	0	0	0	0
TM2D1	1023	772	984	985	921	743
INADL	4577	3839	4649	4779	4234	3278
MIR3116-1	0	0	0	0	0	0
MIR3116-2	0	0	0	0	0	0
L1TD1	2	0	0	1	0	0
KANK4	9	7	5	14	15	6
USP1	8754	7250	9671	9159	8153	6911
DOCK7	3091	2777	3555	3508	3092	2570
ANGPTL3	1	3	3	3	1	5
RP11-230B22.1	15	3	12	5	9	5
ATG4C	963	771	903	971	888	716
LINC00466	1	7	7	5	7	5
LOC100996301	99	58	96	89	88	62
FOXD3	35	59	83	46	46	45
MIR6068	0	0	0	0	0	0
ALG6	1018	927	1063	1106	950	792
ITGB3BP	856	722	887	811	752	674
LOC102724319	0	1	0	5	1	1
EFCAB7	459	358	457	412	411	319
DLEU2L	29	24	18	26	21	12
PGM1	3379	2923	3671	3633	3051	2537
ROR1	23	10	16	27	15	6
RP11-24J23.2	0	0	0	0	0	0
UBE2U	0	0	0	0	0	2
CACHD1	275	268	365	354	294	292
LOC101927065	0	3	1	2	2	1
MIR4794	0	0	0	0	0	0
RAVER2	1646	1488	1785	1886	1646	1401
JAK1	7175	6366	7913	7628	6890	5848
RP11-182I10.3	2	1	1	3	0	2
MIR3671	1	2	1	0	1	1
MIR101-1	0	0	0	0	0	0
AK4	4720	4091	5240	4925	4643	3543
DNAJC6	630	608	711	921	802	688
LOC102724416	0	0	4	0	1	0
LEPROT	2955	2687	3120	3064	2711	2200
LEPR	234	187	202	228	208	139
PDE4B	6	2	4	5	7	3
RP11-397C12.1	0	0	0	0	0	0
SGIP1	0	1	0	4	0	1
MIR3117	0	0	0	0	0	0
TCTEX1D1	0	0	0	0	0	0
INSL5	0	0	0	0	0	1
WDR78	57	68	48	60	73	45
MIER1	3037	2565	3130	2902	2732	2391
SLC35D1	1287	1027	1290	1276	1109	896
C1orf141	0	0	0	0	0	0
IL23R	0	0	0	0	0	0
IL12RB2	23	8	23	16	33	13
SERBP1	30749	25718	32904	30405	27492	23078
LOC102724481	0	0	0	0	0	0
GADD45A	419	419	466	613	483	401
GNG12	7115	6343	7403	8149	7580	6191
GNG12-AS1	4	1	5	4	5	5
DIRAS3	20	10	13	28	22	12
WLS	4389	4058	4861	4832	4361	3376
LOC101929986	127	92	141	179	151	117
MIR1262	0	0	0	0	0	0
RPE65	141	122	134	169	161	110
DEPDC1	5805	4616	5987	5679	5118	4304
RP4-694A7.4	28	27	32	27	33	20
LRRC7	13	10	25	24	25	14
PIN1P1	0	0	0	0	0	0
LRRC40	2049	1800	2148	2186	1942	1621
SRSF11	7441	6494	7619	8435	7595	6579
ANKRD13C	2035	1646	2072	2232	2040	1723
HHLA3	319	229	350	357	323	253
LOC102724548	4	3	12	3	7	1
CTH	109	124	120	129	117	90
RP5-952N6.1	0	0	0	0	0	0
LOC102724572	0	0	0	0	0	0
PTGER3	6	3	12	9	11	6
ZRANB2-AS1	36	28	29	32	46	25
ZRANB2	2502	2105	2648	2568	2313	1849
MIR186	16	17	21	34	18	23
ZRANB2-AS2	8	2	10	10	9	2
NEGR1	8	14	18	28	20	15
NEGR1-IT1	0	0	0	0	0	0
RP11-262K1.1	2	0	5	4	1	1
RP4-598G3.1	0	0	0	0	0	0
LRRIQ3	131	103	111	118	97	110
FPGT-TNNI3K	0	0	0	0	0	0
FPGT	667	560	680	725	571	474
TNNI3K	0	0	0	0	0	0
C1orf173	9	5	11	1	3	2
LOC101927320	0	0	0	0	0	0
CRYZ	3800	3168	3906	3984	3432	2885
TYW3	3443	2805	3544	3454	3202	2725
LHX8	13	16	13	5	11	1
SLC44A5	543	444	523	465	487	365
ACADM	3720	3187	3794	3781	3578	2977
RABGGTB	3428	2838	3697	3684	3479	2676
SNORD45C	37	30	44	35	24	20
SNORD45A	28	15	36	33	31	26
SNORD45B	47	33	22	29	28	23
MSH4	12	12	10	26	17	17
ASB17	0	0	0	0	0	0
RP11-550H2.1	0	0	1	3	0	0
ST6GALNAC3	27	45	43	47	42	32
ST6GALNAC5	89	85	95	119	108	59
MIR7156	0	0	0	0	0	0
PIGK	2218	1765	2323	2422	2096	1683
AK5	3	4	4	8	5	5
ZZZ3	3867	3502	4308	4387	3855	3242
USP33	4485	3699	4709	4712	4309	3532
FAM73A	992	887	1116	1215	1077	987
NEXN-AS1	3	6	5	27	20	12
NEXN	743	650	741	734	707	590
FUBP1	7207	6075	7801	6414	5796	5125
DNAJB4	1696	1379	1576	1482	1391	1117
GIPC2	6	3	5	4	6	3
MGC27382	0	0	0	1	0	1
PTGFR	11	16	8	7	7	5
IFI44L	672	604	373	24	46	28
IFI44	2796	2795	2615	189	197	137
ELTD1	0	0	0	0	1	0
RP5-887A10.1	0	0	0	0	0	0
LOC101927458	1	0	0	0	0	0
LPHN2	524	506	546	655	546	461
RP11-170N11.1	4	2	4	2	12	1
LOC101927542	0	0	0	0	0	0
RP11-475O6.1	0	0	0	0	0	0
RP11-475O6.1_1	0	0	0	0	0	0
TTLL7	74	51	86	80	68	53
PRKACB	2256	1793	2284	2334	2266	1802
LOC101927611	0	0	1	0	0	0
LOC101927633	1	0	2	1	2	0
SAMD13	13	15	25	16	12	14
UOX	1	0	0	3	1	0
DNASE2B	0	0	1	0	0	0
LOC101927656	0	0	0	0	1	0
RPF1	1824	1491	2064	1943	1888	1549
GNG5	2312	1970	2491	2268	1978	1794
SPATA1	11	15	5	11	10	10
CTBS	645	575	697	577	570	471
LOC101927773	3	0	7	1	0	0
C1orf180	2	1	2	2	2	2
SSX2IP	2813	2497	3190	3076	2895	2393
LOC102724892	0	2	2	4	1	2
LPAR3	632	614	737	580	498	399
MCOLN2	36	57	58	83	52	41
MCOLN3	323	280	318	341	315	252
WDR63	35	17	20	24	13	18
MIR4423	0	0	0	0	0	0
SYDE2	451	439	506	558	528	376
C1orf52	1088	991	1279	1262	1145	958
BCL10	1806	1424	1831	1868	1736	1364
LOC646626	10	8	9	14	8	10
DDAH1	3540	3244	4080	3799	3369	2734
LOC101930232	4	3	1	3	2	1
CYR61	3672	3364	4226	5504	4626	3739
ZNHIT6	2859	2444	3031	2864	2639	2093
COL24A1	27	41	31	27	22	24
ODF2L	1134	922	1090	1200	1028	888
MIR7856	2	5	2	2	1	5
CLCA2	96	82	64	89	90	73
CLCA1	0	0	0	0	0	0
CLCA4	2	4	2	2	5	1
CLCA3P	2	1	3	1	1	0
SH3GLB1	3648	3184	3847	3749	3517	2925
SEP15	8121	7047	8624	9233	8411	6932
HS2ST1	4350	3718	4485	5002	4790	3709
LINC01140	7	8	6	19	21	16
LOC101927844	0	0	1	0	3	0
LMO4	1183	1111	1418	1089	944	848
RP4-544H6.2	0	0	0	0	0	0
LOC101927871	0	0	0	0	0	0
RP11-76N22.2	7	3	3	5	7	5
PKN2	9413	7970	9828	9633	9048	7503
GTF2B	1410	1166	1470	1613	1466	1259
CCBL2	1476	1202	1636	1612	1339	1100
RBMXL1	1058	823	975	847	820	733
GBP3	128	119	106	122	87	84
GBP1	2007	1623	1757	1395	1275	1034
GBP2	482	453	426	367	346	291
GBP7	18	16	11	11	9	7
GBP4	573	465	393	56	27	43
GBP5	4	4	2	0	0	0
LOC729930	1	0	0	0	1	1
GBP6	1	0	2	0	1	1
GBP1P1	39	31	36	30	26	24
LRRC8B	1991	1722	2158	2318	2072	1827
FLJ27354	16	6	17	15	11	12
LRRC8C	1277	1057	1254	1318	1120	945
LOC102723361	2	1	5	7	6	5
LOC101927952	6	2	2	2	1	2
LOC101927933	0	0	0	0	0	1
LOC101927975	1	1	4	2	0	0
LRRC8D	1699	1479	1865	1595	1389	1024
GEMIN8P4	109	97	120	132	100	95
ZNF326	2608	2107	2524	2527	2262	2008
BARHL2	0	0	1	0	0	0
LOC149351	80	52	82	43	47	43
ZNF644	5588	4554	5772	6163	5887	4853
LOC102723410	3	2	0	2	4	0
HFM1	2	6	4	5	8	8
CDC7	3165	2709	3461	3341	2977	2441
LOC102723436	1	0	0	0	0	0
TGFBR3	266	275	306	384	363	243
BRDT	0	0	0	1	1	0
EPHX4	113	120	154	123	87	97
SETSIP	104	156	117	123	111	197
BTBD8	56	56	68	85	71	47
KIAA1107	357	300	340	333	290	250
C1orf146	3	4	3	5	4	2
GLMN	920	807	909	1045	1024	844
RPAP2	1083	984	1176	1295	1082	927
GFI1	118	94	132	122	131	120
EVI5	1140	955	1233	1332	1259	877
RPL5	34778	30038	38324	36018	31880	27404
FAM69A	612	584	737	529	517	387
SNORD21	4	6	15	9	2	5
SNORA66	8	24	16	21	9	12
MTF2	2162	1825	2230	2315	2165	1814
TMED5	4506	3660	4456	4164	4134	3242
CCDC18	1485	1262	1605	1646	1433	1234
LOC100131564	255	200	229	207	183	177
DR1	4420	3798	4533	4586	4046	3345
FNBP1L	3720	3127	3872	3849	3494	3059
TRNAC-GCA	5	0	1	5	1	3
BCAR3	2048	1874	2266	2126	1885	1367
RP5-1033H22.2	11	9	7	10	12	13
LOC102723480	18	16	25	24	17	14
MIR760	0	0	0	0	0	0
TRNAR15	0	3	3	2	1	5
DNTTIP2	4108	3401	4443	4679	4207	3505
GCLM	4102	3415	4274	4180	3731	3083
ABCA4	2	3	2	4	6	5
ARHGAP29	8958	8306	10645	10867	9895	7983
LOC100505940	0	1	3	10	7	4
ABCD3	4863	4141	5197	6065	5360	4435
F3	31292	26928	33921	32070	29089	23506
LOC102723542	167	114	170	154	159	129
LINC01057	115	104	142	129	129	102
MIR378G	0	0	1	0	1	0
SLC44A3	1128	911	1116	1179	1033	859
CNN3	6586	5733	7276	8443	7343	6134
RP4-639F20.1	34	29	39	63	46	27
ALG14	524	454	595	604	522	421
LOC101928098	0	0	0	2	0	0
TMEM56	2517	2226	2514	2697	2588	2033
TMEM56-RWDD3	21	21	18	24	23	16
RP11-57H12.3	12	5	8	9	6	8
RWDD3	319	316	341	311	342	247
LOC100996630	0	0	0	2	0	0
LOC101928169	0	0	1	1	0	0
FLJ31662	0	0	1	0	0	0
RP11-286B14.1	5	4	1	4	3	6
LOC101928219	0	2	6	0	3	2
LOC102723661	0	1	0	0	0	0
RP5-898J17.1	0	0	0	0	0	0
PTBP2	1300	1136	1273	1271	1194	1024
DPYD	784	642	666	497	510	381
DPYD-AS1	0	0	0	0	1	0
DPYD-AS2	0	0	0	0	1	0
LOC102723700	0	0	0	0	0	0
MIR137HG	0	0	0	0	1	0
MIR2682	0	0	0	0	0	0
MIR137	0	0	0	0	0	0
RP5-1070A16.1	0	1	1	5	0	2
SNX7	1882	1637	1974	1721	1603	1249
LPPR5	6	7	5	14	14	18
RP5-896L10.1	1	0	0	0	0	0
LPPR4	9	6	12	17	18	10
RP11-413P11.1	0	0	0	0	0	0
PALMD	9	13	6	10	7	14
FRRS1	2099	1899	2294	1937	1834	1421
AGL	3079	2491	3065	3202	2867	2287
LOC101930120	0	0	0	1	0	0
SLC35A3	4678	3944	4674	4229	3902	3019
HIAT1	6722	5998	6685	4818	4372	3598
SASS6	2580	2165	2648	2456	2279	1903
TRMT13	1146	951	1106	1121	935	882
LRRC39	27	26	19	32	21	27
DBT	4623	4016	4612	4827	4299	3308
RP11-305E17.6	29	11	35	27	40	33
RTCA	2336	1869	2415	2366	1970	1652
MIR553	1	3	0	1	1	1
CDC14A	392	332	351	340	338	233
GPR88	0	0	0	1	0	0
RP11-84O12.4	0	0	0	0	0	0
VCAM1	0	0	1	1	3	0
EXTL2	852	745	933	1008	883	642
SLC30A7	2978	2579	3232	3324	2971	2269
DPH5	1318	1092	1311	1300	1127	943
LOC102606465	130	112	137	133	108	86
LOC101928334	0	0	0	0	0	0
LOC101928370	1	0	0	0	0	2
S1PR1	10	9	5	8	6	7
LOC102723784	0	0	0	0	0	0
OLFM3	1	0	0	0	0	2
DNAJA1P5	1	0	0	0	0	0
COL11A1	46	40	54	34	54	31
LOC101928436	4	1	2	2	8	4
RNPC3	680	558	694	694	703	629
AMY2B	77	68	60	69	61	48
ACTG1P4	12	16	8	13	3	8
AMY2A	0	0	0	1	2	0
AMY1A	0	0	0	0	0	0
AMY1B	0	0	0	1	0	0
AMY1C	0	0	0	0	0	0
LOC100129138	2	0	0	0	1	0
RP11-251P6.1	0	0	0	0	0	0
PRMT6	1297	1186	1458	1253	1111	986
NTNG1	14	19	16	17	14	14
LOC102724829	0	0	0	0	0	0
VAV3	771	580	668	599	496	416
MIR7852	0	0	0	0	0	0
VAV3-AS1	0	0	0	0	0	0
SLC25A24	4546	3970	4969	4566	4232	3432
NBPF4	0	0	0	0	0	0
LOC400768	0	0	0	0	0	0
NBPF6	0	0	0	0	0	0
FAM102B	2049	1755	2227	2017	1782	1447
HENMT1	1738	1413	1812	1808	1607	1378
PRPF38B	9591	7936	9352	9541	8676	7439
FNDC7	2	6	2	23	40	37
STXBP3	3077	2808	3307	3377	3200	2686
AKNAD1	0	2	4	5	6	12
SPATA42	0	2	0	0	0	0
GPSM2	4225	3673	4608	3614	3285	2608
CLCC1	3583	2969	3616	3666	3408	2605
WDR47	2086	1859	2346	2414	2162	1688
TAF13	997	897	1128	1368	1130	1001
TMEM167B	2218	2009	2297	2150	1831	1446
SCARNA2	26	17	33	31	25	22
C1orf194	4	1	5	3	3	3
KIAA1324	154	158	165	237	232	169
SARS	11247	10145	12861	11811	10050	8503
CELSR2	18432	16979	19756	18194	16039	12459
PSRC1	1759	1531	2066	1524	1259	1032
MYBPHL	1	2	2	4	9	2
SORT1	8785	7156	9394	9606	8572	6925
PSMA5	7667	6798	8605	8431	7434	6184
SYPL2	17	10	13	19	13	8
ATXN7L2	370	324	420	427	392	319
CYB561D1	1253	1146	1319	1236	1097	838
AMIGO1	249	239	288	275	224	232
GPR61	3	2	4	2	3	8
LOC101928560	16	11	11	24	10	18
GNAI3	9828	8677	10933	10564	9727	7771
MIR197	7	0	9	2	4	5
GNAT2	46	38	40	91	92	39
AMPD2	1412	1225	1599	1553	1323	1052
GSTM4	615	509	609	658	564	495
GSTM2	9	7	5	4	1	8
GSTM1	0	1	1	1	0	0
GSTM5	0	0	0	0	0	0
GSTM3	48	54	55	56	58	34
EPS8L3	2	2	0	0	0	1
CSF1	423	414	519	429	366	302
AHCYL1	10117	9003	11268	10467	9347	7809
STRIP1	1626	1507	1721	1859	1521	1377
ALX3	149	118	137	122	114	81
UBL4B	6	9	2	2	5	6
SLC6A17	118	146	181	174	203	136
KCNC4-AS1	6	1	2	0	0	1
KCNC4	234	183	261	243	182	165
RP5-1074L1.1	20	17	18	17	30	16
RBM15	1844	1549	2064	1764	1649	1326
SLC16A4	90	84	90	112	94	92
LAMTOR5	2679	2479	2936	2927	2500	2275
LAMTOR5-AS1	11	3	6	17	8	6
PROK1	1	1	1	1	3	3
CYMP	1	1	0	4	0	0
LOC440602	0	0	0	0	0	1
KCNA10	0	0	0	0	0	0
KCNA2	0	0	1	1	1	0
KCNA3	0	0	0	0	0	0
CD53	3	1	4	12	7	9
LRIF1	1900	1632	1950	1882	1674	1537
DRAM2	2330	2027	2519	2108	1770	1525
CEPT1	2139	1727	2132	2096	1928	1592
DENND2D	1711	1297	1646	1583	1299	1149
CHI3L2	0	0	0	0	1	0
CHIAP2	0	0	0	1	0	0
CHIA	1	0	0	1	1	1
PIFO	20	26	13	34	22	13
PGCP1	0	0	0	0	0	2
OVGP1	49	32	44	60	53	38
WDR77	3236	2880	3610	3641	3182	2561
ATP5F1	10944	9386	12343	12509	11047	8884
C1orf162	1	5	7	19	5	8
ADORA3	0	0	0	0	1	1
LINC01160	4	0	1	5	4	4
RAP1A	4128	3581	4267	4181	4091	3445
FAM212B	223	192	229	247	246	178
FAM212B-AS1	0	0	1	2	0	0
LOC101928718	0	2	0	3	2	1
DDX20	1840	1540	2106	2089	1862	1486
KCND3	1	0	3	0	5	3
KCND3-IT1	0	0	0	0	0	0
LOC643355	0	0	0	0	0	0
LOC101928754	0	0	1	0	0	0
CTTNBP2NL	2870	2282	2842	3100	2855	2251
MIR4256	1	0	2	0	1	2
WNT2B	32	26	35	45	34	26
ST7L	724	575	701	741	622	537
CAPZA1	23453	19981	25302	24831	22801	19731
MOV10	3241	2910	3634	3341	2857	2357
RHOC	4081	3775	4811	4820	4118	3367
PPM1J	143	137	136	145	123	98
FAM19A3	34	44	43	72	33	33
LOC128322	0	0	0	1	0	0
RP11-426L16.8	172	176	193	160	172	107
SLC16A1	14443	12595	15376	15292	14036	11315
AKR7A2P1	19	17	17	27	17	13
SLC16A1-AS1	94	89	96	95	78	70
LOC101930375	28	23	31	36	23	11
RP11-31F15.2	21	20	34	33	28	22
LRIG2	1090	889	1268	1216	1112	918
LOC102723919	225	207	205	273	196	164
LOC643441	0	2	1	2	4	1
MAGI3	2113	1747	2115	2371	2125	1801
PHTF1	567	475	558	831	646	577
RSBN1	1794	1625	2041	1758	1589	1349
PTPN22	0	0	3	5	1	5
RP5-1073O3.2	0	0	0	0	0	0
AP4B1-AS1	14	12	23	27	29	15
BCL2L15	6	7	8	13	9	14
AP4B1	393	338	428	505	442	328
DCLRE1B	1256	1143	1489	1491	1281	1056
RP5-1073O3.7	7	9	10	14	17	12
HIPK1	9215	8083	10103	9753	9028	7106
OLFML3	0	0	0	0	1	4
SYT6	0	0	0	1	0	0
TRIM33	6737	5814	6937	6989	6560	5425
LOC101928890	4	7	3	6	8	7
BCAS2	2830	2377	2968	3270	2929	2688
DENND2C	675	624	784	759	655	595
AMPD1	9	6	12	44	38	31
NRAS	12265	10980	13346	13240	12363	10060
CSDE1	65231	56296	73171	77898	70864	60184
SIKE1	4729	4162	4897	4863	4550	3702
SYCP1	2	1	0	0	0	0
TSHB	0	0	0	0	0	0
TSPAN2	43	39	44	63	49	35
NGF	0	0	1	0	1	2
VANGL1	4508	4014	4915	4650	4161	3327
CASQ2	0	0	2	0	1	1
NHLH2	14	12	6	11	13	6
LOC101928977	0	1	1	1	1	0
SLC22A15	466	381	381	451	415	331
MAB21L3	8	4	11	6	9	5
ATP1A1	26969	23270	29497	27795	25245	20498
ATP1A1OS	128	94	142	135	123	101
RP4-655J12.4	1	3	4	4	3	0
CD58	920	869	1009	907	810	734
MIR548AC	0	0	6	4	1	2
IGSF3	2470	2437	3046	3188	2777	2275
MIR320B1	0	0	0	0	0	0
C1orf137	0	0	0	0	0	0
CD2	0	0	0	0	0	0
PTGFRN	9577	8773	10887	9798	8844	6873
CD101	118	96	96	102	111	72
RP11-27K13.3	55	40	63	42	52	39
TTF2	5208	4663	5679	5019	4450	3801
MIR942	0	0	0	1	2	1
TRIM45	353	317	342	391	353	296
VTCN1	4	8	7	23	11	7
MAN1A2	6632	5481	6957	7094	6847	5971
FAM46C	106	55	74	159	139	120
GDAP2	1680	1433	1844	1840	1771	1298
WDR3	4487	3920	4933	4581	4149	3303
SPAG17	12	17	11	26	14	16
TBX15	25	17	33	32	27	10
WARS2	1056	927	1208	1121	1046	883
RP11-418J17.1	43	45	52	51	52	40
HAO2	0	0	0	0	0	0
HAO2-IT1	0	0	0	0	0	0
HSD3B2	0	0	0	0	0	1
HSD3B1	0	0	0	0	0	0
HSD3BP4	2	2	1	7	2	1
LINC00622	3	5	2	5	8	5
ZNF697	306	288	337	313	273	267
PHGDH	10953	9886	12613	10157	8881	7118
HMGCS2	0	1	0	1	0	0
REG4	0	0	0	0	0	0
NBPF7	0	0	0	1	0	1
ADAM30	0	0	0	1	1	3
NOTCH2	15300	13716	17201	15922	14289	11398
LOC101929178	0	1	0	3	2	2
SEC22B	2775	2207	2781	2897	2575	2175
LOC100996723	7	9	13	15	5	6
LOC101929786	37	27	22	29	19	18
LOC101929788	0	0	0	0	0	0
NBPF8	506	508	611	543	430	412
PFN1P2	36	34	36	37	29	26
LOC102724372	5	3	8	12	5	10
LOC100996724	704	663	762	762	645	567
LOC101929792	55	49	59	74	65	63
LOC101929796	72	65	66	70	87	66
LOC102724282	0	0	0	2	0	0
NBPF26	381	341	403	426	369	336
TRNAN5	0	1	1	0	0	0
RNVU1-19	4	3	5	5	1	2
PPIAL4B	4	9	6	6	8	3
LINC00623	201	133	177	158	134	120
RNVU1-4	3	4	2	1	5	4
TRNAN22	1	0	0	0	0	0
LINC00623_1	2	5	0	0	1	0
LOC100996721	0	0	0	0	0	0
TRNAG-CCC_1	0	0	0	0	2	0
TRNAV-CAC	0	0	0	0	0	0
LOC101929798	0	0	0	0	0	0
TRNAN-GUU_1	0	0	0	0	0	0
FCGR1B	1	0	0	3	2	5
LOC100996318	3	0	5	0	4	0
HIST2H2BA	3	4	6	2	4	2
FAM72B	547	455	592	448	371	343
LOC102724451	4	3	3	3	4	5
SRGAP2C	430	345	466	434	378	337
SRGAP2-AS1	3	1	2	1	3	1
EMBP1	99	146	139	131	120	99
LOC101929814	0	0	0	0	0	0
LOC100996735	9	5	13	11	15	5
LOC101929815	0	0	0	0	0	0
LOC101927452	0	0	0	0	0	0
NBPF23P	0	0	0	0	0	0
TRNAQ20	0	0	0	0	0	0
RNVU1-17	0	0	0	0	0	0
RNVU1-18	0	0	0	0	0	0
LOC101929561	1	0	0	0	0	1
TRNAN3	0	0	0	0	0	0
LOC388692	5	3	2	1	2	3
TRNAV16	0	0	0	1	0	0
TRNAV25	0	0	0	0	0	0
RP11-353N4.5	0	0	0	0	0	0
TRNAN29	0	0	0	0	0	0
FCGR1C	0	0	0	0	0	0
LOC100996713	0	0	0	0	0	0
FAM72C	100	62	99	86	78	66
SRGAP2D	162	161	167	186	133	113
LOC102724504	0	1	0	1	1	0
LOC101929803	0	0	0	0	0	0
LOC100996732	1	0	2	0	2	0
LOC101927333	0	0	0	0	0	0
PPIAL4E	0	0	0	0	0	0
RNVU1-15	0	0	0	0	1	0
TRNAN27	0	0	0	0	0	0
NBPF15	236	191	205	235	203	167
TRNAN15	0	0	0	0	0	0
PPIAL4F	1	1	0	0	0	1
LOC101929826	0	0	0	0	0	0
LOC101927429	0	0	0	1	0	0
RP11-14N7.2	5	6	8	1	2	7
SRGAP2B	147	148	141	143	138	130
LOC102724255	0	0	1	0	5	2
FAM72D	202	164	203	174	162	138
TRNAN-GUU_2	0	0	0	0	0	0
LOC101929805	1	2	1	0	1	1
TRNAV-CAC_1	0	0	1	1	0	0
TRNAV-CAC_2	1	0	0	0	0	0
LOC102724235	21	11	16	16	13	13
LOC100996741	13	6	17	14	9	6
LOC100996740	10	5	5	9	5	5
PPIAL4D	0	0	0	0	0	0
RNVU1-14	8	4	6	0	4	3
TRNAN1	0	0	0	0	0	0
NBPF20	115	90	144	163	163	137
TRNAQ-CUG	0	0	0	0	0	0
TRNAN-GUU_3	0	0	0	0	0	0
LOC102724173	0	1	0	0	0	0
LOC101060254	0	1	0	1	1	1
NBPF25P	34	29	34	36	29	25
GPR89A	140	122	134	158	150	97
PDZK1	15	8	11	18	12	14
CD160	11	5	12	12	12	5
RNF115	662	582	782	783	730	588
POLR3C	726	595	760	743	673	581
NUDT17	27	21	36	23	21	34
PIAS3	743	641	905	799	701	611
MIR6736	0	0	0	0	0	0
ANKRD35	0	4	4	3	7	1
ITGA10	22	15	12	34	20	19
PEX11B	603	569	658	777	641	521
GNRHR2	19	14	19	25	11	16
RBM8A	3623	3027	3994	4121	3928	3156
LIX1L	591	497	621	620	521	409
POLR3GL	287	252	308	271	239	189
ANKRD34A	31	24	22	35	36	12
TXNIP	3980	3600	4164	4086	3663	2876
HFE2	0	0	0	0	0	0
TRNAE21	0	0	0	0	0	0
TRNAG11	0	0	0	0	0	0
TRNAH4	0	0	0	0	0	1
TRNAK20	0	0	0	0	0	0
RNVU1-6	3	3	4	6	0	1
RP11-458D21.1	35	25	31	39	37	18
NBPF10	75	44	75	71	76	67
NOTCH2NL	105	94	111	112	101	52
NUDT4P2	0	1	0	0	0	0
LOC102724364	13	20	14	26	33	21
TRNAN-GUU_4	0	1	0	0	1	0
LOC100996756	4	0	1	1	2	0
LOC102724558	0	0	0	0	0	1
LOC102724573	0	0	0	0	0	0
HYDIN2	5	6	9	13	7	3
NBPF12	326	258	310	298	304	308
LOC101929781	0	0	1	3	0	1
LOC728989	1	1	2	1	3	0
TRNAH10	0	0	0	0	0	0
NBPF13P	0	0	3	0	0	0
PRKAB2	868	773	935	855	717	674
CHD1L	1461	1347	1682	1511	1379	1096
PDIA3P1	234	241	253	233	221	242
FMO5	37	41	43	38	29	31
LINC00624	1	2	1	3	1	0
BCL9	503	396	476	488	457	367
ACP6	201	205	263	260	171	154
LOC102723321	0	0	0	0	0	0
GJA5	0	0	0	0	0	0
GJA8	0	0	0	0	0	0
GPR89B	74	64	87	82	88	77
TRNAQ13	0	0	0	0	0	0
RNVU1-7	1	0	1	1	0	0
TRNAN19	0	0	0	0	0	0
NBPF11	157	153	175	240	167	141
LOC100505824	0	0	0	0	2	1
LOC101929257	0	0	0	0	0	0
RP4-565E6.1	0	0	1	0	0	0
TRNAQ8	0	0	0	1	3	0
LOC284561	4	3	5	10	3	1
TRNAH9	0	0	0	0	0	0
LOC101929325	1	0	2	0	1	2
TRNAH7	0	0	0	0	0	0
TRNAQ3	0	0	1	2	0	0
MIR5087	0	0	1	0	0	0
LOC102724893	2	0	0	0	0	1
RNVU1-10	1	6	5	3	2	3
MIR6077-2	1	0	0	1	0	0
RP6-206I17.2	19	17	18	22	22	22
RNVU1-3	4	2	3	4	5	1
LINC01138	82	67	72	67	57	41
PPIAL4G	1	5	1	2	4	1
TRNAN5_1	0	0	0	0	0	1
NBPF14	173	126	145	160	163	152
LOC100996763	117	98	158	110	85	76
NUDT4P1	0	0	2	0	3	1
LOC100996517	11	13	14	14	13	9
PDE4DIP	816	658	834	865	750	636
LOC101929787	1	1	1	0	1	0
NBPF9	230	190	239	235	173	171
LOC101060398	70	64	83	79	59	56
LOC101929790	0	4	0	0	0	0
LOC102723348	0	0	0	0	0	0
LOC730257	16	11	17	15	10	18
LOC653513	2	0	2	1	4	0
LOC100996761	0	0	1	1	0	0
LOC102723367	0	0	0	0	0	0
LOC100996716	39	41	32	33	27	50
LOC100996717	31	16	26	23	15	27
LOC102723816	0	0	0	0	0	0
NBPF19	338	297	367	347	312	279
TRNAN-GUU_5	2	0	0	1	0	0
PPIAL4C	0	1	0	0	0	1
LOC102723863	34	25	43	28	35	22
LOC642441	7	15	17	12	9	10
LINC00869	0	3	0	2	2	1
TRNAN22_1	0	0	0	0	0	0
LOC101927520	2	3	1	2	1	1
FAM231D	0	0	0	0	0	0
TRNAV22	0	0	0	0	0	0
LOC102723955	0	0	0	0	0	0
TRNAN8	0	0	0	0	0	0
HIST2H2BF	85	43	78	79	66	17
FCGR1A	17	14	6	6	12	3
LOC101927767	13	8	24	10	7	11
HIST2H3D	9	5	2	6	5	4
HIST2H4A	2	2	3	3	6	4
HIST2H3C	0	0	0	0	1	0
HIST2H2AA3	3	4	2	4	2	2
HIST2H2BC	19	14	19	23	17	12
HIST2H2AA4	3	5	2	7	1	7
HIST2H3A	0	0	0	0	2	0
HIST2H4B	10	10	6	3	9	11
HIST2H2BE	320	237	323	261	248	196
HIST2H2AC	49	34	41	32	34	18
HIST2H2AB	16	12	8	10	12	8
BOLA1	141	123	170	164	109	84
SV2A	6	4	2	1	1	1
SF3B4	4028	3476	4448	4308	3811	3104
MTMR11	214	183	259	214	185	166
OTUD7B	1419	1272	1556	1495	1359	1144
VPS45	1262	1009	1276	1178	1123	938
PLEKHO1	44	33	53	31	41	27
ANP32E	7508	5938	7805	7195	6542	5485
CA14	33	34	34	43	45	42
APH1A	4138	3638	4536	4416	3799	2834
C1orf54	4	5	0	5	4	6
C1orf51	1	5	3	7	5	7
MRPS21	186	161	227	209	172	144
PRPF3	2282	1892	2363	2279	2030	1807
RPRD2	3317	2853	3545	3870	3390	2838
TARS2	930	779	1073	1177	934	779
MIR6878	1	0	0	0	0	0
ECM1	34	36	39	57	64	42
LINC00568	0	1	1	2	2	4
ADAMTSL4	23	14	30	35	26	21
MIR4257	0	0	0	0	1	0
ADAMTSL4-AS1	2	6	2	10	6	2
MCL1	10261	8755	10257	9489	8701	7042
ENSA	5253	4339	5560	6029	5071	4505
LOC102724012	5	6	10	11	5	3
GOLPH3L	1553	1307	1666	1657	1444	1216
HORMAD1	55	40	57	65	44	41
CTSS	508	424	428	409	335	318
CTSK	35	38	54	44	36	31
ARNT	1807	1489	1987	1936	1764	1359
LOC100996521	1	0	0	1	0	0
SETDB1	1416	1109	1500	1520	1372	1101
CERS2	3673	3167	3971	4015	3512	2923
ANXA9	131	145	206	168	149	138
FAM63A	404	311	322	356	343	256
PRUNE	911	800	1043	1017	979	761
BNIPL	23	17	18	21	18	17
C1orf56	92	92	106	89	76	58
CDC42SE1	3625	3040	3693	3749	3332	2764
MLLT11	939	775	961	1061	1011	764
GABPB2	318	240	314	327	325	230
SEMA6C	44	47	36	60	47	36
TNFAIP8L2-SCNM1	0	0	0	0	0	0
TNFAIP8L2	0	2	3	0	0	1
LYSMD1	224	173	238	259	187	166
SCNM1	7	2	6	10	6	12
TMOD4	19	22	8	14	3	12
VPS72	1008	784	1045	969	852	813
PIP5K1A	4291	3632	4880	5103	4504	3630
PSMD4	2822	2470	3047	3173	2775	2469
LOC100507670	4	3	2	3	4	3
ZNF687	1289	1171	1329	1285	1118	849
PI4KB	1868	1670	2043	2083	1729	1485
RFX5	1957	1667	2145	2080	1899	1636
LOC101927886	7	5	11	5	7	5
SELENBP1	30	29	33	43	48	32
PSMB4	3864	3304	4234	4550	3789	3343
POGZ	3561	2902	3579	3728	3274	2689
CGN	408	373	487	643	550	431
TUFT1	536	445	579	899	764	641
MIR554	0	0	1	0	0	0
SNX27	1786	1533	1956	1840	1690	1197
CELF3	2	1	2	2	4	2
RIIAD1	0	0	0	0	0	2
MRPL9	1100	942	1151	1189	1121	920
OAZ3	15	13	8	19	24	17
TDRKH	305	268	295	362	331	277
LOC101927929	10	8	15	14	9	5
LINGO4	1	0	0	0	0	0
RORC	6	3	4	8	8	7
C2CD4D	8	8	10	18	7	4
LOC100132111	10	10	8	33	10	21
THEM5	24	13	27	28	31	18
THEM4	369	280	386	469	337	325
S100A10	11988	10114	12561	14781	13173	11941
NBPF18P	1	8	5	8	6	11
S100A11	5570	4961	6047	6275	5462	4687
LOC101927949	0	4	2	2	1	1
LOC100131107	0	0	1	0	0	2
TCHHL1	18	10	13	62	66	65
TCHH	47	28	42	50	38	40
RPTN	1	2	0	0	0	2
HRNR	25	27	25	76	49	68
FLG	32	34	47	71	65	54
FLG-AS1	24	13	13	32	35	19
FLG2	4	3	3	2	2	4
CRNN	0	0	0	0	1	1
LCE5A	0	0	0	0	0	0
CRCT1	0	0	0	0	2	0
LCE3E	0	1	0	0	0	0
LCE3D	0	0	0	0	0	0
LCE3C	0	0	0	1	0	0
LCE3B	0	0	0	0	0	0
LCE3A	0	0	0	0	0	0
LCE2D	0	0	0	0	0	0
LCE2C	0	0	0	0	0	0
LCE2B	0	0	0	0	0	0
LCE2A	0	0	0	0	0	0
LCE4A	0	0	0	0	0	0
C1orf68	0	0	0	0	2	0
KPRP	0	1	0	1	0	1
LCE1F	0	0	0	1	0	0
LCE1E	0	0	0	4	2	1
LCE1D	0	0	0	0	0	0
LCE1C	0	0	0	1	3	1
LCE1B	2	0	0	0	0	1
LCE1A	0	0	0	0	0	0
LCE6A	0	0	0	0	0	0
SMCP	0	0	0	0	2	0
IVL	3	1	5	11	7	9
LOC101927988	0	0	0	0	0	0
SPRR4	3	6	3	5	4	2
SPRR1A	6	4	6	24	28	29
SPRR3	0	0	0	3	0	0
SPRR1B	31	27	46	91	87	84
SPRR2D	0	1	0	4	4	3
SPRR2A	2	3	0	8	4	3
SPRR2B	0	0	0	0	0	0
SPRR2E	0	2	0	0	2	0
SPRR2F	0	0	0	0	0	1
SPRR2C	0	1	0	0	2	2
SPRR2G	0	0	0	2	2	0
RP1-140J1.1	1	0	0	0	1	1
LELP1	0	0	0	0	0	0
PRR9	0	0	0	0	0	2
LOR	0	0	0	0	0	1
PGLYRP3	0	5	2	0	1	2
PGLYRP4	4	3	2	0	4	3
S100A9	268	229	197	357	331	385
S100A12	0	0	0	1	0	1
S100A8	27	17	3	23	26	19
S100A7A	0	0	0	0	0	0
S100A7L2	0	0	0	0	0	0
S100A7	10	2	1	1	5	15
S100A6	3472	3136	3907	3888	3262	2770
S100A5	2	0	0	3	4	0
S100A4	171	130	132	199	159	144
S100A3	63	54	71	89	78	59
S100A2	14745	14274	17150	15970	13901	11522
S100A16	3520	3212	4001	4043	3653	2973
S100A14	4048	3690	4494	4152	3518	3052
S100A13	697	689	807	912	783	693
S100A1	19	12	15	33	16	17
CHTOP	2661	2290	2907	2941	2600	2121
SNAPIN	555	507	653	679	540	471
ILF2	8290	7183	9222	9094	8162	7008
TRNAM3	0	0	0	0	0	0
NPR1	86	65	90	103	97	74
MIR8083	0	0	0	3	0	0
INTS3	0	0	0	3	0	0
SLC27A3	0	0	0	0	0	0
GATAD2B	78	56	111	90	62	61
LOC101928059	9	6	12	11	1	3
DENND4B	1343	1129	1407	1419	1231	926
CRTC2	797	712	931	866	831	656
SLC39A1	5143	4474	5795	5952	5173	4319
MIR6737	0	0	0	0	0	0
CREB3L4	207	195	226	229	225	155
JTB	2451	2060	2635	2549	2254	1766
RAB13	1591	1404	1824	2122	1854	1740
RPS27	9956	8784	11361	10819	8993	8131
NUP210L	9	4	10	15	11	9
MIR5698	0	0	0	0	0	0
TPM3	16825	14416	18471	18313	16585	13957
MIR190B	0	0	0	0	0	0
C1orf189	2	3	2	2	5	6
C1orf43	5657	4842	6184	6000	5346	4274
UBAP2L	7041	5970	7310	7297	6617	5490
HAX1	1787	1520	2067	2103	1776	1491
AQP10	0	0	1	0	0	0
ATP8B2	438	435	537	458	444	323
LOC101928101	2	2	1	4	6	5
IL6R	517	481	615	647	615	507
SHE	8	9	6	26	18	9
TDRD10	0	0	2	5	1	3
UBE2Q1	2446	2055	2730	2975	2575	2291
CHRNB2	3	1	0	5	7	2
ADAR	15594	13782	16291	14390	13227	10580
KCNN3	4	8	4	5	8	8
PMVK	305	256	336	299	223	201
PBXIP1	516	433	461	533	455	420
PYGO2	1923	1741	2114	1984	1822	1340
LOC101928120	9	3	11	5	9	5
SHC1	3363	2907	3438	3776	3380	2740
CKS1B	2294	1837	2470	2560	2106	1843
MIR4258	12	6	17	5	5	5
FLAD1	560	472	559	583	508	416
LENEP	1	5	1	4	0	2
ZBTB7B	986	954	1118	1115	887	779
DCST2	10	15	17	8	6	5
DCST1	6	9	5	10	6	3
RP11-307C12.11	18	13	20	14	17	11
ADAM15	2106	1828	2230	2239	1942	1488
EFNA4	121	116	134	119	92	91
EFNA3	72	62	62	79	55	30
EFNA1	502	385	514	585	541	443
SLC50A1	1080	960	1337	1238	1017	867
DPM3	203	181	215	173	135	110
KRTCAP2	840	718	1016	847	786	623
TRIM46	5	9	7	21	13	11
MUC1	273	222	257	371	281	261
MIR92B	3	2	1	1	0	0
THBS3	179	172	199	167	189	132
MTX1	448	353	478	512	399	383
GBAP1	8	19	11	13	13	6
GBA	12	10	23	10	18	16
FAM189B	0	0	0	1	0	0
SCAMP3	0	0	0	0	1	0
CLK2	0	1	0	0	0	0
HCN3	0	0	0	0	0	0
PKLR	2	0	1	1	3	0
FDPS	3597	3272	4068	4192	3707	3003
RUSC1-AS1	1	5	3	2	2	0
RUSC1	1135	1043	1312	1340	1126	963
ASH1L	4666	3997	4884	5458	5128	4181
MIR555	0	0	0	0	0	0
POU5F1P4	0	0	1	2	4	1
ASH1L-AS1	62	72	73	60	60	30
MSTO1	279	239	306	319	232	231
YY1AP1	2539	2110	2689	2661	2277	1944
DAP3	2383	2203	2767	2736	2530	2005
MSTO2P	57	57	77	76	55	54
GON4L	1627	1364	1718	1685	1570	1432
SYT11	3	8	9	9	10	4
RIT1	976	819	1028	1090	970	834
KIAA0907	1971	1743	2034	2044	1796	1407
SNORA42	2	3	1	3	0	0
SCARNA4	6	3	7	3	2	2
RXFP4	0	0	2	1	1	3
ARHGEF2	1015	783	1098	1256	1028	905
MIR6738	0	0	0	0	0	0
SSR2	2746	2272	3012	3131	2738	2139
UBQLN4	1812	1488	1992	1954	1726	1338
LAMTOR2	607	505	562	546	470	410
RAB25	1358	1231	1459	1418	1257	986
MEX3A	240	231	265	244	226	174
LMNA	7806	6749	8761	8203	6836	5573
SEMA4A	1333	1055	1372	1363	1219	1104
SLC25A44	1339	1068	1374	1540	1358	1041
PMF1-BGLAP	0	0	0	0	0	0
PMF1	235	191	308	292	225	236
BGLAP	0	2	0	0	3	0
PAQR6	125	109	145	175	125	130
SMG5	4379	3789	4837	5042	4314	3438
TMEM79	623	580	749	889	698	631
C1orf85	255	242	295	302	260	231
VHLL	0	0	0	0	2	0
CCT3	14442	12362	15983	15816	13985	11551
TSACC	23	26	24	47	32	37
RHBG	3	4	1	4	3	2
C1orf61	25	28	29	32	26	28
MIR9-1	0	0	0	0	0	0
MEF2D	1442	1151	1558	1499	1498	1243
LOC102724180	0	0	0	0	0	0
IQGAP3	1675	1441	1908	1532	1309	1128
TTC24	1	0	0	1	1	1
APOA1BP	1685	1381	1914	1765	1515	1252
GPATCH4	1538	1291	1629	1674	1580	1343
LOC101928177	1	2	0	0	0	0
HAPLN2	2	5	3	2	4	3
BCAN	20	17	27	25	19	9
NES	119	84	136	194	171	162
CRABP2	1076	953	1127	1079	1014	850
ISG20L2	1816	1733	2000	2103	1862	1522
RRNAD1	487	450	533	520	421	352
MRPL24	955	836	1085	954	847	718
HDGF	19177	16485	20886	20587	18352	15825
LOC102724206	2	4	4	4	4	4
PRCC	2447	1945	2551	2630	2329	1991
SH2D2A	5	2	6	0	3	2
NTRK1	1	0	1	2	1	1
INSRR	2	0	0	1	2	1
PEAR1	248	224	291	360	323	265
LRRC71	9	6	12	14	18	9
ARHGEF11	2383	2014	2665	2710	2441	1979
MIR765	0	1	1	0	0	0
LOC102724222	0	0	0	0	0	0
ETV3L	0	0	0	0	0	1
ETV3	1349	1137	1412	1298	1244	971
CYCSP52	3	1	2	3	2	4
RP11-85G21.2	0	0	0	0	0	0
FCRL5	0	0	0	0	0	0
FCRL4	0	0	0	0	0	0
FCRL3	0	0	0	0	0	0
FCRL2	0	0	0	0	0	0
FCRL1	0	0	0	0	0	0
CD5L	0	0	0	0	0	0
KIRREL	2070	1821	2322	2207	2008	1616
RP11-404O13.1	0	2	0	0	0	0
CD1D	2	0	3	1	0	0
CD1A	0	0	0	0	0	0
CD1C	0	0	0	0	0	0
CD1B	0	0	0	0	0	0
CD1E	0	0	0	0	0	0
OR10T2	0	0	0	0	0	0
OR10K2	0	0	0	0	0	0
OR10K1	0	0	0	0	0	0
OR10R2	0	0	0	0	0	0
OR6Y1	0	0	0	0	0	0
OR6P1	0	0	0	0	0	0
OR10X1	0	0	0	0	0	0
OR10Z1	0	0	0	0	0	0
SPTA1	8	9	5	0	0	0
OR6K2	0	0	0	0	0	0
OR6K3	0	0	0	0	0	0
OR6K6	0	0	0	0	0	0
OR6N1	0	0	0	0	0	0
OR6N2	0	0	0	0	0	0
MNDA	0	1	0	0	0	0
PYHIN1	2	2	0	0	1	0
IFI16	2739	2371	2695	1753	1513	1364
AIM2	15	11	4	0	0	0
LOC102724240	0	0	0	0	0	0
TRNAR16	0	0	0	0	0	0
CADM3	0	0	0	0	0	1
LOC100131825	0	0	0	0	0	0
DARC	0	0	0	0	0	0
FCER1A	0	0	0	0	0	0
OR10J3	0	0	0	0	0	0
OR10J1	0	0	0	0	0	0
OR10J5	0	0	0	0	0	0
APCS	0	0	0	0	0	0
CRP	0	0	0	0	0	0
LOC101928264	1	1	0	0	0	0
DUSP23	160	175	158	156	109	116
FCRL6	0	0	0	1	0	0
SLAMF8	6	4	4	4	5	3
C1orf204	15	11	5	19	10	4
VSIG8	6	5	3	7	5	5
CCDC19	72	51	84	54	56	41
TAGLN2	10927	9952	12616	11698	10175	8294
IGSF9	205	140	180	167	141	103
SLAMF9	0	0	0	0	0	0
LINC01133	0	1	2	1	4	0
PIGM	458	321	360	466	440	324
KCNJ10	4	2	10	7	5	7
KCNJ9	2	2	1	1	0	0
IGSF8	453	418	521	491	413	346
ATP1A2	6	6	5	2	8	8
ATP1A4	0	0	0	0	1	0
CASQ1	0	2	0	2	2	0
RP11-536C5.7	3	1	0	6	6	2
PEA15	2398	2121	2770	2919	2519	2114
DCAF8	2002	1729	2148	2074	1919	1724
PEX19	2131	1836	2351	2375	2152	1705
LOC101928319	1	3	2	1	1	3
COPA	8799	7836	9901	9786	8671	6929
SUMO1P3	54	76	52	52	53	73
NCSTN	2183	1882	2340	2436	2266	1805
NHLH1	11	10	7	18	8	14
VANGL2	542	539	576	578	508	432
SLAMF6	0	0	0	0	0	0
CD84	0	0	0	0	0	0
SLAMF1	0	0	0	0	0	0
CD48	0	0	0	0	0	0
SLAMF7	0	1	0	1	3	1
LY9	0	0	0	1	0	0
CD244	0	0	0	0	0	0
ITLN1	1	0	0	0	0	0
RP11-544M22.1	0	0	0	0	0	0
ITLN2	0	0	0	1	1	0
F11R	6969	5870	7578	6705	6188	4975
TSTD1	370	331	428	359	292	260
USF1	810	576	778	788	677	556
ARHGAP30	42	31	32	23	29	22
PVRL4	366	333	377	343	335	257
KLHDC9	46	34	38	38	22	35
PFDN2	889	823	973	913	819	638
NIT1	344	320	388	428	368	319
DEDD	857	766	925	879	806	763
UFC1	1212	1020	1374	1347	1228	1052
USP21	619	545	677	689	660	482
PPOX	131	124	182	135	124	94
B4GALT3	890	800	1071	1063	899	760
ADAMTS4	0	1	2	2	2	3
NDUFS2	2136	1829	2302	2168	1889	1586
FCER1G	5	2	5	6	2	2
APOA2	0	0	0	0	0	0
TOMM40L	287	247	332	340	288	260
MIR5187	0	0	0	0	0	0
NR1I3	20	2	13	11	7	6
PCP4L1	0	4	1	2	0	2
MPZ	3	0	0	7	6	3
SDHC	2450	2181	2759	2881	2725	2112
C1orf192	171	167	160	189	178	160
TRNAV29	2	4	0	1	1	3
TRNAE23	1	0	2	1	0	0
TRNAN32	0	0	0	0	0	0
TRNAG7	0	0	0	0	0	0
TRNAD18	0	0	0	0	0	0
TRNAL38	0	0	0	0	0	0
TRNAG30	0	0	0	0	0	0
TRNAE13	0	0	0	0	0	0
TRNAG24	0	0	0	0	0	0
TRNAD11	0	0	0	0	0	0
TRNAL5	0	0	0	0	0	0
TRNAG23	0	0	0	0	0	0
TRNAE22	0	0	0	0	0	0
TRNAG13	0	0	0	0	0	0
TRNAD13	0	0	0	0	0	0
TRNAL30	0	0	0	0	0	0
TRNAG21	0	0	0	0	0	0
TRNAE18	0	0	0	0	0	0
TRNAG17	0	0	0	0	0	0
TRNAD6	0	0	0	0	0	0
TRNAL35	0	0	0	0	0	0
TRNAG15	0	0	0	0	0	0
TRNAE5	0	0	0	0	0	0
TRNAG9	0	0	0	0	0	0
TRNAD5	0	0	0	0	0	0
TRNAL14	0	0	0	0	0	0
TRNAG25	0	0	0	0	0	0
FCGR2A	6	1	4	1	2	0
TRNAG31	0	0	0	0	0	0
HSPA6	10	4	15	11	17	9
TRNAL6	0	0	0	0	0	0
TRNAG8	0	0	0	0	0	0
TRNAN14	0	0	0	0	0	0
FCGR3A	0	0	0	0	0	0
FCGR2C	0	0	0	0	0	0
HSPA7	0	0	0	0	0	0
TRNAL3	0	0	0	0	0	0
FCGR3B	0	0	0	0	0	0
FCGR2B	0	0	1	0	0	0
RPL31P11	0	1	0	3	0	0
FCRLA	2	1	1	0	0	0
FCRLB	14	19	19	21	22	24
DUSP12	578	517	689	728	582	522
LOC102724329	9	3	10	8	8	1
ATF6	2905	2475	3192	3052	2780	2411
OLFML2B	2	2	8	4	4	6
NOS1AP	66	50	61	70	71	68
MIR4654	0	0	0	0	0	0
MIR556	0	0	2	0	1	0
C1orf111	5	9	6	6	8	3
C1orf226	167	161	195	229	172	145
SH2D1B	0	2	0	1	3	2
UHMK1	9691	8300	10039	11084	10112	7921
LOC102724358	0	0	0	0	2	0
UAP1	2063	1730	2185	2411	2147	1765
DDR2	29	20	15	37	36	28
HSD17B7	561	463	654	604	542	461
C1orf110	0	0	0	0	0	0
RGS4	0	1	0	3	1	2
RGS5	110	99	91	130	114	84
RP11-267N12.1	0	0	0	1	0	0
NUF2	1607	1434	1756	1502	1313	1118
LOC100422212	0	0	0	0	0	0
PBX1	367	306	354	370	316	269
LOC102724387	4	4	2	3	6	6
RP11-506O24.1	0	0	0	0	0	0
LMX1A	0	0	0	0	0	0
RXRG	1	2	3	0	0	0
RP11-280O1.2	0	0	0	0	0	0
LRRC52	0	0	0	0	0	0
MGST3	589	547	616	650	519	480
ALDH9A1	2716	2482	3035	3191	2835	2442
LOC440700	3	0	5	0	1	0
TMCO1	2812	2392	3086	3184	2891	2658
RP11-466F5.8	2	5	17	9	4	8
UCK2	1996	1820	2414	1856	1609	1400
MIR3658	0	0	0	0	0	0
FAM78B	4	0	0	1	1	0
MIR921	0	0	0	0	0	0
FMO9P	0	3	6	2	4	11
POGK	3009	2400	3315	2916	2631	2170
TADA1	419	409	509	422	396	328
LOC101928459	0	0	0	0	0	0
ILDR2	13	18	26	13	17	16
MAEL	0	0	0	0	2	0
GPA33	0	0	0	0	2	0
DUSP27	0	0	0	0	0	0
LOC101928484	0	0	0	0	1	0
POU2F1	2109	1673	2181	2078	2009	1502
CD247	2	0	2	0	0	2
LOC101928512	1	3	0	1	0	1
CREG1	2708	2345	2871	2691	2643	2040
LOC102724466	0	0	0	0	0	0
RCSD1	12	7	13	11	11	8
TRNAP11	0	0	0	0	0	0
TRNAP4	0	0	0	0	1	0
MPZL1	4635	3854	5022	4449	4074	3308
ADCY10	2	3	6	11	6	2
MPC2	850	710	873	917	803	736
DCAF6	2616	2203	2806	2799	2632	2196
MIR1255B2	0	0	0	0	0	0
GPR161	470	391	534	472	364	290
TIPRL	1949	1753	2158	1965	1748	1467
SFT2D2	298	245	335	327	352	233
ANKRD36BP1	575	497	633	565	568	396
TBX19	27	28	38	33	34	20
MIR557	1	1	0	0	0	0
RP5-968D22.1	2	6	7	4	7	4
RP5-968D22.3	0	0	0	0	0	2
XCL2	9	7	17	4	14	9
XCL1	40	43	57	48	53	36
DPT	0	0	1	3	0	0
LINC00626	0	0	0	0	0	0
LINC00970	0	0	0	0	0	0
LOC101928596	0	0	0	0	0	0
ATP1B1	2410	1952	2550	2702	2590	2061
NME7	378	315	393	380	346	242
BLZF1	303	297	348	414	419	323
CCDC181	2	1	8	2	0	4
SLC19A2	474	452	487	420	395	313
F5	3	2	4	2	0	0
SELP	0	0	0	0	0	0
SELL	41	33	35	49	41	38
SELE	1	0	0	1	0	2
LOC101928628	0	0	0	0	0	0
METTL18	179	157	225	221	170	138
C1orf112	887	738	938	884	799	632
SCYL3	321	256	353	347	297	220
KIFAP3	611	547	672	616	607	488
METTL11B	2	0	2	3	0	1
MIR3119-2	0	0	0	0	0	0
MIR3119-1	0	0	0	0	0	0
LINC01142	0	0	0	0	0	0
RP11-576I22.2	3	0	0	0	0	1
GORAB	377	336	363	323	317	284
PRRX1	6	4	4	4	0	9
MROH9	1	0	0	0	0	0
FMO3	0	0	0	0	0	0
MIR1295A	0	0	0	0	0	0
MIR1295B	0	0	0	0	0	0
FMO6P	0	1	0	0	0	0
FMO2	0	1	0	0	0	0
FMO1	2	2	2	12	1	6
FMO4	107	104	128	111	104	91
TOP1P1	33	31	34	30	31	33
PRRC2C	16716	14269	18495	17538	16500	13016
MYOC	0	0	0	0	0	2
VAMP4	377	297	366	367	293	245
METTL13	1435	1220	1624	1524	1306	1072
DNM3	44	48	46	62	47	34
DNM3OS	2	0	3	3	2	0
MIR214	0	0	0	0	0	0
MIR3120	0	0	0	0	0	0
MIR199A2	0	0	0	0	0	0
LOC102724541	4	2	5	3	7	6
LOC102724528	32	15	35	29	19	25
C1orf105	0	0	0	0	0	0
PIGC	537	467	658	543	430	355
SUCO	2040	1712	2085	2323	2088	1747
FASLG	0	0	0	0	0	1
TNFSF18	0	0	1	1	0	0
TNFSF4	12	13	11	9	5	7
LOC100506023	12	7	4	12	7	8
LOC102724568	1	0	0	0	0	0
LOC101928673	3	5	2	4	9	5
PRDX6	5032	4334	5513	5574	4739	4230
SLC9C2	0	0	0	2	0	0
ANKRD45	4	3	2	3	3	3
LOC730159	0	0	0	0	0	0
KLHL20	548	495	566	595	585	476
CENPL	718	662	884	767	788	609
DARS2	2391	2136	2713	2568	2355	1960
GAS5-AS1	12	19	20	10	10	1
GAS5	1228	1168	1312	1366	1154	962
SNORD81	7	11	13	18	9	7
SNORD47	40	34	43	32	33	48
SNORD80	87	87	101	105	102	71
SNORD79	11	19	14	5	15	14
SNORD78	8	10	11	12	13	4
SNORD44	18	17	25	30	21	18
SNORD77	11	12	11	13	12	9
SNORD76	12	8	19	18	16	17
SNORD75	3	4	6	1	0	4
SNORD74	25	17	29	27	32	16
ZBTB37	174	171	191	214	204	166
SERPINC1	3	0	0	2	2	2
RC3H1	2068	1585	2001	1965	1906	1500
LOC102724601	4	1	4	8	1	3
RABGAP1L	1096	949	1156	1127	1123	849
GPR52	0	0	1	1	2	0
RP1-102G20.5	0	0	2	0	0	0
LOC102724578	0	0	0	1	0	0
CACYBP	4438	3739	4882	4539	3993	3362
MRPS14	745	638	799	781	674	601
TNN	0	0	2	1	1	1
KIAA0040	323	240	302	258	240	220
TNR	0	0	0	1	0	0
LOC101928727	0	0	0	0	0	0
RP11-222A5.1	0	0	0	0	1	0
RFWD2	866	773	898	928	885	736
SCARNA3	0	1	3	2	0	3
PAPPA2	97	85	81	91	85	68
LOC102724649	0	0	0	0	0	0
ASTN1	0	0	0	0	0	0
MIR488	0	0	0	0	0	0
BRINP2	0	0	0	0	0	0
LOC102724661	0	0	0	0	0	0
RP11-63B19.1	0	0	0	0	0	0
SEC16B	6	2	5	11	7	3
LOC730102	48	43	42	57	49	49
RASAL2-AS1	38	41	45	37	34	36
RASAL2	3097	2927	3734	3011	2594	2207
LINC00083	0	0	0	0	1	0
LOC101928866	0	0	0	0	0	1
TEX35	0	0	0	0	1	0
C1orf220	54	36	68	43	41	44
MIR4424	0	0	0	0	0	0
LOC646976	2	6	5	7	11	11
RALGPS2	2693	2453	3110	2668	2422	1892
ANGPTL1	10	8	4	4	4	1
LOC102724754	0	0	0	0	1	0
FAM20B	3765	3107	4136	3836	3443	2769
TOR3A	1137	1000	1302	1269	1090	896
ABL2	2746	2377	2920	2967	2605	2082
SOAT1	1916	1568	2089	2017	1695	1447
AXDND1	3	4	7	5	16	7
NPHS2	0	0	0	0	0	0
TDRD5	442	396	471	434	382	294
FAM163A	0	0	2	3	0	0
TOR1AIP2	4592	3708	5021	5146	4607	3668
TOR1AIP1	3025	2656	3501	3260	2890	2601
LOC101928933	0	0	0	0	0	0
CEP350	3881	3450	4071	4207	3963	3229
QSOX1	1335	1132	1459	1708	1480	1064
FLJ23867	212	200	234	234	219	153
LHX4	19	14	20	21	12	13
RP5-1180C10.2	60	50	45	49	52	60
ACBD6	1402	1275	1675	1441	1285	1133
MIR3121	0	0	0	0	0	0
XPR1	2922	2487	3093	2598	2500	1891
KIAA1614	8	7	25	25	17	3
LOC102724791	24	26	34	22	29	23
STX6	2419	2006	2452	2580	2366	1834
MR1	1256	1056	1335	1362	1266	1036
IER5	1083	894	1049	1216	1004	865
RP11-540K16.1	0	0	0	0	0	0
GM140	0	0	0	0	0	0
CACNA1E	1	0	0	0	0	1
ZNF648	0	0	0	0	1	1
GS1-122H1.2	0	0	0	0	0	0
GLUL	7128	5873	7340	7769	6894	5756
TEDDM1	2	0	1	0	0	0
LINC00272	0	1	0	0	0	0
RGSL1	0	0	0	0	0	0
RNASEL	334	283	357	410	399	333
RGS16	7	2	3	4	12	7
LOC284648	0	0	0	1	1	0
RGS8	0	0	0	0	0	0
NPL	87	76	86	113	93	70
DHX9	14365	12321	15417	14649	13196	10955
SHCBP1L	0	0	0	0	0	0
LAMC1	8044	7703	9413	8589	7588	6331
LAMC2	8195	8231	9798	8907	7992	6548
NMNAT2	432	363	400	343	375	315
SMG7-AS1	9	7	19	14	10	12
SMG7	4887	4066	5209	5363	4876	4061
NCF2	79	91	88	19	19	9
ARPC5	8319	7286	9007	8402	7665	6364
RGL1	86	88	88	112	93	65
APOBEC4	0	1	0	0	0	0
COLGALT2	17	12	16	18	14	13
TSEN15	1595	1334	1798	1534	1447	1186
LOC102724830	0	0	3	0	0	0
LOC102724846	0	0	0	0	0	0
C1orf21	251	223	268	241	224	188
LOC102724857	0	0	0	0	0	0
LOC101929044	0	0	0	0	0	0
EDEM3	1737	1403	1579	1777	1643	1297
FAM129A	2515	2300	2846	2402	2276	1732
LOC101929069	7	8	8	1	2	1
RNF2	826	749	960	751	687	528
TRMT1L	1265	1087	1223	1230	1169	948
SWT1	92	94	112	78	77	74
IVNS1ABP	1701	1531	1888	1635	1471	1272
LOC102724641	1	2	1	2	2	0
GS1-279B7.1	2	0	0	0	1	0
LOC102724897	8	9	8	9	3	1
GS1-204I12.1	0	0	0	0	0	0
HMCN1	18	26	26	19	7	21
PRG4	4	1	3	2	1	3
TPR	8233	6910	8532	8270	7797	6635
C1orf27	954	818	1046	1041	920	809
OCLM	7	11	8	18	16	8
LOC102724919	1	2	1	7	4	4
PDC	1	0	1	2	2	2
PTGS2	124	87	86	107	113	80
PLA2G4A	179	212	202	145	122	102
LOC101929766	0	0	0	0	0	0
BRINP3	0	0	0	0	0	0
RP11-547I7.2	7	4	5	5	9	6
RP11-463J7.2	0	0	0	0	0	0
RGS18	2	2	3	1	1	0
RGS21	2	1	0	0	1	0
RGS1	0	0	0	0	0	0
RGS13	0	0	0	2	1	0
MIR4426	72	78	67	78	76	78
RGS2	124	95	116	143	97	112
LOC102724954	0	0	0	0	0	0
UCHL5	564	484	586	593	517	446
TROVE2	314	247	377	307	313	247
GLRX2	72	74	84	96	93	76
CDC73	853	596	743	778	662	568
LOC101929160	1	0	0	0	0	0
MIR1278	0	0	0	0	0	0
B3GALT2	0	0	2	2	1	1
LOC101929184	0	0	0	0	0	0
LOC102723336	0	0	0	3	0	0
KCNT2	26	17	32	37	23	18
MIR4735	0	1	0	0	0	0
CFH	1028	871	916	852	840	654
CFHR3	5	2	9	5	5	7
CFHR1	0	0	0	0	0	0
CFHR4	0	0	0	0	0	0
CFHR2	0	0	0	0	0	0
CFHR5	0	0	0	1	0	0
F13B	0	0	1	1	1	4
ASPM	8945	7341	8929	8257	7601	6582
ZBTB41	1650	1310	1560	1606	1435	1214
CRB1	1	3	1	1	0	4
DENND1B	908	797	914	856	772	679
C1orf53	35	27	40	40	35	31
LHX9	4	3	6	10	11	19
NEK7	2383	2115	2428	2581	2353	1934
ATP6V1G3	0	0	0	0	0	0
PTPRC	3	0	1	1	0	0
MIR181A1HG	0	0	0	0	0	0
MIR181B1	0	0	0	0	0	0
MIR181A1	0	0	0	0	0	0
FLJ43585	0	0	0	0	0	0
NR5A2	19	17	25	25	12	23
LINC00862	2	2	3	6	4	4
ZNF281	1764	1476	1793	1797	1550	1333
KIF14	5241	4323	5644	4826	4314	3591
DDX59	522	404	567	565	481	416
RP11-92G12.3	2	1	7	0	6	4
CAMSAP2	7469	6195	7495	7989	7606	6240
GPR25	0	0	0	0	3	1
C1orf106	787	646	800	809	701	535
MROH3P	5	3	0	1	2	1
KIF21B	84	76	107	71	57	43
LOC101929305	0	0	0	0	0	0
CACNA1S	0	0	0	2	1	2
ASCL5	1	1	5	3	10	5
TMEM9	1355	1287	1550	1460	1253	977
IGFN1	6	2	7	7	6	8
PKP1	1403	1283	1109	984	897	768
LOC101929326	0	0	0	2	1	0
TNNT2	1	1	0	2	9	9
LAD1	2792	2476	3180	2784	2464	2128
LOC101929343	44	47	48	50	53	34
TNNI1	49	50	39	46	40	44
LOC101929367	0	0	0	0	0	0
PHLDA3	722	649	747	577	552	436
CSRP1	2252	2032	2414	2721	2447	1984
RPS10P7	39	43	48	50	44	48
NAV1	265	213	257	242	225	190
IPO9-AS1	7	2	0	2	2	1
MIR5191	0	0	0	0	0	1
MIR1231	0	0	0	0	0	0
IPO9	5132	4476	5579	5623	5163	4163
MIR6739	3	2	0	0	3	4
SHISA4	23	10	15	28	23	14
LMOD1	8	5	7	7	7	6
TIMM17A	2045	1785	2361	2499	2127	1694
RNPEP	3713	3096	4057	4064	3414	2830
LOC102723465	138	129	139	156	137	109
MIR6740	1	0	0	0	3	3
ELF3	8118	7013	8477	7356	6467	5017
GPR37L1	24	18	21	30	33	19
ARL8A	870	826	996	957	885	688
PTPN7	5	4	11	13	20	6
PTPRVP	3	3	1	1	7	0
LGR6	94	71	102	100	86	81
LOC101929388	0	0	0	0	0	0
UBE2T	1361	1200	1578	1410	1213	1011
PPP1R12B	969	883	1096	1023	896	719
SYT2	9	13	11	12	6	10
LOC101926929	0	0	0	1	0	0
KDM5B	2704	2309	2786	2729	2480	1991
PCAT6	11	3	8	11	8	3
LOC102723494	0	0	0	0	1	0
LOC641515	0	0	4	0	3	1
RP11-480I12.7	15	21	38	19	23	18
RABIF	471	383	518	499	445	370
KLHL12	1880	1659	2073	1828	1690	1344
ADIPOR1	3667	3269	4102	4016	3518	2985
CYB5R1	247	260	288	410	323	279
LOC100506747	3	4	5	7	1	13
TMEM183A	1632	1423	1865	1840	1593	1372
PPFIA4	30	25	25	52	39	32
MYOG	0	0	0	0	0	0
ADORA1	10	10	14	11	13	17
MYBPH	0	0	0	0	0	0
CHI3L1	1	0	0	0	0	0
CHIT1	0	0	0	0	0	3
RP11-134P9.3	0	1	1	0	0	0
LINC01136	0	3	2	0	1	0
BTG2	158	110	187	168	169	134
FMOD	0	0	0	0	0	0
LOC102723529	0	0	0	0	0	0
PRELP	2	0	0	1	0	1
OPTC	0	0	0	0	0	0
ATP2B4	1815	1646	1864	2043	1778	1412
SNORA77	1	0	1	0	0	1
LINC00260	4	4	6	5	9	5
LOC102723543	7	3	2	2	10	0
LAX1	5	5	5	5	5	3
ZC3H11A	7794	6548	8015	8042	7466	6228
ZBED6	2281	2033	2238	2619	2376	2024
SNRPE	1603	1466	1694	1744	1498	1196
LINC00303	0	0	0	0	0	0
SOX13	715	689	821	735	627	585
ETNK2	158	124	160	163	142	115
LOC101929441	0	0	2	0	0	0
REN	4	1	0	4	1	1
KISS1	0	0	0	1	0	0
GOLT1A	0	0	1	3	0	0
PLEKHA6	138	101	126	201	159	131
LINC00628	1	1	0	1	0	1
PPP1R15B	4087	3475	4307	3917	3603	2852
PIK3C2B	424	417	498	450	407	373
TRNAK16	2	0	1	0	1	1
TRNAK34	0	0	0	0	0	0
MDM4	1462	1197	1539	1374	1346	1060
LRRN2	13	12	12	14	12	27
NFASC	114	95	113	102	88	53
CNTN2	0	0	1	0	2	0
TMEM81	62	70	84	113	92	58
RBBP5	1736	1458	1868	1846	1725	1374
DSTYK	1351	1266	1603	1608	1492	1180
TMCC2	146	132	151	189	146	103
LOC101929459	0	0	0	1	1	0
NUAK2	444	381	559	625	544	450
KLHDC8A	2	1	0	1	1	2
LOC102724743	0	0	0	0	0	0
LEMD1-AS1	1	1	0	0	0	0
LEMD1	5	2	6	12	5	7
BLACAT1	42	50	40	43	33	22
MIR135B	0	0	0	0	0	0
RP11-576D8.4	0	1	0	1	0	0
TRNAK11	0	0	0	0	0	0
CDK18	452	383	493	366	331	224
LOC284578	2	1	0	1	0	0
MFSD4	14	16	20	23	18	20
ELK4	4877	4027	4596	4817	4380	3271
SLC45A3	263	233	330	277	247	186
NUCKS1	35368	29770	38022	32955	30307	24591
RAB7L1	1059	1026	1220	1197	1073	825
SLC41A1	2180	1895	2525	2731	2606	2145
LOC101059976	35	28	31	22	32	15
PM20D1	1	2	0	1	0	1
LOC284581	0	1	0	4	2	0
SLC26A9	1	0	0	3	0	1
RAB7B	72	68	65	58	57	47
CTSE	5	2	2	6	6	0
C1orf186	0	0	0	0	0	0
LOC100505650	0	0	0	0	0	0
AVPR1B	0	0	0	0	0	0
FAM72A	229	203	274	237	212	176
SRGAP2	1653	1366	1739	1608	1434	1141
IKBKE	204	135	204	234	175	149
MIR6769B	0	0	0	0	0	0
RASSF5	208	164	239	298	242	189
EIF2D	1129	1017	1371	1112	1007	868
DYRK3	294	231	305	322	272	235
MAPKAPK2	2655	2367	2969	3109	2722	2131
IL10	0	0	0	0	0	0
IL19	1	0	3	6	6	8
IL20	0	0	0	2	3	1
IL24	119	100	154	199	146	131
FAIM3	50	45	81	101	78	63
PIGR	2	0	5	3	1	1
FCAMR	1	1	1	0	0	0
C1orf116	2291	2129	2592	2204	2025	1556
YOD1	1865	1622	1972	1704	1568	1224
PFKFB2	1572	1442	1766	2019	1838	1422
C4BPB	0	0	0	0	1	0
C4BPA	1	0	0	0	0	0
CD55	1127	1153	1374	1483	1283	1133
LOC101929363	0	0	0	0	0	0
CR2	47	40	62	76	68	35
CR1	0	1	0	0	0	0
CR1L	1	0	0	1	0	1
CD46	6739	6135	7284	6962	6352	5121
MIR29C	1	1	0	2	2	0
MIR29B2	0	0	0	0	0	1
LOC101929385	2	4	10	5	8	2
LOC148696	0	0	0	1	0	0
CD34	0	0	0	0	1	0
PLXNA2	1436	1348	1687	1285	1078	856
LOC100509303	1	1	0	1	0	0
LOC101929476	1	0	0	1	3	0
MIR205HG	1155	1056	1240	897	856	742
MIR205	29	29	25	27	20	7
CAMK1G	2	1	0	8	2	4
LAMB3	7439	7061	8541	7431	6402	4918
MIR4260	0	0	0	0	1	0
LOC101930114	2	1	0	3	1	0
G0S2	0	0	0	1	0	1
HSD11B1	2	0	0	1	0	1
TRAF3IP3	73	63	72	104	73	64
C1orf74	194	193	241	250	242	205
IRF6	6829	5641	7247	6922	6056	4931
DIEXF	1232	1074	1311	1274	1138	885
SYT14	3	5	6	18	9	8
SERTAD4-AS1	7	8	11	13	4	8
SERTAD4	76	61	83	110	99	66
HHAT	73	57	58	69	64	58
KCNH1	2	1	3	3	4	2
KCNH1-IT1	0	0	0	0	2	0
RCOR3	1036	959	1079	1193	1082	888
TRAF5	93	85	113	72	65	67
LINC00467	130	110	103	144	139	111
RD3	0	0	0	0	0	0
SLC30A1	263	238	303	354	357	280
NEK2	1666	1362	1993	1686	1610	1230
RP11-122M14.1	4	3	9	8	3	6
LPGAT1	3459	2908	3448	3336	2922	2449
LOC102723727	0	0	0	0	0	0
INTS7	2043	1751	2193	2418	2221	1730
DTL	2266	1979	2498	2298	2145	1810
RPL21P28	185	161	200	218	178	168
MIR3122	0	0	0	0	0	0
RP11-15I11.3	0	0	1	1	0	0
PPP2R5A	1969	1704	2136	1965	1705	1457
SNORA16B	0	0	4	2	5	0
TMEM206	369	320	434	431	383	335
NENF	811	743	927	868	847	627
RP11-61J19.3	0	1	3	0	0	2
ATF3	148	94	143	98	87	74
FAM71A	0	0	0	0	0	0
LOC102723761	0	0	0	0	0	0
BATF3	9	9	15	12	9	6
NSL1	833	684	804	866	739	671
TATDN3	173	145	169	153	136	99
C1orf227	1	0	1	3	3	3
FLVCR1-AS1	61	64	105	86	86	63
FLVCR1	1875	1757	2084	2086	2096	1548
VASH2	45	32	46	37	50	33
ANGEL2	1215	988	1088	1218	1107	933
RPS6KC1	956	855	981	669	555	474
PROX1-AS1	1	0	1	5	1	0
LINC00538	0	0	0	0	0	0
PROX1	22	12	14	17	17	13
LOC102723802	1	4	3	6	1	3
SMYD2	978	881	1075	1093	995	708
PTPN14	2642	2352	2884	2928	2672	1985
CENPF	12137	9899	12511	10346	9854	8171
KCNK2	9	2	5	14	10	5
LOC101929612	0	0	0	0	0	0
KCTD3	4307	3729	4560	4396	3888	3011
USH2A	8	4	3	4	10	0
LOC102723833	0	0	0	0	0	0
ESRRG	89	65	83	90	56	72
GPATCH2	616	510	689	673	646	561
SPATA17	36	40	34	31	25	23
LINC00210	0	0	0	0	0	0
RP11-152L7.2	0	0	0	0	0	0
RRP15	1141	1046	1152	1256	1218	1056
RP11-224O19.2	1	0	0	2	0	0
TGFB2	66	64	78	76	73	45
RP11-135J2.4	1	1	1	0	1	2
LYPLAL1	394	342	450	393	335	326
LOC101929666	4	4	1	2	0	5
LOC101929648	1	0	2	2	3	0
LOC102723886	0	1	0	0	0	0
LOC101929713	2	2	3	5	3	3
LOC101929689	0	0	1	0	0	1
SLC30A10	8	1	0	1	2	0
EPRS	9518	8340	10552	9800	9002	7442
BPNT1	1473	1244	1392	1569	1477	1174
IARS2	6846	6074	7569	7105	6543	5276
MIR215	0	0	1	0	0	0
MIR194-1	2	2	2	0	0	0
RAB3GAP2	3395	2898	3642	3664	3297	2711
MIR664	2	0	0	0	0	0
SNORA36B	0	0	0	0	0	0
AURKAPS1	34	36	37	40	31	32
MARK1	628	551	691	583	530	450
C1orf115	366	252	397	338	295	270
MARC2	318	344	419	453	380	297
MARC1	421	356	464	387	374	268
LOC101930644	4	2	2	1	1	0
RP11-295M18.2	1	1	2	0	0	1
HLX-AS1	0	4	0	0	0	0
HLX	3	3	6	11	3	2
LOC101929750	0	0	0	0	0	0
C1orf140	0	0	0	0	0	0
DUSP10	207	152	230	180	191	171
RP11-191N8.2	0	0	0	0	0	0
TRNAT19	0	0	0	0	0	0
LOC101926901	13	2	5	5	2	2
LOC102723986	0	2	0	0	0	5
HHIPL2	11	4	3	6	6	10
TAF1A	336	255	284	314	290	212
LOC100506161	22	22	27	20	22	13
MIA3	1896	1668	1908	1810	1655	1423
AIDA	1513	1336	1761	1726	1459	1206
BROX	3392	2832	3605	3450	3092	2610
FAM177B	0	0	0	1	7	0
LOC102724017	76	53	63	66	61	59
DISP1	135	130	148	119	123	97
LOC102724046	1	0	0	0	0	0
TLR5	41	26	59	27	22	27
SUSD4	133	113	162	127	100	115
C1orf65	3	1	1	6	1	0
CAPN8	0	0	0	0	0	0
CAPN8_1	2	1	0	1	2	3
CAPN2	9427	8834	11483	10173	9066	7570
TP53BP2	1497	1216	1553	1618	1486	1145
LOC101060626	1	8	10	5	12	2
LOC441124	51	40	70	81	72	60
LOC101927054	121	135	139	160	135	89
LOC100288102	33	38	44	54	42	31
LOC101926980	39	23	28	28	34	18
LOC100287497	34	29	42	53	50	39
FBXO28	2103	1765	2295	2611	2302	1864
DEGS1	1915	1728	2271	2362	2136	1730
LOC101927143	0	0	0	0	1	0
RP11-365O16.6	0	0	1	0	0	1
NVL	952	787	1010	950	870	733
MIR320B2	0	0	3	0	0	0
CNIH4	1111	998	1293	1109	1012	946
LOC101927185	25	15	31	16	31	18
WDR26	4185	3585	4469	4954	4496	3823
MIR4742	0	0	0	0	0	0
LOC101928291	32	19	32	28	33	18
CNIH3	11	3	5	9	7	2
LOC102723817	0	1	0	1	1	2
DNAH14	525	540	644	581	500	449
LBR	4843	4299	5749	4711	4282	3479
ENAH	7367	6183	7782	7432	6702	5765
LOC102723834	0	0	0	2	0	1
SRP9	6817	5765	7398	7151	6692	5261
EPHX1	2078	1741	2214	2269	2049	1653
TMEM63A	657	654	725	871	706	546
LEFTY1	2	3	1	6	2	1
PYCR2	1026	1008	1183	1116	957	857
MIR6741	0	0	0	0	0	0
LEFTY2	0	1	0	0	0	1
SDE2	1109	981	1187	1387	1225	890
H3F3A	3090	2676	3468	3450	3018	2579
ACBD3	2647	2199	2802	2700	2530	2197
LOC101927247	0	2	0	0	0	0
MIXL1	0	0	0	0	2	2
LIN9	870	766	958	925	853	704
PARP1	8918	7782	10022	9269	8230	7176
C1orf95	0	0	0	0	0	0
ITPKB	460	373	505	492	421	346
ITPKB-IT1	0	0	0	1	0	0
PSEN2	458	437	513	466	368	329
ADCK3	405	310	382	432	355	303
CDC42BPA	2310	1865	2294	2240	2122	1741
ZNF678	572	516	587	645	583	459
LOC100130093	19	19	15	15	8	6
JMJD4	62	67	54	59	62	62
SNAP47	617	524	722	679	687	504
PRSS38	0	0	0	0	0	0
WNT9A	71	83	82	94	71	50
MIR5008	0	0	0	0	1	0
LOC728728	6	2	5	4	3	0
WNT3A	10	14	8	29	20	25
LOC100506571	1	0	0	4	4	0
ARF1	10625	9035	11367	11098	9882	7962
MIR3620	0	0	0	0	0	0
C1orf35	429	374	523	414	413	330
MRPL55	299	238	340	315	267	212
GUK1	1241	1021	1204	1215	1086	885
GJC2	44	37	44	71	35	28
IBA57-AS1	9	5	10	8	11	4
IBA57	445	339	597	667	573	496
C1orf145	13	8	13	14	19	20
OBSCN	1944	1682	2054	2290	2011	1740
LOC101927401	2	1	1	8	2	1
TRIM11	1012	757	1024	1033	828	681
MIR6742	0	0	0	0	0	0
TRIM17	315	256	313	240	211	178
HIST3H3	0	0	0	0	0	1
HIST3H2A	485	419	565	417	362	263
HIST3H2BB	45	24	63	35	36	22
MIR4666A	4	0	4	0	1	0
RNF187	2964	2758	3365	3173	2782	2364
BTNL10	2	1	4	3	1	3
RNA5S1	0	0	0	0	0	0
RNA5S2	0	0	0	0	0	0
RNA5S3	0	0	0	0	0	0
RNA5S4	0	0	0	0	0	0
RNA5S5	0	0	0	0	0	0
RNA5S6	0	0	0	0	0	0
RNA5S7	0	0	0	0	0	0
RNA5S8	0	0	0	0	0	0
RNA5S9	0	0	0	0	0	1
RNA5S10	0	0	0	0	0	0
RNA5S11	0	0	0	0	0	0
RNA5S12	0	0	0	0	0	0
RNA5S13	0	0	0	0	0	0
RNA5S14	0	0	0	0	0	0
RNA5S15	0	0	0	0	0	0
RNA5S16	0	0	0	0	0	0
RHOU	70	56	80	132	100	71
DUSP5P1	14	8	8	18	14	10
RNA5S17	0	0	0	0	0	0
LOC102723935	0	0	0	2	1	0
RAB4A	1079	949	1190	1577	1448	1146
SPHAR	0	0	0	0	0	0
CCSAP	1169	972	1300	1135	1034	829
ACTA1	16	27	15	22	13	17
NUP133	2734	2448	2952	2874	2676	2229
RP4-613A2.1	3	1	4	2	2	2
ABCB10	924	856	988	1004	843	787
TAF5L	1072	929	1166	1118	1124	849
URB2	980	836	1099	1120	893	706
LOC101927504	0	0	0	0	0	0
LOC101927532	0	0	0	0	0	0
GALNT2	2792	2561	3383	3112	2662	2263
PGBD5	26	29	32	47	45	46
LOC101927553	0	0	0	0	0	0
COG2	1103	935	1254	1150	1056	910
AGT	0	0	0	0	2	2
CAPN9	0	3	1	1	2	0
C1orf198	1372	1246	1460	1472	1232	1005
LOC101927576	3	2	0	2	0	1
RP5-858B6.3	1	2	4	3	4	2
TTC13	1102	967	1172	1173	1113	964
ARV1	467	413	504	490	411	323
LOC102724026	3	4	1	0	4	2
FAM89A	33	45	49	31	31	30
MIR1182	0	0	0	0	0	0
TRIM67	0	2	2	5	7	3
RP5-1097F14.3	1	0	0	0	0	0
C1orf131	521	441	519	516	512	416
GNPAT	1742	1566	1946	1755	1659	1234
EXOC8	1094	883	1131	1143	1033	840
SPRTN	636	483	663	596	553	450
EGLN1	1471	1169	1428	1461	1372	1034
LOC102724041	3	0	2	2	0	1
SNRPD2P2	0	0	0	0	0	0
TSNAX-DISC1	0	0	0	0	1	0
TSNAX	1165	1026	1162	1262	1268	938
LINC00582	0	0	0	0	0	0
DISC1	0	1	1	1	2	0
DISC2	0	0	0	0	0	1
LOC101927660	0	0	0	0	0	0
SIPA1L2	218	144	189	248	187	151
RP11-66A2.2	0	0	0	0	0	0
MAP10	38	26	48	40	41	30
LOC101927711	0	0	0	0	0	0
NTPCR	517	438	558	476	448	362
PCNXL2	620	576	772	658	613	517
LOC101927736	0	1	0	0	1	0
KIAA1804	756	803	951	783	684	604
KCNK1	1018	885	1132	980	854	696
MIR4427	0	1	0	0	0	0
SLC35F3	44	46	28	44	43	20
LOC102724100	0	0	0	0	4	0
MIR4671	0	0	0	0	0	0
LOC101927765	1	5	4	2	2	4
COA6	393	299	460	406	352	293
TARBP1	1217	1087	1318	1350	1158	963
RP5-855F14.1	0	0	0	0	0	0
IRF2BP2	3469	3127	3657	3452	3006	2292
LINC00184	7	3	3	8	12	13
RP4-781K5.4	15	17	17	18	16	10
LINC01132	5	3	8	17	12	12
PP2672	0	0	0	1	0	0
LOC731656	39	33	47	82	75	71
TOMM20	7452	6430	8167	7834	7245	5867
SNORA14B	7	5	7	16	11	5
RBM34	1164	982	1277	1292	1154	1026
ARID4B	2786	2343	2787	3125	2891	2411
MIR4753	0	0	0	0	0	0
GGPS1	1034	840	1045	1181	980	860
TBCE	634	546	638	652	463	464
B3GALNT2	2854	2473	3028	3014	2594	2156
GNG4	399	347	430	379	355	247
LOC101927906	0	4	1	0	2	0
LYST	732	723	833	920	726	672
MIR1537	0	0	0	0	0	0
NID1	181	164	207	180	193	133
GPR137B	253	224	294	316	272	242
ERO1LB	253	206	238	313	329	253
EDARADD	439	403	514	381	378	344
LGALS8	1251	1052	1283	1243	1197	1075
LGALS8-AS1	3	1	0	1	0	0
HEATR1	4262	3773	4784	4439	3868	3163
ACTN2	2	8	2	4	0	0
MTR	2181	1852	2437	2219	1999	1661
MT1HL1	0	0	0	0	0	0
RYR2	43	56	61	42	32	31
MIR4428	0	0	0	0	0	0
RP11-193H5.1	38	69	47	54	54	57
ZP4	0	0	0	0	0	0
LINC01139	112	109	107	85	74	69
LOC102724174	0	0	0	0	0	0
CHRM3	357	334	366	352	344	258
CHRM3-AS2	0	0	0	0	0	0
CHRM3-AS1	0	0	0	0	1	0
RPS7P5	0	0	0	0	0	0
FMN2	0	0	0	0	0	0
GREM2	0	0	0	0	0	0
LOC100506929	0	0	0	0	0	0
RGS7	0	0	0	3	0	0
MIR3123	0	0	0	0	0	0
FH	2447	1990	2589	2435	2322	1956
KMO	5	6	1	6	2	4
OPN3	84	66	81	88	75	57
CHML	1637	1375	1723	1776	1494	1284
WDR64	1	0	0	0	0	1
EXO1	1632	1445	1797	1919	1715	1436
MAP1LC3C	0	0	0	0	1	1
PLD5	0	0	0	0	0	0
RP11-261C10.3	0	0	0	0	0	0
CEP170	0	0	0	0	0	0
SDCCAG8	0	0	0	0	0	0
MIR4677	0	0	0	0	0	0
LOC102724256	0	0	0	0	0	0
AKT3	1	0	1	0	0	0
RP11-278H7.1	0	2	2	3	0	0
ZBTB18	1145	980	1177	1073	1077	793
LOC440742	0	0	0	0	0	0
C1orf100	0	0	0	0	4	1
ADSS	2839	2423	2921	2616	2363	1891
C1orf101	6	10	9	8	5	11
DESI2	4187	3650	4627	5085	4518	3791
COX20	16	9	15	4	12	4
HNRNPU-AS1	329	261	258	281	257	199
HNRNPU	39777	33320	42846	36542	33666	28131
LOC101928068	32	21	43	27	18	27
EFCAB2	309	247	302	281	286	267
KIF26B	9	17	7	8	4	7
SMYD3	331	331	403	356	320	263
LOC101928089	0	1	0	0	1	0
RP11-690C23.2	0	0	0	0	0	0
TFB2M	758	725	850	833	798	575
CNST	1138	915	1150	1161	1026	898
LOC101928139	1	1	5	1	2	4
LOC102724382	0	0	5	0	0	1
SCCPDH	1728	1392	1812	1716	1491	1245
KIF28P	17	19	18	21	24	20
LOC149134	3	2	1	7	10	4
AHCTF1	7701	6745	8650	7865	7444	6034
ZNF670-ZNF695	0	1	1	3	1	0
ZNF695	100	85	115	117	109	90
ZNF670	190	142	190	164	141	124
ZNF669	230	197	273	269	216	226
FLJ39095	5	0	2	1	1	4
C1orf229	6	4	4	4	5	2
ZNF124	167	139	139	182	161	129
MIR3916	69	60	51	63	48	51
VN1R5	1	1	1	2	1	1
ZNF496	2030	1722	2222	1866	1686	1366
LOC102724425	0	2	2	0	1	0
NLRP3	0	0	2	9	6	3
OR2B11	0	0	0	0	1	0
OR2W5	0	0	0	0	0	0
GCSAML	0	0	0	0	0	0
GCSAML-AS1	0	0	0	0	0	0
OR2C3	0	0	0	0	0	0
LOC102724435	0	0	0	0	0	0
OR2G2	0	0	0	0	0	0
OR2G3	0	0	0	0	0	0
LOC102724446	0	0	0	0	0	0
OR13G1	0	0	0	0	0	0
OR6F1	0	0	0	0	0	0
OR1C1	0	0	0	0	0	0
OR14A16	0	0	0	0	0	0
OR11L1	0	0	0	0	0	0
TRIM58	0	0	0	1	0	0
OR2W3	0	0	0	0	0	0
OR2T8	0	0	0	0	0	0
OR2L13	0	0	0	0	0	0
OR2L8	0	0	0	0	0	0
OR2AK2	0	0	0	0	0	0
OR2L1P	0	0	0	0	0	0
OR2L5	0	0	0	0	0	0
OR2L2	0	0	0	0	0	0
OR2L3	0	0	0	0	0	0
OR2M1P	0	0	0	0	0	0
OR2M5	0	0	0	0	0	0
OR2M2	0	0	0	0	0	0
OR2M3	0	0	0	0	0	0
OR2M4	0	0	0	0	0	0
OR2T33	0	0	0	0	0	0
OR2T12	0	0	0	0	0	0
OR2M7	0	0	0	0	0	0
OR14C36	0	0	0	0	0	0
OR2T4	0	0	0	0	0	0
OR2T6	0	0	0	0	0	0
OR2T1	0	0	0	0	0	0
OR2T2	0	0	0	0	0	0
OR2T3	0	0	0	0	0	0
OR2T5	0	0	0	0	0	0
OR2G6	0	0	0	0	0	0
OR2T29	0	0	0	0	0	0
OR2T34	0	0	0	0	0	0
OR2T10	0	0	0	0	0	0
OR2T11	0	0	0	0	0	0
OR2T35	0	0	0	0	0	0
OR2T27	0	0	0	0	0	0
OR14I1	0	0	0	0	0	0
LOC101928226	0	0	0	0	0	0
LYPD8	0	0	0	0	0	0
SH3BP5L	467	388	483	492	436	316
MIR3124	2	0	3	0	3	0
ZNF672	364	322	370	419	392	306
ZNF692	393	266	353	377	346	281
TRNAL19	0	0	0	0	0	0
TRNAE24	0	0	0	0	0	0
PGBD2	142	107	95	134	92	96
MIR3118-2	1	2	1	1	0	0
LOC101060632	3	0	4	2	3	2
LOC102724250	378	247	406	330	285	234
LOC102724503	0	0	0	0	0	0
LOC102724562	3	2	3	6	5	3
TRNAN-GUU_6	0	0	0	0	0	0
LOC440570	1	3	4	10	6	3
TRNAE-UUC_1	0	0	0	0	0	0
FAM231C	0	0	0	0	0	0
LOC102724645	5	4	2	12	10	5
FAM110C	199	169	211	252	220	186
SH3YL1	1263	1111	1494	1249	1100	905
ACP1	2353	1900	2574	2218	2176	1746
FAM150B	13	10	23	23	20	10
LOC101927262	9	2	5	3	13	3
LOC727944	0	0	0	0	0	0
LOC100996637	0	0	0	0	0	0
LOC101927362	0	0	0	0	0	0
TMEM18	606	496	706	563	578	410
LINC01115	0	0	0	0	0	0
AC113607.2	0	0	0	0	0	0
LOC101060391	2	2	1	2	6	2
SNTG2	0	0	0	0	0	0
LOC101927426	0	0	0	0	0	0
TPO	1	0	0	3	3	0
LOC102723717	0	0	0	0	0	0
LOC102723730	0	0	0	0	3	0
PXDN	1167	1016	1348	2267	2025	1554
LOC101927466	0	0	0	0	1	0
MYT1L	0	0	0	0	0	0
LOC101927493	0	0	0	0	0	0
LOC102724128	0	0	0	0	0	0
MYT1L-AS1	0	0	0	0	0	0
LOC101927534	0	0	0	0	0	0
AC019118.2	0	0	0	0	0	1
TSSC1	824	715	887	817	692	502
TRAPPC12	181	162	175	164	172	110
LOC101927578	0	0	0	0	0	0
ADI1	424	299	442	502	479	396
LOC100506014	45	25	45	38	25	29
RNASEH1	1072	902	1142	1142	994	815
RNASEH1-AS1	68	66	70	80	48	53
RPS7	13925	11719	15594	14207	12502	10291
COLEC11	3	2	4	7	4	7
ALLC	0	0	1	1	1	3
DCDC2C	0	0	0	1	0	0
AC107070.1	0	0	0	0	0	0
AC022311.1	0	0	0	0	0	0
LOC102723818	0	0	0	0	0	0
SOX11	0	0	0	0	0	0
LINC01105	0	0	0	0	0	0
LOC400940	0	0	1	0	0	0
AC105253.1	0	0	0	0	0	0
MIR7515	0	0	0	0	0	0
LINC00487	0	0	0	0	0	0
CMPK2	300	263	189	21	29	19
LOC102724141	2	3	3	0	0	2
RSAD2	278	302	224	1	0	0
RNF144A-AS1	0	0	0	0	0	0
RNF144A	88	63	75	9	8	14
AC019048.1	0	0	0	0	0	0
LOC100506274	0	0	0	0	0	0
LOC101929510	0	0	0	0	0	0
LOC101929531	0	0	0	0	0	0
AC007463.2	0	0	0	0	0	0
LINC00298	0	0	0	0	0	0
LINC00299	0	0	0	0	0	0
AC011747.4	0	0	0	0	0	0
AC011747.7	3	0	1	3	2	0
ID2	9	2	3	6	7	11
KIDINS220	2138	1994	2383	2277	2162	1773
MBOAT2	1511	1262	1668	1457	1239	1060
LOC102723909	13	34	29	20	38	31
LOC100506317	1	1	1	1	3	1
ASAP2	1660	1440	1786	1655	1386	1161
ITGB1BP1	1341	1212	1402	1315	1232	945
CPSF3	1660	1319	1785	1649	1434	1265
IAH1	649	507	671	629	581	394
ADAM17	1949	1656	1996	1687	1476	1226
LOC101929643	0	5	4	0	5	0
YWHAQ	13642	11400	15038	13958	12678	10357
LOC101926982	0	0	0	3	0	0
LOC100996549	5	1	5	0	1	2
TAF1B	408	327	375	265	344	202
GRHL1	421	338	435	549	519	421
LOC101929882	1	0	4	1	0	1
KLF11	133	149	155	123	117	89
CYS1	16	13	31	18	9	10
RRM2	4377	3839	4919	5112	4664	3751
C2orf48	27	23	28	15	10	18
MIR4261	1	1	0	4	0	0
LOC101929691	1	3	8	3	4	4
HPCAL1	484	334	481	713	694	472
ODC1	3112	2986	4059	8131	7249	5844
SNORA80B	0	1	3	1	2	1
LOC101929715	1	0	3	4	2	1
LOC102723993	0	0	0	1	0	0
NOL10	1989	1744	2096	2051	1903	1472
ATP6V1C2	31	27	39	49	26	25
PDIA6	9036	7854	9777	8965	8073	6898
LOC102724007	0	0	0	0	0	0
LOC101929733	0	0	0	0	0	0
KCNF1	4	11	4	10	15	7
FLJ33534	0	2	0	0	0	0
C2orf50	3	0	4	1	0	5
PQLC3	191	167	206	143	122	129
ROCK2	5490	4572	5720	5582	5112	4169
LOC650157	0	0	1	1	0	0
LINC00570	0	1	3	0	1	0
E2F6	529	439	602	549	498	449
GREB1	20	21	29	31	32	16
MIR4429	0	0	0	0	0	0
NTSR2	0	0	0	0	0	0
LPIN1	784	775	1035	1037	988	807
LOC100506405	0	0	0	0	0	0
LOC101929752	0	0	0	0	0	0
MIR548S	0	0	0	0	0	0
MIR4262	0	0	0	0	0	0
AC096559.1	0	0	0	0	2	0
MIR3681	0	0	0	0	0	0
TRIB2	165	165	152	184	131	155
MIR3125	0	0	0	0	0	0
LOC100506474	0	0	0	0	0	0
LINC00276	0	0	0	0	0	0
FAM84A	221	158	176	175	162	137
LOC101926952	0	1	0	0	0	0
NBAS	1175	905	1178	1030	926	810
DDX1	4576	3975	4943	4668	4411	3627
LOC101926966	0	0	0	0	0	0
MYCNOS	0	0	0	0	0	0
MYCN	1	1	0	0	0	0
LOC101928129	0	0	0	0	0	0
FAM49A	5	9	14	12	15	14
RAD51AP2	4	6	1	7	3	8
LOC101928149	45	76	58	62	60	103
VSNL1	107	74	84	80	52	48
SMC6	2499	2105	2474	2370	2239	1889
GEN1	1193	1052	1287	1206	1116	912
MSGN1	0	0	0	0	0	0
KCNS3	87	68	84	64	63	48
NT5C1B-RDH14	0	0	0	0	0	0
RDH14	34	16	25	18	20	11
LOC102724898	0	2	0	0	0	1
NT5C1B	0	1	0	1	0	0
FLJ41481	2	6	3	10	6	9
MIR4757	0	0	0	0	0	0
OSR1	5	2	3	3	6	6
LOC101928196	0	0	0	0	0	0
LINC00954	0	0	0	2	0	1
TTC32	179	115	154	158	130	99
LOC102724935	21	31	27	27	34	27
WDR35	239	169	235	260	199	188
AC079145.4	1	0	1	2	0	0
MATN3	7	14	19	27	29	17
LAPTM4A	3096	2727	3183	3055	2701	2347
SDC1	4591	4741	5748	4928	4371	3626
PUM2	6507	5547	6885	5909	5443	4371
RHOB	407	340	450	535	474	393
LOC102724948	0	0	0	0	0	0
HS1BP3-IT1	11	7	16	16	6	8
HS1BP3	248	224	277	210	196	164
GDF7	0	0	0	0	0	0
C2orf43	544	382	528	482	425	393
LOC101928271	0	0	0	0	0	0
APOB	0	0	0	1	0	0
LOC101929195	0	0	0	0	0	0
TDRD15	0	0	0	0	0	0
LOC100507562	0	0	0	0	0	0
LOC101929230	0	0	0	0	0	0
AC018742.1	0	0	0	0	0	0
LOC102723362	0	0	0	0	0	0
LOC101929251	0	0	0	0	0	0
LOC102723389	0	0	0	0	0	0
KLHL29	71	63	89	48	44	24
LOC102723401	0	0	0	0	1	0
ATAD2B	1003	862	1000	941	868	697
UBXN2A	1201	982	1261	1181	1156	911
MFSD2B	4	3	5	6	2	2
C2orf44	509	464	598	514	527	431
FKBP1B	23	15	20	34	21	17
SF3B14	2239	1909	2542	2262	2023	1629
LOC102723419	5	6	1	1	5	0
TP53I3	163	115	163	205	152	167
PFN4	12	6	8	19	8	5
FAM228B	14	8	23	24	12	13
FAM228A	0	0	0	0	0	0
ITSN2	1204	1083	1264	1209	1172	1020
NCOA1	1734	1393	1839	1803	1601	1308
PTRHD1	258	226	274	291	235	198
CENPO	712	693	934	777	805	586
ADCY3	1455	1365	1638	1376	1234	970
DNAJC27	189	153	207	176	166	113
DNAJC27-AS1	5	6	10	5	14	10
EFR3B	18	11	26	35	39	21
POMC	0	0	0	0	0	0
DNMT3A	829	746	924	835	807	573
MIR1301	0	0	0	0	0	0
DTNB	216	238	286	287	216	170
LOC101929272	0	0	0	0	0	1
ASXL2	3575	2978	3764	3472	3303	2525
KIF3C	379	415	466	469	445	386
LOC102723485	0	0	1	0	1	1
RAB10	5882	4991	6095	5938	5492	4256
GAREML	87	96	111	68	72	51
HADHA	5292	4581	5843	4951	4331	3765
HADHB	3502	2934	3901	3231	3017	2534
GPR113	52	35	62	49	51	42
EPT1	4481	3884	4741	4299	3948	3159
DRC1	0	0	4	3	1	0
OTOF	2	1	0	3	1	1
C2orf70	0	1	0	4	0	3
CIB4	0	0	0	0	1	0
KCNK3	18	7	7	12	15	7
SLC35F6	1102	897	1244	1165	976	769
CENPA	807	709	955	668	580	478
DPYSL5	55	48	56	60	48	44
MAPRE3	195	160	217	210	184	148
TMEM214	1405	1157	1486	1429	1345	1055
AGBL5-AS1	0	0	0	1	0	0
TRNAY4	0	0	0	0	0	1
TRNAA3	0	0	0	0	0	0
AGBL5	1455	1283	1687	1352	1152	973
OST4	865	817	905	995	951	780
EMILIN1	22	13	24	20	15	17
KHK	74	58	101	75	57	66
CGREF1	72	76	72	60	56	54
ABHD1	3	4	0	2	3	4
PREB	826	689	920	915	736	669
C2orf53	0	0	0	0	1	0
TCF23	0	1	0	0	1	0
SLC5A6	736	558	865	747	634	457
ATRAID	1756	1530	1974	1734	1509	1271
CAD	4784	4232	5258	4573	4025	3323
SLC30A3	7	8	6	15	11	6
DNAJC5G	0	0	0	0	1	0
TRIM54	2	0	0	1	2	0
UCN	5	14	2	6	3	4
MPV17	386	295	437	343	352	288
GTF3C2	1668	1458	1793	1571	1460	1216
AC109828.1	0	0	2	1	0	0
EIF2B4	577	500	653	637	556	481
SNX17	1674	1512	1903	1717	1421	1119
ZNF513	228	174	202	213	206	158
PPM1G	5750	4824	6291	5711	5051	4451
FTH1P3	326	461	377	364	356	543
NRBP1	2615	2224	2758	2385	2156	1799
KRTCAP3	396	384	490	362	283	237
IFT172	389	306	376	325	258	227
FNDC4	12	12	33	26	15	24
GCKR	2	0	1	1	0	1
LOC102724921	10	21	11	24	13	21
C2orf16	52	31	39	85	55	64
ZNF512	1100	930	1121	1038	826	745
CCDC121	76	57	73	43	51	38
GPN1	1087	950	1234	1128	955	819
SUPT7L	1134	988	1298	1333	1164	934
SLC4A1AP	1246	1029	1270	1161	1067	888
MRPL33	692	637	740	730	641	498
RBKS	95	60	78	79	69	65
BRE-AS1	5	6	3	1	2	3
BRE	884	758	1001	773	660	592
MIR4263	5	7	7	7	3	3
LOC100505736	3	0	2	0	0	0
AC093690.1	1	2	8	3	2	3
FLJ31356	0	1	5	4	2	3
FOSL2	2172	1798	2254	1815	1756	1441
LOC102723530	0	0	0	0	0	0
PLB1	63	35	65	90	52	60
LOC100505774	0	1	1	2	4	1
PPP1CB	12739	10516	13630	12358	11102	8989
SPDYA	8	4	4	10	7	3
TRMT61B	220	226	298	268	200	152
WDR43	3554	2878	3710	3129	2934	2396
SNORD92	0	0	0	1	0	0
SNORD53	0	0	0	1	0	0
FAM179A	0	1	0	1	3	3
C2orf71	2	1	1	5	1	0
CLIP4	1444	1251	1436	1392	1253	1066
ALK	3	0	2	5	5	6
LOC101929386	0	0	0	0	0	0
LOC101929418	1	0	0	0	0	1
LOC101930384	0	0	0	0	0	0
YPEL5	684	571	725	720	675	534
LBH	226	180	275	449	399	295
LOC102723594	0	0	0	2	0	1
LOC285043	0	0	0	0	0	0
LCLAT1	1382	1198	1633	1536	1395	1061
CAPN13	51	46	58	47	47	35
GALNT14	232	250	284	202	192	144
LOC101929456	1	0	0	0	0	0
CAPN14	8	11	11	15	12	6
EHD3	183	110	159	165	129	94
XDH	219	241	247	320	265	209
SRD5A2	0	0	3	0	0	4
LOC101929477	1	0	0	0	0	0
MEMO1	923	822	1067	1012	1035	807
DPY30	1068	859	1128	1031	903	820
SPAST	1238	1101	1315	1259	1264	922
SLC30A6	1851	1625	1828	1961	1761	1368
NLRC4	8	7	7	14	8	8
YIPF4	1474	1249	1574	1495	1277	1048
BIRC6	7247	6404	8044	7879	6955	5740
MIR558	0	1	0	0	0	1
TTC27	764	700	895	731	678	590
MIR4765	0	0	0	0	0	0
LINC00486	0	0	1	1	0	0
AL121656.5	1	0	0	1	1	0
LTBP1	299	263	322	292	286	197
MIR4430	0	0	0	0	0	0
RASGRP3	6	3	5	12	9	7
FAM98A	1578	1302	1547	1625	1477	1244
MYADML	0	0	0	0	0	0
MIR548AD	0	0	0	0	0	0
LOC100288911	0	0	1	1	1	0
CRIM1	1404	1215	1555	1550	1322	1070
LOC101929500	7	11	10	9	5	4
FEZ2	974	907	1112	976	830	731
LOC101929521	11	12	16	11	19	10
VIT	0	0	0	0	0	0
STRN	4676	3934	4906	4698	4379	3446
HEATR5B	880	656	874	890	841	635
GPATCH11	892	644	905	914	813	700
EIF2AK2	3543	2990	3575	2710	2509	2118
SULT6B1	0	0	0	0	0	0
CEBPZ-AS1	1088	873	1040	917	867	677
CEBPZ	2230	1965	2376	2139	1995	1582
NDUFAF7	329	291	393	316	266	244
PRKD3	1864	1716	1989	1904	1651	1381
LOC101929542	0	0	4	1	1	1
QPCT	0	0	0	0	0	1
CDC42EP3	781	670	803	922	872	693
LINC00211	0	0	0	0	0	0
RMDN2	99	81	96	102	67	79
RMDN2-AS1	0	0	0	0	0	0
CYP1B1	960	632	602	560	414	370
CYP1B1-AS1	2	4	2	1	4	1
LOC102723739	0	1	0	0	0	0
ATL2	1922	1736	2267	1841	1725	1304
LOC100996902	0	0	0	0	0	0
AC016995.3	0	0	0	0	1	0
HNRNPLL	1687	1509	1787	1708	1726	1280
GALM	30	39	31	40	34	27
SRSF7	5250	4392	5460	4790	4430	3667
GEMIN6	363	280	352	320	308	272
DHX57	980	761	1047	949	761	749
MORN2	154	119	165	187	144	127
ARHGEF33	0	4	5	4	0	0
LOC375196	0	0	0	0	0	0
SOS1	2131	1786	2366	2271	2018	1770
CDKL4	0	0	1	1	0	4
MAP4K3	1293	1095	1377	1371	1260	1022
AC007246.3	49	40	38	35	18	34
TMEM178A	2	1	1	0	0	0
THUMPD2	361	324	415	368	306	255
SLC8A1-AS1	0	1	0	0	1	0
SLC8A1	134	121	144	155	108	88
LOC101929667	0	0	0	0	0	0
LOC101929700	0	0	0	0	0	0
AC104654.1	0	1	3	5	5	1
LOC102723810	0	0	0	0	0	0
AC104654.2	0	2	0	0	0	0
C2orf91	0	0	0	0	0	0
PKDCC	26	30	43	22	32	28
LOC102723824	0	0	0	0	0	0
EML4	3526	3110	3867	3547	3195	2533
COX7A2L	1832	1632	1910	1722	1585	1343
KCNG3	11	16	13	22	38	24
MTA3	1312	1069	1345	1402	1274	1013
OXER1	4	0	0	2	2	2
HAAO	0	0	0	2	1	2
LOC102723845	0	0	1	2	1	0
TRNAI13	0	1	1	1	3	1
LOC102723854	0	0	0	0	0	0
LOC100506047	0	0	0	2	1	1
LOC101929763	3	0	0	0	0	0
ZFP36L2	950	942	1146	811	708	570
LINC01126	8	5	2	2	3	1
THADA	1026	916	1043	1104	924	797
PLEKHH2	111	91	84	86	94	60
LOC728819	0	0	0	0	0	0
DYNC2LI1	270	237	315	208	225	155
ABCG5	7	1	3	3	1	4
ABCG8	0	0	0	1	0	2
LRPPRC	11382	10227	13136	12355	11101	8932
LOC102723904	0	1	0	1	1	1
PPM1B	1301	941	1239	1228	1065	930
SLC3A1	0	3	1	0	1	2
PREPL	1584	1335	1622	1953	1752	1397
CAMKMT	171	142	188	137	136	113
LOC100130502	15	17	24	16	13	9
SIX3-AS1	1	1	0	5	0	0
SIX3	18	18	22	16	13	16
SIX2	9	4	8	16	11	3
LOC102723947	0	0	0	0	0	2
LINC01121	0	1	0	0	1	1
SRBD1	637	489	612	605	594	440
LOC102724965	6	7	2	2	6	5
PRKCE	156	118	161	168	132	115
LOC101926974	0	0	1	0	0	0
EPAS1	3404	2812	3545	3598	3238	2709
LOC101805491	0	0	0	0	0	0
TMEM247	0	0	0	0	0	0
ATP6V1E2	229	192	233	222	164	144
RHOQ	893	722	895	799	761	580
LOC100506142	4	4	6	1	2	3
PIGF	137	111	129	144	128	79
CRIPT	475	437	465	477	470	337
SOCS5	816	730	961	841	764	612
LINC01118	0	2	0	0	3	0
LINC01119	20	27	20	40	34	14
MCFD2	3971	3486	4304	3964	3669	2939
TTC7A	777	711	961	733	663	591
C2orf61	1	1	1	3	5	2
CALM2	9938	8005	10330	10194	9017	7904
AC073283.4	1	0	0	0	2	1
BCYRN1	227	151	247	228	211	153
EPCAM	5380	4814	6210	6245	5371	4578
MIR559	2	1	0	3	0	2
MSH2	2740	2330	3084	2938	2764	2214
KCNK12	3	0	1	1	0	1
MSH6	4556	3942	4971	4216	3848	3155
FBXO11	2445	2030	2612	2544	2299	1956
LOC100506235	11	13	18	6	4	11
LOC102724008	0	0	0	0	0	0
FOXN2	898	751	941	813	711	595
PPP1R21	556	503	605	614	520	442
STON1-GTF2A1L	1	0	1	0	0	2
STON1	71	32	63	50	37	37
GTF2A1L	0	0	0	0	0	0
LHCGR	0	3	0	0	0	0
FSHR	0	0	0	0	0	0
MIR548BA	0	0	0	0	0	0
NRXN1	4	1	0	1	2	4
LOC101927089	0	0	0	0	0	0
AC007682.1	0	0	0	0	0	0
MIR4431	0	0	0	0	0	0
ASB3	28	38	39	33	47	20
GPR75-ASB3	0	0	0	0	0	0
CHAC2	511	373	523	506	443	352
ERLEC1	2559	2103	2652	2469	2384	1927
MIR3682	16	12	9	16	14	8
GPR75	86	100	104	97	106	95
PSME4	4168	3652	4752	4198	3869	3280
LOC101927144	10	10	19	16	22	13
ACYP2	214	210	234	226	220	186
TSPYL6	0	1	0	0	1	0
C2orf73	1	0	1	1	1	1
LOC102724063	0	0	0	0	0	0
LOC102724072	0	0	0	0	0	0
SPTBN1	9019	7439	9799	7959	7468	5863
RPL23AP32	0	1	0	0	2	0
EML6	128	127	122	135	110	107
RTN4	10440	9575	11851	10227	9101	7256
CLHC1	182	132	151	164	124	105
RPS27A	20888	18996	23527	22743	19689	15987
MTIF2	2562	2163	2606	2516	2141	1828
PRORSD1P	48	47	40	30	38	38
CCDC88A	4560	3694	4436	4297	3995	3465
CCDC104	732	631	746	722	635	591
SMEK2	8029	6605	8260	8227	7356	6064
PNPT1	3673	3334	4308	3782	3320	2901
EFEMP1	1569	1246	1710	1720	1451	1186
MIR217	0	0	0	0	0	0
MIR216A	0	0	0	0	0	0
MIR216B	0	0	0	0	0	0
LOC101927165	0	0	0	0	0	0
AC007743.1	7	6	3	4	0	0
LOC101928647	0	0	0	0	0	0
CCDC85A	1	3	6	3	1	6
LOC101927213	0	0	0	0	0	0
LOC101927235	0	0	0	0	0	0
VRK2	709	613	774	793	738	586
FANCL	644	559	649	619	588	479
LINC01122	1	2	1	1	3	2
AC007131.1	0	0	0	0	0	0
MIR4432	0	0	0	0	0	0
LOC102724142	0	0	0	0	0	0
BCL11A	238	195	219	183	143	98
LOC102724155	0	0	0	0	2	0
PAPOLG	1331	1043	1345	1141	1046	863
LINC01185	0	0	1	2	0	0
REL	646	555	645	619	589	451
PUS10	153	177	168	144	146	164
PEX13	1585	1270	1584	1540	1327	1106
KIAA1841	729	617	785	604	534	501
LOC339803	508	445	602	509	511	388
C2orf74	725	606	744	661	657	577
AHSA2	1224	1070	1179	1320	1131	1034
USP34	7493	6665	8194	8265	7493	6319
SNORA70B	0	0	0	0	0	0
XPO1	19069	16315	20612	18122	16543	13656
FAM161A	463	448	496	470	369	360
CCT4	16759	14827	18982	16421	14700	11441
COMMD1	296	243	331	347	303	258
B3GNT2	1513	1302	1671	1485	1346	966
MIR5192	0	0	0	5	0	0
TMEM17	171	138	147	148	106	89
EHBP1	2505	2255	2662	2328	2135	1849
AC009501.4	25	12	21	11	25	17
OTX1	95	81	113	83	97	82
DBIL5P2	0	0	3	1	4	2
WDPCP	109	125	154	127	127	102
MDH1	6983	6229	7577	7676	6888	5505
UGP2	3519	2976	3768	3442	3143	2682
VPS54	1617	1485	1744	1555	1526	1190
PELI1	507	442	543	584	501	430
LINC00309	0	0	0	1	0	0
AC074289.1	13	9	8	19	8	6
MIR4433B	0	0	0	0	0	0
MIR4433	0	0	0	0	0	0
LGALSL	487	459	644	582	432	355
LOC101927402	5	2	7	6	10	9
AFTPH	2419	2026	2508	2427	2312	1756
MIR4434	0	0	0	0	0	0
AC007365.1	1	1	2	3	0	2
SERTAD2	3286	2894	3501	3063	2930	2217
AC007880.1	2	2	1	2	2	0
AC007386.2	0	0	0	1	0	0
SLC1A4	220	233	280	216	175	199
LOC102724233	6	3	2	0	3	0
CEP68	612	595	801	623	506	445
LOC102724243	1	2	1	0	6	1
RAB1A	6547	5378	6912	6698	5923	4869
ACTR2	24779	20848	26228	25398	23697	19419
SPRED2	733	524	654	867	720	543
LOC102724258	0	0	0	0	0	0
LOC100996770	0	0	0	0	0	0
LOC101927533	0	0	0	0	0	0
MIR4778	0	0	0	0	0	0
MEIS1-AS3	2	3	0	1	2	0
MEIS1	253	186	207	217	182	125
MEIS1-AS2	0	0	0	1	0	0
AC007392.3	0	1	0	0	0	0
AC007392.4	1	1	1	0	1	0
AC007403.2	0	0	0	0	0	0
LOC102724321	0	0	0	0	0	0
LOC101927661	0	0	0	0	0	0
AC078941.1	0	0	2	0	0	0
LOC101927684	0	0	0	0	1	1
ETAA1	973	816	997	880	794	651
LOC102724373	0	0	0	0	0	0
AC010987.6	0	0	1	0	0	0
C1D	1069	932	1142	1174	1056	765
WDR92	646	511	681	632	583	453
PNO1	1530	1232	1763	1476	1478	1064
PPP3R1	7459	6254	8113	7179	6493	5557
LOC102724389	4	0	0	1	1	4
CNRIP1	182	145	236	199	153	117
LOC101927723	0	0	0	0	0	1
PLEK	2	4	1	3	2	3
FBXO48	102	106	160	102	66	71
APLF	132	118	160	149	145	114
PROKR1	0	1	1	0	0	0
ARHGAP25	59	62	61	55	46	45
BMP10	0	0	0	0	0	0
GKN2	0	0	0	0	0	0
GKN1	2	0	0	0	0	0
ANTXR1	2665	2228	2748	2449	2274	2012
MIR3126	0	0	0	0	0	0
GFPT1	3792	3365	4079	4187	3980	3263
NFU1	885	719	974	924	842	670
AAK1	2697	2138	2710	2622	2326	1949
SNORA36C	1	0	0	0	0	0
ANXA4	1344	1117	1406	1220	1063	963
GMCL1	902	849	1020	882	899	768
SNRNP27	1220	1038	1377	1284	1182	997
MXD1	693	581	595	556	495	437
ASPRV1	10	12	19	16	13	15
PCBP1-AS1	117	104	131	124	109	84
PCBP1	11524	9997	12466	11095	9567	7608
LOC100133985	31	39	36	47	33	33
C2orf42	292	260	362	292	294	219
TIA1	2558	2268	2655	2633	2455	2008
TRNAG22	0	1	1	0	0	0
MIR1285-2	0	0	0	0	0	0
PCYOX1	3867	3261	3988	4253	3809	3320
SNRPG	2883	2454	3280	2979	2767	2469
FAM136A	2969	2387	3187	3012	2681	2360
TGFA	1111	934	1136	1431	1204	981
TGFA-IT1	2	0	1	0	1	1
ADD2	2489	2158	2690	2349	2188	1802
FIGLA	0	0	0	0	0	0
CLEC4F	2	0	2	1	1	4
CD207	6	0	2	2	4	2
VAX2	58	38	49	59	60	26
ATP6V1B1	56	52	48	52	50	38
AC007040.7	11	5	6	8	4	6
ANKRD53	2	3	1	4	6	3
TEX261	3495	3051	3985	3930	3478	2747
OR7E91P	9	4	7	10	15	8
NAGK	422	364	433	526	448	402
MCEE	130	137	152	143	119	116
MPHOSPH10	1811	1432	1803	1771	1636	1440
PAIP2B	592	475	536	540	513	432
ZNF638	6842	5421	6409	6332	5827	4899
ZNF638-IT1	29	19	23	27	25	23
DYSF	78	72	108	126	104	87
CYP26B1	728	588	747	665	574	433
EXOC6B	3666	2925	3822	3437	3014	2395
SPR	908	735	1034	822	750	640
EMX1	4	11	10	3	2	6
SFXN5	1055	880	1101	1031	930	750
LOC101927803	15	13	11	19	5	8
RAB11FIP5	782	689	1009	747	688	488
NOTO	1	0	0	0	0	0
SMYD5	1516	1278	1695	1282	1157	942
PRADC1	215	215	251	201	225	131
CCT7	12931	11070	14399	13822	12273	10082
FBXO41	693	591	750	685	590	566
LOC101927826	11	9	16	9	15	7
EGR4	7	8	20	27	12	16
ALMS1	2144	1752	2333	2019	2023	1556
ALMS1-IT1	61	53	73	49	38	27
NAT8	2	0	0	1	1	0
ALMS1P	2	8	4	11	10	2
NAT8B	0	0	0	6	1	0
TPRKB	679	605	836	741	662	526
DUSP11	1507	1380	1686	1489	1311	1026
C2orf78	3	5	0	4	7	5
STAMBP	2289	2082	2582	2041	1925	1614
ACTG2	47	37	51	55	29	39
DGUOK	1305	1084	1435	1322	1093	921
DGUOK-AS1	88	62	94	54	44	54
TET3	3854	3374	4332	3927	3560	2823
BOLA3	570	536	675	655	554	446
BOLA3-AS1	17	13	25	25	24	15
MOB1A	5521	4611	5817	5283	4800	3939
MTHFD2	8610	7363	9661	8809	7880	6443
SLC4A5	713	618	778	764	749	574
DCTN1	4459	3795	4878	4371	3774	3289
DCTN1-AS1	0	2	1	1	1	1
C2orf81	48	37	46	73	47	42
WDR54	466	397	546	490	437	329
RTKN	1178	1112	1494	1282	1108	874
INO80B-WBP1	0	0	0	0	0	0
INO80B	3	1	0	3	3	3
WBP1	27	48	30	32	30	30
MOGS	2690	2384	3056	2487	2209	1770
MRPL53	511	447	617	585	493	383
CCDC142	397	393	475	463	381	331
TTC31	897	757	994	912	809	580
LBX2	77	50	56	63	53	47
LBX2-AS1	111	88	108	119	77	84
PCGF1	339	302	437	321	306	251
TLX2	5	4	2	3	14	3
DQX1	69	56	51	81	67	45
AUP1	3291	2946	3852	3601	3107	2572
HTRA2	271	247	324	264	202	204
LOXL3	94	61	108	112	88	54
DOK1	48	66	71	43	61	40
M1AP	1	0	5	0	1	0
SEMA4F	430	380	500	491	419	280
LOC102724497	20	28	21	15	25	27
LOC102724482	0	0	0	0	0	0
HK2	1128	1006	1349	1014	834	631
LOC102724515	16	6	10	18	5	9
LOC101927861	9	3	5	7	5	1
POLE4	837	777	944	1022	855	700
TACR1	0	0	0	1	1	0
MIR5000	0	0	0	0	0	0
EVA1A	27	45	53	35	57	34
AC007099.1	0	0	0	0	0	0
MRPL19	5694	4912	5981	6113	5595	4335
GCFC2	1429	1267	1612	1542	1362	1180
LRRTM4	0	0	0	0	0	0
AC079117.1	0	0	0	0	0	0
LOC101927967	0	0	0	0	0	0
AC073628.1	0	0	0	0	0	0
SNAR-H	0	0	0	0	0	0
AC012494.1	0	0	0	0	0	0
REG3G	0	0	0	0	0	0
REG1B	0	0	0	0	0	0
REG1A	0	0	0	0	0	0
REG1P	0	0	0	0	0	0
REG3A	0	0	0	0	0	0
AC010975.1	0	0	0	0	0	0
CTNNA2	0	0	0	0	0	0
MIR4264	0	0	0	0	0	0
MIR8080	0	0	0	0	0	0
LRRTM1	0	0	0	0	0	0
AC012075.2	0	0	0	0	0	0
LOC102724542	29	29	43	30	33	27
LOC1720	2	1	0	0	0	2
LOC101928031	0	0	0	0	0	0
FUNDC2P2	0	4	2	1	0	1
SUCLG1	2449	2191	2517	2301	2167	1763
DNAH6	4	3	4	1	4	6
TRABD2A	145	149	187	150	129	103
TMSB10	20825	19413	23285	21318	18409	15815
KCMF1	2874	2450	3134	3217	2807	2264
LOC100996478	0	0	0	0	0	0
TCF7L1	1333	1126	1305	938	798	696
LOC102724579	0	4	1	3	0	1
LOC100996506	135	118	118	111	104	107
TGOLN2	11386	9621	12270	12259	11090	8946
RETSAT	1334	1192	1406	1469	1343	1077
ELMOD3	315	267	386	301	304	242
CAPG	994	1011	1208	971	833	652
LOC101928082	2	2	1	1	1	0
SH2D6	0	2	1	1	0	1
LOC100630918	64	73	70	45	41	53
MAT2A	8042	6866	8593	7114	6409	5255
GGCX	1553	1394	1677	1696	1590	1233
VAMP8	1537	1336	1618	1476	1268	1102
VAMP5	8	10	11	23	8	3
RNF181	872	770	904	967	829	679
TMEM150A	84	73	100	98	83	85
USP39	3101	2626	3528	2999	2539	2104
C2orf68	1689	1423	1783	1471	1302	1086
SFTPB	3	3	0	1	4	2
GNLY	4	4	1	2	4	7
ATOH8	6	4	6	5	3	1
MIR6071	0	0	0	0	0	0
AC105053.3	0	0	0	0	0	1
ST3GAL5	87	76	110	111	86	87
LOC101928113	0	0	1	1	1	0
LOC90784	762	687	959	843	762	632
POLR1A	5743	5046	6549	5794	5069	4061
PTCD3	5459	4781	6093	5496	4862	4080
SNORD94	9	12	7	10	12	6
IMMT	7366	6579	8043	7256	6663	5590
MIR4779	0	0	0	0	0	0
MRPL35	2732	2182	2819	2616	2316	2036
REEP1	72	87	82	146	135	101
KDM3A	2068	1638	1973	1787	1624	1271
RNF103-CHMP3	5	2	2	2	5	0
CHMP3	22	26	18	17	15	26
RNF103	615	496	655	656	589	454
RMND5A	2953	2380	3216	3048	2806	2192
CD8A	31	25	31	40	35	25
CD8B	0	0	0	2	0	0
ANAPC1P1	9	8	12	10	15	8
LOC102723437	31	45	52	38	47	23
RGPD1	20	56	28	43	33	43
PLGLB1	2	1	0	2	1	2
LOC285074	100	74	117	106	90	68
LOC102724642	19	23	29	28	26	24
LOC102723467	6	5	6	5	0	7
LOC100996909	94	92	119	81	75	56
MIR4771-1	0	0	0	0	0	0
LOC102724689	0	0	0	0	0	0
LOC102723511	0	0	0	0	0	0
LOC101928173	0	0	0	1	6	1
LINC00152	157	140	198	172	132	124
LOC101928152	8	11	6	3	2	1
MIR4435-1	0	0	0	0	0	0
LOC101928214	0	0	0	0	0	0
LOC730268	12	19	14	9	17	18
PLGLB2	13	15	4	14	5	16
RGPD2	69	84	70	67	61	83
KRCC1	696	600	721	672	603	543
SMYD1	0	0	0	0	0	0
MIR4780	0	0	0	0	0	0
FABP1	0	0	0	0	0	0
LOC101928347	0	0	1	0	0	0
THNSL2	453	417	495	507	442	362
FOXI3	9	6	14	5	9	7
TEX37	0	0	0	0	0	0
AC104134.2	0	0	1	0	0	0
EIF2AK3	381	352	445	419	396	279
LOC101928403	17	8	15	20	19	16
LOC102724805	14	19	14	14	14	11
RPIA	741	664	896	696	550	459
ANKRD36BP2	0	0	1	0	0	0
LOC101928427	0	0	0	0	0	0
MIR4436A	0	0	0	0	0	0
LOC101928457	0	0	0	0	0	0
LOC102724839	0	0	0	0	0	0
LOC102724285	43	17	31	37	24	17
LOC101927050	0	0	0	0	0	0
LOC102724332	0	0	0	0	0	0
LOC101060017	0	0	0	0	0	0
LOC102724613	0	0	0	0	0	0
LOC102724633	0	0	0	0	0	0
LOC101926969	2	1	1	1	4	1
LOC654342	38	60	39	47	33	35
GGT8P	0	0	0	0	0	0
ACTR3BP2	0	0	0	0	0	0
LOC100133920	0	0	0	0	0	0
LOC100509620	0	0	0	0	0	0
FAM95A	0	0	0	0	1	0
ANKRD20A8P	0	0	0	0	0	4
LOC442028	0	0	0	0	1	0
TEKT4	0	0	0	0	2	0
LOC100652780	0	0	0	0	0	0
LOC101926937	0	0	0	0	0	0
MAL	0	0	1	0	2	0
MRPS5	1731	1408	1921	1762	1549	1348
ZNF514	352	304	356	323	306	263
ZNF2	120	116	194	152	138	96
PROM2	1405	1178	1378	1374	1198	975
KCNIP3	4	3	6	6	5	6
FAHD2A	375	342	422	376	297	248
TRIM43B	0	0	0	0	0	0
TRIM43	0	0	0	0	0	0
LOC101926959	1	0	0	0	0	0
LINC00342	24	23	26	21	21	34
ANKRD36C	71	86	131	78	75	81
FAHD2CP	11	18	15	7	14	4
GPAT2	2	1	2	11	2	4
ADRA2B	0	0	1	5	2	5
ASTL	0	1	0	3	0	2
DUSP2	32	30	44	42	41	33
STARD7	7527	6123	8162	7685	6956	5555
STARD7-AS1	61	64	79	71	67	46
TMEM127	2246	1835	2329	2344	1995	1607
CIAO1	2445	2127	2795	2543	2195	1862
SNRNP200	12243	10262	13266	12557	11213	8898
ITPRIPL1	0	0	0	0	0	0
NCAPH	2844	2398	3166	2725	2386	2070
NEURL3	4	3	7	3	1	4
ARID5A	53	49	62	71	53	46
LOC100996535	0	0	0	0	1	2
KANSL3	2663	2326	2929	2832	2615	1963
FER1L5	2	8	6	3	7	3
LMAN2L	772	682	853	838	664	521
CNNM4	1442	1338	1668	1675	1547	1216
MIR3127	0	0	0	0	0	3
LOC100506036	4	5	4	6	10	1
CNNM3	783	721	856	866	726	615
ANKRD23	54	60	66	85	61	53
ANKRD39	100	72	106	115	113	74
SEMA4C	528	418	527	574	498	449
FAM178B	5	5	8	5	4	7
LOC101927053	0	0	0	0	0	0
LOC102724453	0	0	0	0	0	0
FAHD2B	488	428	555	450	428	354
ANKRD36	142	144	162	141	124	120
AC159540.1	1	3	1	1	1	2
LOC102724469	0	0	0	0	0	0
AC159540.1_1	2	1	3	0	3	2
ANKRD36B	98	113	115	139	94	99
COX5B	1419	1300	1587	1455	1260	965
ACTR1B	1028	906	1137	1094	1009	834
LINC01125	26	6	4	13	20	6
ZAP70	3	1	9	0	6	2
TMEM131	2506	2064	2700	2607	2338	1978
VWA3B	5	1	4	3	0	0
CNGA3	0	0	0	0	0	0
INPP4A	1206	1019	1211	1201	1081	842
COA5	579	537	627	481	434	403
UNC50	974	797	1029	984	890	680
MGAT4A	367	338	426	382	364	347
LOC102724486	1	0	0	0	0	0
LOC101927070	0	0	0	0	0	0
KIAA1211L	263	204	263	268	218	185
TSGA10	149	82	124	164	128	128
C2orf15	167	157	194	222	209	160
LIPT1	134	89	126	118	104	85
MITD1	422	305	436	411	336	301
MRPL30	2708	2365	3072	2993	2541	2225
LYG2	8	10	3	5	9	5
LYG1	31	28	40	40	31	41
LOC101927110	12	8	9	5	10	6
TXNDC9	1130	961	1171	1279	1143	936
EIF5B	7331	6245	7656	7308	6726	5904
REV1	1750	1578	2001	1745	1630	1252
AFF3	11	3	5	17	6	11
LINC01104	0	0	0	0	0	0
LONRF2	40	36	55	64	58	47
CHST10	450	348	471	452	359	308
NMS	0	0	0	0	0	0
PDCL3	1051	901	1134	979	942	767
NPAS2	14	5	8	6	8	3
AC016738.3	0	0	0	0	0	0
RPL31	8765	8017	10142	8860	7822	6680
TBC1D8	600	625	737	714	566	471
LOC100506286	22	26	19	21	24	13
LOC101927271	3	1	1	1	2	0
CNOT11	1804	1717	2084	1907	1710	1349
SNORD89	1	0	2	0	1	0
RNF149	1456	1353	1536	1431	1318	1062
MIR5696	0	0	0	0	0	0
CREG2	142	150	236	199	210	138
RFX8	2	2	4	2	5	5
MAP4K4	7578	6874	8355	6847	6159	5237
LINC01127	1	2	3	18	8	22
IL1R2	7	6	12	101	78	69
IL1R1	65	51	79	148	104	115
IL1RL2	41	16	29	49	31	42
IL1RL1	144	156	174	620	606	558
IL18R1	82	53	71	76	57	46
IL18RAP	1	2	1	2	0	1
MIR4772	0	0	0	0	0	0
SLC9A4	0	0	3	8	2	1
SLC9A2	120	115	116	189	134	120
MFSD9	466	399	548	491	458	412
TMEM182	153	137	147	169	136	134
LOC100287010	0	0	0	0	0	0
LOC101927331	0	0	0	0	0	0
LINC01102	0	0	0	0	0	0
LINC01103	0	0	0	0	0	0
LOC101927383	0	0	0	0	0	0
LINC01114	0	0	0	0	0	0
LINC01158	0	0	0	0	0	0
POU3F3	0	0	0	0	0	0
LOC101930523	0	0	0	0	0	0
LOC102724691	0	0	1	1	3	0
MRPS9	823	717	903	1001	749	685
AC104655.2	2	4	9	3	2	5
GPR45	3	1	1	0	3	4
TGFBRAP1	1688	1489	1980	1654	1555	1280
LOC100506473	126	114	152	124	99	98
C2orf49	1305	1113	1390	1288	1257	1000
FHL2	2544	2443	3056	2861	2438	1981
LOC285000	0	0	0	0	0	0
NCK2	953	864	1068	988	956	719
C2orf40	0	0	0	0	0	0
UXS1	1559	1335	1685	1533	1402	1193
PLGLA	0	0	0	0	0	0
RGPD3	39	63	46	50	52	45
LOC102724744	0	0	0	0	0	0
ST6GAL2	1	1	0	0	1	0
RGPD4-AS1	0	0	0	0	0	0
RGPD4	34	38	32	27	36	35
LOC102724762	2	4	3	7	4	7
SLC5A7	0	0	0	0	0	0
LOC102724774	0	0	0	0	0	0
SULT1C3	0	0	0	0	0	0
SULT1C2	0	0	0	0	0	0
SULT1C2P1	0	0	0	0	0	0
SULT1C4	0	0	0	0	0	0
GCC2	2024	1665	2081	2173	1994	1782
FLJ38668	26	21	19	34	37	18
LIMS1	2408	2154	2637	2458	2242	1905
RANBP2	9230	7999	10209	9415	8904	7226
CCDC138	686	641	859	814	800	666
EDAR	26	44	37	36	23	30
SH3RF3-AS1	4	2	4	4	2	5
SH3RF3	35	34	35	31	34	22
MIR4265	0	0	0	0	0	0
LOC102724819	0	0	0	0	0	0
MIR4266	0	0	0	0	0	0
LOC729164	0	0	0	0	0	0
SEPT10	4282	3844	4718	4131	3981	3045
SOWAHC	2388	2072	2442	2195	1876	1518
LOC100506563	0	1	0	0	0	0
RGPD5	30	36	39	31	33	39
LOC102724848	0	1	1	0	1	0
LIMS3-LOC440895	0	1	0	0	0	0
LIMS3	2	3	1	5	5	4
LOC440895	0	0	0	0	0	0
LINC01123	171	156	226	150	161	120
LOC102724860	2	1	3	4	4	3
MIR4267	1	0	0	0	0	0
MALL	74	62	107	174	142	124
MIR4436B1	0	0	0	0	0	0
NPHP1	88	100	107	99	64	76
LINC00116	329	313	353	296	237	221
RP11-1223D19.1	0	0	0	0	0	0
MIR4436B2	0	0	0	0	0	0
LINC01106	23	19	16	15	7	16
LOC100288570	0	0	0	1	0	0
LIMS3L	8	15	8	4	10	4
LOC102724875	2	0	0	0	0	0
RGPD6	7	8	9	4	4	12
BUB1	3637	2970	3945	3318	2974	2372
ACOXL	8	6	10	9	13	4
FLJ44006	0	1	0	1	0	0
BCL2L11	1767	1523	1991	1685	1572	1367
LOC101927260	130	105	161	131	119	86
LOC101927283	0	6	4	2	3	4
MIR4435-2	0	0	0	0	2	0
MIR4435-1HG	386	283	419	436	383	336
LOC101927306	4	4	0	11	4	4
ANAPC1	3555	2711	3787	3401	2999	2458
MIR4771-2	0	0	1	2	1	0
MERTK	26	15	25	47	50	35
TMEM87B	1688	1530	1777	1631	1522	1161
FBLN7	0	0	3	2	0	0
ZC3H8	745	618	729	656	599	517
ZC3H6	262	185	260	248	243	229
RGPD8	116	103	118	114	110	88
TTL	2696	2409	3089	2650	2438	1820
POLR1B	2033	1767	2237	1897	1755	1351
LOC101927330	27	17	17	21	22	26
CHCHD5	355	290	369	322	271	209
FLJ42351	2	4	1	7	5	4
SLC20A1	3670	3227	4078	4716	4178	3300
LOC102724955	0	0	0	0	0	0
CKAP2L	2423	2098	2604	2311	2037	1689
IL1A	2143	1769	2044	2063	1875	1504
IL1B	3228	2897	3496	3665	3292	2756
IL37	3	1	6	11	14	7
IL36G	62	48	35	34	34	33
IL36A	1	0	0	0	0	0
IL36B	0	2	0	2	0	0
IL36RN	138	125	136	152	160	76
IL1F10	4	7	7	2	1	0
IL1RN	1851	1583	1790	1866	1733	1508
PSD4	911	777	927	857	682	537
PAX8	187	184	138	172	176	148
PAX8-AS1	821	678	743	620	562	459
LOC101927382	214	199	183	229	163	135
LOC101927400	25	22	24	20	20	13
LOC100130100	0	0	2	4	2	5
CBWD2	835	668	855	749	646	576
FOXD4L1	7	6	8	3	4	6
RP11-395L14.3	0	0	0	0	0	0
LOC729468	0	0	1	0	0	0
FAM138B	0	0	0	0	0	0
MIR1302-3	0	0	0	0	1	1
WASH2P	69	66	89	75	63	57
DDX11L2	5	9	6	10	6	7
RPL23AP7	97	83	109	92	89	66
RABL2A	94	79	110	72	64	58
SLC35F5	1424	1121	1420	1338	1237	960
MIR4782	1	1	0	1	1	0
AC104653.1	5	1	7	1	3	7
ACTR3	14156	11903	15536	14007	12538	10390
LOC100499194	0	0	0	0	0	0
LINC01191	1	0	0	0	2	0
DPP10	0	0	0	0	0	1
DPP10-AS3	0	0	0	0	0	0
DPP10-AS1	0	0	0	0	0	0
DDX18	5144	4602	5874	5229	4724	3889
LOC102723398	10	8	11	7	13	6
CCDC93	1594	1344	1658	1645	1535	1194
LOC102723413	0	0	0	0	0	0
INSIG2	885	725	937	909	797	597
LOC100506797	1	8	7	6	0	2
LOC101927709	0	0	0	0	0	0
EN1	21	14	11	43	22	27
MARCO	0	0	1	2	1	1
C1QL2	0	0	0	0	0	0
STEAP3	719	623	834	629	549	446
C2orf76	146	143	164	159	155	118
DBI	3089	2581	3336	3083	2646	2348
TMEM37	17	4	4	17	8	3
SCTR	0	0	0	0	0	0
LOC101927734	0	0	0	0	0	0
PCDP1	1	0	5	2	4	2
TMEM177	265	270	363	272	246	202
LOC100125918	1	1	3	1	1	1
LOC101927764	2	0	0	2	0	0
PTPN4	989	872	1019	997	867	721
EPB41L5	983	830	1121	1184	1019	868
TMEM185B	1709	1441	1770	1689	1507	1266
RALB	2285	1969	2498	2248	2054	1557
INHBB	31	19	20	16	25	18
LINC01101	0	0	0	0	0	0
GLI2	25	11	25	27	18	19
TFCP2L1	512	513	664	644	626	470
CLASP1	3053	2486	3083	2647	2419	2041
RNU4ATAC	5	3	7	2	6	2
NIFK-AS1	97	70	96	82	65	46
NIFK	938	790	1033	984	812	742
TSN	4549	4006	4948	4828	4327	3304
LOC101927801	0	0	0	4	0	0
CNTNAP5	3	0	2	1	1	0
GYPC	1	0	0	0	0	0
BIN1	1304	1109	1517	1425	1118	955
CYP27C1	107	91	102	88	108	78
ERCC3	1922	1662	2104	2082	1945	1547
MAP3K2	3870	3300	4221	4452	3893	3216
LOC100506922	104	93	104	148	93	74
PROC	14	12	6	10	6	10
MIR4783	0	0	0	1	0	0
IWS1	3007	2424	3163	2948	2731	2220
MYO7B	1	1	2	2	2	0
LOC101927834	0	0	0	0	0	0
LIMS2	40	31	41	48	35	18
GPR17	1	1	0	2	2	3
SFT2D3	418	369	453	419	373	300
WDR33	4017	3403	4358	4093	3905	3120
POLR2D	1454	1233	1567	1448	1259	985
AMMECR1L	1795	1431	1871	1722	1494	1373
LOC101928657	78	29	70	59	61	35
SAP130	1789	1607	2028	1904	1642	1546
UGGT1	5460	5033	6212	5724	5369	4262
LOC102723551	0	0	0	1	0	0
HS6ST1	1311	998	1330	1231	1122	910
LOC101927881	25	16	15	11	11	14
AC079586.1	0	0	0	0	0	1
LOC389033	0	0	0	0	1	0
AC079776.3	0	0	0	0	0	0
RAB6C-AS1	1	2	0	3	0	2
RAB6C	14	36	27	37	21	31
FAR2P1	324	282	372	340	295	293
POTEF	195	162	235	172	176	163
MED15P9	1	0	2	2	3	4
CCDC74B	12	19	15	18	25	14
SMPD4	3770	3391	4535	3998	3553	2793
MZT2B	318	354	389	303	292	230
TUBA3E	2	0	0	1	1	1
TRNAE26	0	0	0	0	0	0
CCDC115	812	629	818	698	605	494
IMP4	1161	981	1209	1058	969	791
PTPN18	558	450	565	423	409	363
FAR2P2	1	6	3	3	6	3
CYP4F62P	0	0	1	0	0	0
POTEI	96	113	90	87	79	139
CFC1B	0	0	0	0	0	0
LOC646743	0	0	0	0	0	0
TISP43	0	0	0	0	0	0
CFC1	0	0	0	0	0	0
POTEJ	58	57	49	50	64	62
CYP4F30P	3	0	2	1	0	2
FAR2P3	2	0	2	0	0	5
GPR148	0	0	0	0	0	0
AMER3	0	0	0	0	0	1
ARHGEF4	698	554	684	661	584	427
FAM168B	7388	6267	8261	7906	7275	5673
PLEKHB2	4809	4217	5237	4924	4400	3423
POTEE	37	59	61	52	46	70
LOC440910	1	6	7	3	1	4
WTH3DI	22	36	19	19	20	28
LINC01120	0	0	0	0	0	0
LOC401010	7	11	18	10	10	17
MZT2A	774	659	892	728	594	504
TUBA3D	15	5	15	18	11	16
MIR4784	1	2	2	0	7	5
LOC150776	852	806	935	912	671	562
CCDC74A	21	20	22	25	33	19
POTEKP	0	0	0	1	0	0
LINC01087	0	0	1	0	1	0
LOC100507460	96	107	128	92	73	64
C2orf27A	0	1	3	3	0	0
C2orf27B	0	0	1	0	1	0
LOC101928067	0	0	0	0	0	0
LOC102723658	0	0	0	0	0	0
ANKRD30BL	0	1	0	0	0	0
MIR663B	0	0	0	0	0	0
ZNF806	0	0	0	0	0	0
FAM201B	9	8	4	8	8	4
GPR39	103	76	73	74	64	68
LYPD1	43	36	37	31	31	23
NCKAP5	99	67	97	80	71	59
LOC101928185	0	0	0	0	0	0
AC010890.1	3	5	2	3	1	2
MGAT5	2530	2232	2760	2402	2103	1699
MIR3679	0	1	0	0	0	0
TMEM163	7	6	3	12	10	8
LOC102723718	0	0	0	0	0	0
ACMSD	0	0	4	1	4	1
MIR5590	0	0	0	0	0	0
CCNT2-AS1	13	5	17	15	10	18
CCNT2	1871	1726	1944	1779	1658	1353
MAP3K19	0	1	1	1	2	0
RAB3GAP1	4478	3703	4668	4376	4014	3313
ZRANB3	506	392	513	438	404	378
R3HDM1	2648	2192	3007	2717	2555	2182
MIR128-1	0	0	0	0	0	0
UBXN4	6367	5557	6690	6375	5817	4793
LCT	20	9	25	23	14	10
LOC100507600	0	0	0	0	0	0
MCM6	7633	6802	8729	7610	6816	5638
DARS	4425	3808	4652	4081	3898	3167
AC093391.2	7	4	3	3	2	3
CXCR4	18	6	25	26	25	16
THSD7B	204	186	215	117	94	60
LOC101928273	0	0	0	0	0	0
HNMT	0	0	0	0	0	0
LOC101928339	0	0	4	0	5	1
SPOPL	1997	1638	2045	1979	1773	1463
NXPH2	0	0	0	0	0	0
YY1P2	2	0	0	0	3	4
LRP1B	18	17	18	13	12	6
MIR7157	0	0	0	0	0	0
KYNU	107	85	146	78	57	62
ARHGAP15	0	0	0	0	0	0
LOC101928361	0	0	0	0	0	0
AC016910.1	1	1	3	3	1	1
GTDC1	651	577	686	567	585	463
ZEB2	8	8	4	0	2	7
LOC102723797	0	0	0	0	0	0
ZEB2-AS1	0	0	0	0	0	0
LOC101928455	0	0	0	0	0	0
TEX41	5	2	0	2	2	4
LOC100505498	0	0	1	1	3	1
PABPC1P2	0	2	0	0	0	0
ACVR2A	317	319	339	386	383	330
ORC4	1438	1273	1558	1558	1390	1168
MBD5	278	195	259	308	267	201
EPC2	1540	1233	1538	1538	1455	1215
LOC101928526	0	0	0	0	0	0
KIF5C	31	28	38	48	46	30
LOC101928553	0	0	0	0	0	0
LYPD6B	69	67	85	33	43	26
LYPD6	196	200	238	138	131	91
MMADHC	3268	2743	3484	3464	3041	2466
AC144449.1	5	2	11	15	13	14
RND3	1356	1218	1401	1367	1246	1037
AC104777.2	0	0	0	0	0	0
AC104777.4	0	0	0	0	0	0
RBM43	492	435	520	431	386	364
NMI	1489	1196	1528	1188	1142	991
LOC101929319	0	0	0	0	0	0
TNFAIP6	0	2	0	2	3	0
MIR4773-1	0	0	0	0	0	0
MIR4773-2	0	0	0	0	0	0
RIF1	8946	7867	9965	8733	8102	6699
NEB	456	307	453	587	565	464
LOC101929336	11	4	4	8	10	9
LOC101929356	15	16	8	20	18	15
ARL5A	2048	1795	2013	1923	1752	1470
CACNB4	10	10	13	14	7	10
STAM2	1329	1053	1289	1215	1134	1027
FMNL2	1952	1690	2068	1743	1576	1315
PRPF40A	8892	7663	9609	8765	8285	6983
ARL6IP6	1287	1233	1429	1318	1224	877
RPRM	38	29	34	32	27	18
GALNT13	549	436	521	428	407	304
AC009227.2	3	2	0	6	1	2
KCNJ3	0	0	0	3	0	0
AC093375.1	47	36	36	25	23	24
NR4A2	147	90	123	182	155	110
TRNAA4	0	0	0	0	0	0
TRNAG19	0	0	0	0	0	0
GPD2	4281	3743	4596	3956	3763	2957
GALNT5	0	1	0	0	3	8
ERMN	0	1	3	2	7	2
FAM133DP	16	17	8	10	18	11
CYTIP	2	3	2	3	2	0
ACVR1C	175	148	167	191	167	122
ACVR1	754	620	780	650	602	445
UPP2	0	0	0	1	2	0
CCDC148-AS1	0	0	0	0	1	0
CCDC148	31	19	27	26	21	26
PKP4	3926	3362	4277	3374	3050	2627
LOC100131270	6	3	1	6	7	3
DAPL1	5	1	1	13	1	1
TANC1	2473	2201	2754	2454	2183	1763
MIR6888	0	0	0	0	0	0
WDSUB1	285	228	246	224	176	156
BAZ2B	2441	1940	2246	2395	2320	1904
LOC643072	76	53	52	66	67	65
LOC102723926	15	10	7	12	6	7
MARCH7	3815	3163	3749	3653	3250	2789
LY75-CD302	0	0	0	0	0	0
CD302	0	0	0	0	0	0
LY75	0	0	3	0	0	3
PLA2R1	249	215	228	161	171	173
LOC102723938	0	0	0	0	0	0
ITGB6	929	825	1021	880	795	647
LOC100505984	1	0	1	0	0	1
RBMS1	2261	2006	2518	2316	2076	1685
MIR4785	0	0	0	0	0	0
TANK	1091	882	1040	987	890	807
LOC101929512	10	8	10	7	5	5
AC009299.3	902	803	981	762	686	620
LOC102723949	7	13	6	16	18	10
PSMD14	3855	3204	4232	4012	3702	3175
TBR1	1	1	6	4	0	0
AHCTF1P1	98	137	117	101	102	125
SLC4A10	30	15	26	19	12	16
DPP4	2	1	1	6	2	9
AC007750.5	1	0	0	1	0	0
GCG	0	0	0	0	0	0
FAP	2	1	1	2	2	0
IFIH1	989	872	831	423	381	357
GCA	912	770	929	828	799	584
KCNH7	1	0	0	0	1	5
AC007740.1	0	0	0	0	0	0
FIGN	827	644	816	702	607	493
GRB14	144	103	108	130	112	65
LOC101929615	0	0	0	8	2	4
COBLL1	2012	1685	2009	1522	1483	1234
SNORA70F	1	0	1	1	2	0
LOC101929633	1	0	4	0	2	2
SLC38A11	2	0	0	1	0	0
LOC101929658	0	0	0	0	0	0
SCN3A	47	44	33	1	1	0
SCN2A	16	21	16	14	11	13
CSRNP3	440	405	457	428	410	317
GALNT3	1905	1586	2063	1598	1467	1232
LOC102724230	60	35	46	45	28	32
LOC100506124	12	5	10	8	8	7
TTC21B	881	657	878	903	726	662
TTC21B-AS1	2	1	1	0	1	2
LOC102724067	0	0	0	0	0	0
SCN1A	1	0	0	1	0	0
LOC102724058	0	0	0	0	0	0
AC010127.3	3	0	3	3	3	7
SCN9A	19	20	26	23	23	37
SCN7A	0	0	0	0	0	0
XIRP2	0	0	1	2	1	0
XIRP2-AS1	0	0	0	0	0	0
B3GALT1	12	12	14	12	8	14
STK39	3495	3266	4005	3374	3032	2488
LOC102724081	2	2	1	0	0	0
CERS6	2916	2396	2999	2691	2514	2104
MIR4774	0	0	0	0	0	0
CERS6-AS1	0	0	0	0	0	0
NOSTRIN	3	2	1	4	0	1
SPC25	0	3	0	0	2	0
G6PC2	0	0	0	0	0	0
ABCB11	0	0	0	0	0	0
DHRS9	11	3	12	5	4	6
LRP2	34	31	39	52	40	27
BBS5	213	184	245	226	178	138
KLHL41	3	2	5	4	5	7
FASTKD1	819	617	880	818	645	571
PPIG	4166	3596	4464	4166	3980	3425
CCDC173	2	2	5	8	8	16
PHOSPHO2-KLHL23	0	0	0	0	0	0
PHOSPHO2	105	82	117	106	104	84
KLHL23	2	3	1	2	4	7
SSB	6238	5220	6636	5706	5542	4737
METTL5	979	861	1091	989	790	741
UBR3	2548	2118	2637	2774	2574	2178
MYO3B	820	768	858	888	759	693
LOC101929753	0	0	2	0	0	0
AC007405.4	1	1	3	1	2	1
LINC01124	65	59	68	61	55	49
SP5	35	27	43	32	30	29
ERICH2	27	13	23	30	32	17
GAD1	357	262	373	383	351	353
GORASP2	5782	5076	6684	6383	5673	4672
TLK1	5349	4586	5728	5260	4688	3956
METTL8	1027	920	1099	976	901	725
LOC102724136	0	1	2	1	3	0
DCAF17	1031	911	1137	978	905	734
CYBRD1	655	602	711	549	478	449
DYNC1I2	5103	4315	5516	4344	4157	3551
SLC25A12	1370	1303	1615	1443	1364	1073
HAT1	3197	2581	3403	3253	2982	2552
METAP1D	205	143	205	184	160	124
DLX1	28	35	61	60	60	43
DLX2	3	2	1	6	4	5
ITGA6	7772	7356	8731	7639	7029	5536
LOC101926931	4	2	5	1	3	3
PDK1	366	313	419	306	270	213
RAPGEF4-AS1	0	2	0	2	0	2
RAPGEF4	44	40	52	62	48	40
ZAK	3931	3322	4155	3576	3095	2501
LOC102724157	5	4	9	4	5	3
MLK7-AS1	11	12	17	9	14	8
CDCA7	4631	4095	5027	3855	3509	2835
SP3	5402	4387	5471	4999	4470	3793
LOC100128905	0	0	0	0	0	0
OLA1	6801	5713	7361	7067	6315	5466
AC018470.4	30	23	32	30	31	29
LOC102724194	6	3	7	3	3	1
SP9	17	16	11	17	19	16
CIR1	727	631	723	661	692	560
SCRN3	900	811	933	909	874	711
GPR155	64	57	62	85	83	46
WIPF1	115	128	113	92	68	69
H3F3AP4	440	394	478	510	467	385
CHRNA1	0	0	0	0	0	0
CHN1	407	321	397	306	287	215
ATF2	2732	2198	2616	2362	2217	1779
MIR933	0	0	2	0	5	0
ATP5G3	5218	4712	6133	5580	4970	3833
KIAA1715	1901	1492	2014	1825	1663	1349
EVX2	0	0	0	1	0	0
HOXD13	130	119	138	122	100	90
HOXD12	3	2	0	0	1	2
HOXD11	249	215	198	208	183	160
HOXD10	228	194	217	224	199	164
HOXD9	63	42	63	63	46	48
LOC100129455	11	3	7	7	12	9
HOXD8	254	193	242	239	244	211
HOXD-AS2	0	0	0	0	0	0
HOXD3	2	1	2	1	0	0
MIR10B	0	0	0	0	0	0
HOXD4	4	3	0	4	2	1
HOXD-AS1	240	247	299	197	203	163
HOXD1	15	5	6	9	10	5
MTX2	1432	1178	1414	1338	1147	1024
MIR1246	0	0	0	0	0	0
LINC01116	79	85	111	89	88	73
LOC102724224	6	12	8	11	2	9
HNRNPA3	25613	21382	27449	21849	19904	17425
MIR4444-1	0	0	0	0	0	0
NFE2L2	5008	3870	4880	4458	3999	3566
MIR3128	1	0	1	1	1	0
AC074286.1	43	27	30	24	30	22
MIR6512	1	3	1	0	0	1
AGPS	4907	4256	5330	4650	4235	3704
TTC30B	182	178	237	148	191	133
TTC30A	183	182	192	162	179	154
PDE11A	29	16	30	38	43	17
RBM45	327	262	389	324	291	257
OSBPL6	510	495	629	560	494	451
AC009948.5	400	321	331	349	310	224
PRKRA	1801	1485	2008	1773	1590	1329
DFNB59	49	33	49	69	57	57
FKBP7	215	153	219	193	185	154
PLEKHA3	732	683	880	774	717	568
TTN-AS1	33	27	46	39	42	37
TTN	376	327	385	436	389	299
LOC102724244	4	4	3	1	1	1
LOC101927055	2	1	2	4	2	3
CCDC141	0	0	0	2	0	0
SESTD1	885	760	924	732	737	651
ZNF385B	84	71	98	64	65	52
LOC101927073	0	0	0	0	0	0
LOC102724263	0	0	0	0	0	0
MIR1258	0	0	0	0	0	0
CWC22	1607	1308	1581	1637	1412	1376
SCHLAP1	0	0	0	0	0	0
UBE2E3	1460	1315	1642	1483	1243	1063
AC104820.2	0	2	0	0	0	0
MIR4437	0	0	0	0	0	0
ITGA4	2	0	4	3	0	3
CERKL	16	7	22	10	14	3
NEUROD1	0	0	0	0	0	0
SSFA2	5062	4323	5527	5402	4679	3898
PPP1R1C	18	24	23	31	19	14
LOC102724288	0	0	0	0	0	0
PDE1A	2	2	4	3	2	4
LOC102724304	0	0	0	0	0	0
LOC101929976	0	0	0	0	0	0
DNAJC10	6001	5251	6566	5924	5260	4643
FRZB	0	1	3	2	0	0
NCKAP1	17099	14694	18295	17254	15664	12924
DUSP19	182	164	185	199	169	166
NUP35	1075	855	1243	998	957	783
LOC102724340	0	0	0	0	0	0
MIR548AE1	0	0	0	0	0	0
ZNF804A	12	6	2	8	3	10
AC007966.1	9	5	5	5	3	7
FSIP2	145	104	130	124	129	88
LOC102724349	6	4	8	13	3	5
AC097500.2	4	9	6	8	6	5
ZC3H15	4209	3474	4426	4213	3829	3202
ITGAV	6196	5490	6008	6570	6091	4895
FAM171B	602	480	550	588	573	448
ZSWIM2	0	0	0	0	0	0
LOC102724367	2	0	1	0	0	1
CALCRL	36	39	35	29	15	15
TFPI	1	0	0	3	4	3
GULP1	550	445	537	514	418	318
MIR561	2	0	0	0	0	2
DIRC1	0	0	0	1	1	0
COL3A1	3	2	8	4	7	1
MIR1245A	0	0	0	0	0	0
MIR1245B	0	0	0	0	0	0
MIR3606	0	0	0	0	0	0
COL5A2	63	65	84	81	63	42
MIR3129	0	0	0	0	0	0
LOC101927252	4	1	4	2	6	2
LOC102724395	0	0	0	0	0	0
WDR75	2193	1826	2414	2220	1926	1694
SLC40A1	23	24	35	37	39	39
ASNSD1	1239	996	1281	1231	1087	916
ANKAR	46	72	73	59	73	53
OSGEPL1	183	167	180	125	120	108
OSGEPL1-AS1	12	6	13	12	12	10
ORMDL1	1550	1265	1653	1583	1466	1242
PMS1	829	703	736	808	642	557
C2orf88	38	45	45	50	38	39
MSTN	3	0	1	1	0	2
HIBCH	982	854	1050	835	824	698
INPP1	926	696	905	843	753	640
MFSD6	1791	1511	1851	1711	1591	1267
TMEM194B	530	440	505	479	503	316
NAB1	4029	3290	3861	3665	3385	2815
GLS	3195	2602	2965	3255	3228	2396
STAT1	8693	7499	8286	6144	5414	4568
STAT4	199	157	190	186	154	169
MYO1B	23049	20551	25899	20450	18757	15544
NABP1	592	388	539	658	585	475
SDPR	116	128	90	154	146	111
TMEFF2	1	1	1	1	0	1
LOC101927366	0	0	0	3	0	0
PCGEM1	0	0	0	0	0	0
AC018799.1	0	0	0	0	0	0
AC006196.1	0	0	0	0	0	0
SLC39A10	1735	1688	2077	1264	1243	933
DNAH7	3	2	7	8	5	6
STK17B	906	787	979	819	694	610
LOC101927454	0	0	0	0	0	0
HECW2	45	24	39	59	60	53
AC020571.3	0	0	0	0	0	0
LOC102724498	0	0	0	0	0	0
CCDC150	128	122	147	157	154	147
LOC100130452	0	1	0	1	2	0
GTF3C3	1775	1554	1849	1796	1602	1278
C2orf66	3	2	2	4	6	5
PGAP1	1459	1283	1535	1392	1371	1065
ANKRD44	135	142	124	154	150	101
LOC101927596	0	0	0	0	0	0
LOC101927567	0	0	0	0	0	0
ANKRD44-IT1	0	1	0	1	1	0
SF3B1	16721	14580	18297	16302	14548	12293
COQ10B	911	745	903	1019	911	750
HSPD1	37297	30991	40256	36072	32345	26980
HSPE1-MOB4	0	0	0	0	0	0
HSPE1	1232	1238	1464	1294	1172	938
MOB4	1	2	1	0	2	1
RFTN2	9	8	7	10	8	4
MARS2	491	426	556	533	410	351
BOLL	7	8	5	5	9	6
PLCL1	19	10	8	13	14	18
AC005235.1	0	0	0	0	0	0
SATB2	407	294	407	435	360	309
SATB2-AS1	2	0	2	1	0	1
AC093590.1	0	0	0	0	2	0
LOC101927665	1	0	3	0	1	1
FTCDNL1	15	14	12	10	6	10
LOC101927687	4	4	5	4	0	1
C2orf69	1229	1041	1230	1100	1084	850
TYW5	344	319	386	356	321	287
C2orf47	487	470	553	513	461	377
SPATS2L	3978	3501	4133	3155	2697	2175
LOC101927741	5	6	5	4	3	2
KCTD18	393	358	478	383	424	301
SGOL2	1187	1025	1238	985	938	762
AOX1	8	25	17	35	24	19
AOX2P	0	0	1	0	0	2
AC007163.3	0	0	0	1	0	0
AC007163.6	1	0	0	0	0	0
BZW1	4845	4177	5580	5228	4823	3981
RNU6-31P	0	0	0	1	0	0
CLK1	1575	1328	1505	1667	1409	1365
PPIL3	707	589	726	755	675	600
NIF3L1	963	720	851	728	711	590
ORC2	1520	1221	1555	1337	1180	995
FAM126B	970	952	1077	1161	1116	935
NDUFB3	806	620	768	798	723	632
CFLAR	729	588	684	702	644	567
LOC102724614	5	4	2	4	2	1
CFLAR-AS1	1	1	1	2	0	2
CASP10	186	125	198	202	174	98
CASP8	615	554	693	617	617	457
ALS2CR12	8	3	4	11	6	4
TRAK2	1356	1170	1525	1538	1410	1200
STRADB	577	508	649	625	511	443
ALS2CR11	0	1	4	6	3	0
TMEM237	1463	1289	1517	1393	1174	1034
MPP4	3	2	7	2	2	0
ALS2	1099	947	1269	1165	1037	799
CDK15	0	0	0	0	0	0
LOC102723977	0	3	5	2	7	5
FZD7	417	402	503	478	416	409
LOC100652824	1	0	1	2	3	0
LOC729224	0	1	0	1	1	0
SUMO1	4202	3488	4582	4264	3761	3337
NOP58	3501	3013	3898	3439	3082	2615
SNORD70	3	0	0	0	1	1
SNORD11B	0	1	7	3	0	0
SNORD11	2	2	3	1	2	2
LOC102724650	0	0	0	1	0	0
BMPR2	2739	2278	2660	2879	2673	2179
FAM117B	322	269	345	290	261	234
ICA1L	99	87	151	135	113	82
WDR12	1064	922	1250	1066	927	754
CARF	107	109	111	88	95	77
NBEAL1	1029	1032	1147	1157	1122	879
CYP20A1	989	831	1047	1074	1046	800
ABI2	5689	4918	6176	5159	4707	3830
RAPH1	2188	1906	2381	2104	2019	1649
CD28	0	0	0	0	0	1
CTLA4	0	0	0	0	0	0
LOC101927840	0	0	0	0	0	0
ICOS	0	0	0	0	0	0
PARD3B	143	101	151	110	104	89
NRP2	557	580	664	374	328	286
INO80D	2454	2045	2512	2295	2182	1651
GCSHP3	204	186	217	238	181	157
NDUFS1	4477	3875	4916	4412	3892	3337
EEF1B2	9541	8120	10632	9726	8600	7458
SNORD51	3	2	3	4	1	1
SNORA41	1	3	6	6	1	11
GPR1	0	0	1	0	0	1
GPR1-AS	0	0	0	0	0	0
ZDBF2	1389	1217	1370	1341	1254	1086
ADAM23	23	26	44	30	21	17
AC010731.4	0	0	0	0	0	0
DYTN	0	0	0	0	0	0
MDH1B	11	17	13	24	12	11
FASTKD2	2128	1934	2438	2191	1972	1533
MIR3130-2	0	0	0	0	0	0
MIR3130-1	0	0	0	0	0	0
CPO	4	1	1	0	2	3
KLF7	2239	1934	2341	1552	1376	1193
MIR2355	0	0	0	0	0	0
MIR7845	0	1	0	1	0	1
LOC102724692	0	0	0	0	0	0
AC007879.2	9	12	3	5	5	5
LOC102724675	0	0	1	1	0	2
MIR1302-4	0	0	0	0	0	0
CREB1	2836	2242	2638	2343	2189	1719
METTL21A	358	280	393	394	374	320
LOC102724714	0	2	0	0	0	0
CCNYL1	1352	1173	1407	1564	1409	1190
MIR4775	0	0	0	0	0	0
FZD5	971	840	945	799	762	583
PLEKHM3	598	529	602	622	575	491
LOC100507443	0	0	0	0	0	0
CRYGD	0	0	0	0	0	0
CRYGC	0	0	1	0	0	0
CRYGB	0	0	0	0	0	0
CRYGA	0	0	0	0	0	0
C2orf80	2	3	2	2	1	1
IDH1	6967	5790	7380	5736	5301	4405
IDH1-AS1	6	6	4	3	5	3
PIKFYVE	3018	2468	2992	2923	2711	2201
PTH2R	0	0	1	0	0	0
LOC101927960	7	1	1	1	5	4
LOC101927991	0	0	0	0	1	0
MAP2	49	55	60	58	60	55
UNC80	9	9	13	5	14	5
RPE	2855	2376	3191	2851	2382	2051
KANSL1L	127	100	112	116	91	77
AC007038.7	23	10	17	11	17	16
ACADL	20	28	31	37	24	22
MYL1	0	0	0	0	0	0
LANCL1	3199	2806	3300	3145	2935	2342
LOC102724820	2	0	3	1	1	0
CPS1	54	49	34	94	55	53
CPS1-IT1	0	0	0	0	0	0
ERBB4	8	8	9	17	19	14
MIR548F2	0	0	0	0	0	0
MIR4776-1	0	0	0	0	0	0
MIR4776-2	0	0	0	0	0	0
IKZF2	538	382	384	394	351	318
AC079610.2	2	3	0	2	2	3
SPAG16	319	276	369	286	277	224
MIR4438	0	0	0	0	0	0
LOC101928084	0	0	0	0	1	0
VWC2L	0	0	0	0	0	0
VWC2L-IT1	0	0	0	0	0	0
BARD1	1214	968	1236	1200	1053	881
AC072062.1	52	44	49	42	50	28
ABCA12	562	521	557	613	484	402
ATIC	4682	3843	5095	4838	4273	3607
FN1	698	674	773	943	847	635
LOC102724849	0	0	0	0	0	0
LINC00607	0	0	1	0	0	0
LOC102724861	0	0	0	0	0	0
MREG	609	602	691	595	604	412
PECR	224	168	210	202	170	167
TMEM169	8	13	8	6	23	16
XRCC5	20014	17452	22430	19454	17664	14959
PKI55	208	177	187	267	220	197
MARCH4	2	0	2	9	1	3
SMARCAL1	847	693	889	841	760	582
LOC100507554	23	14	10	22	17	26
RPL37A	16640	15565	18553	16900	14543	12465
LOC101928156	6	4	6	4	3	1
LOC101928180	3	0	1	2	3	1
AC073321.3	0	0	0	0	0	0
IGFBP2	15	27	25	22	23	20
IGFBP5	11	10	9	36	24	16
LOC101928250	0	0	0	0	0	0
LOC101928278	0	0	0	0	0	0
TNP1	0	0	0	0	0	0
LOC102723315	0	0	0	0	0	0
LOC101928327	0	0	0	0	0	0
LOC102723329	0	0	1	1	0	0
DIRC3	0	0	0	1	0	0
TNS1	298	218	319	376	323	248
MIR6809	0	0	0	0	0	0
LOC102723375	2	1	1	8	1	6
RUFY4	1	1	0	0	1	4
CXCR2P1	0	0	0	3	2	1
CXCR2	63	59	54	105	71	72
CXCR1	0	2	0	1	0	0
LOC101928487	18	16	25	15	19	3
ARPC2	15006	12213	15846	14021	12657	10943
TRNAY9	0	0	0	2	0	0
GPBAR1	2	2	1	8	6	1
AAMP	3074	2694	3563	3296	2853	2277
PNKD	486	468	635	457	420	285
TMBIM1	2665	2453	3059	2687	2379	1953
MIR6513	0	1	1	0	0	2
MIR6810	0	0	0	0	0	0
C2orf62	1	0	1	2	0	2
LOC101928513	0	0	0	2	0	1
SLC11A1	10	10	5	21	16	10
CTDSP1	1988	1660	2178	1825	1620	1405
MIR26B	0	0	1	1	0	1
VIL1	2	0	0	6	3	1
USP37	2739	2425	3068	2667	2590	2032
RQCD1	3074	2743	3411	3046	2694	2149
PLCD4	214	186	216	191	162	133
LOC102723421	2	0	1	1	0	0
ZNF142	1168	1038	1250	1140	1000	764
BCS1L	636	543	691	666	546	499
RNF25	436	407	441	558	442	427
STK36	386	262	349	436	351	307
TTLL4	981	868	1081	876	781	662
CYP27A1	1	5	8	6	5	4
PRKAG3	3	6	1	0	2	1
WNT6	12	10	12	10	13	5
WNT10A	584	469	582	538	415	365
AC073128.10	4	4	2	3	6	0
CDK5R2	16	22	22	23	20	14
LINC00608	0	0	0	0	0	0
FEV	2	0	0	0	0	2
CRYBA2	9	17	8	11	8	5
MIR375	0	0	0	0	0	0
AC097468.4	1	4	1	4	1	5
CCDC108	0	2	0	4	1	2
IHH	0	0	0	1	0	2
MIR3131	0	0	0	0	0	0
NHEJ1	446	390	447	446	389	350
SLC23A3	17	8	14	23	18	16
CNPPD1	689	657	869	658	619	495
FAM134A	1524	1221	1524	1372	1209	977
ZFAND2B	324	279	315	291	239	184
ABCB6	832	715	991	862	775	543
ATG9A	2106	1823	2288	1905	1565	1277
ANKZF1	974	742	967	840	828	611
GLB1L	138	145	158	152	127	133
STK16	323	293	359	392	306	210
TUBA4A	1712	1508	1981	2134	1800	1357
TUBA4B	14	8	7	18	4	8
DNAJB2	645	511	622	662	567	493
PTPRN	0	0	0	0	0	0
MIR153-1	0	0	0	0	0	0
RESP18	0	0	0	0	0	0
DNPEP	1021	925	1150	916	831	654
DES	3	0	3	3	3	3
LOC101928568	0	0	0	0	0	0
SPEG	368	323	418	491	427	318
LOC100996693	2	1	3	5	8	2
GMPPA	596	456	577	574	492	407
ASIC4	2	0	1	4	9	0
CHPF	1009	985	1278	1129	977	810
TMEM198	42	29	51	43	39	36
MIR3132	0	0	0	0	3	0
OBSL1	1674	1343	1731	1681	1430	1229
INHA	16	11	16	22	10	7
STK11IP	492	418	514	410	374	325
SLC4A3	174	187	224	247	190	179
LOC101928639	1	1	2	2	2	0
MIR4268	0	0	0	0	0	0
LOC101928662	0	0	0	0	0	0
EPHA4	65	60	62	84	64	49
LOC729770	4	7	5	9	2	2
PAX3	7	5	7	4	9	2
CCDC140	1	0	0	1	0	0
LOC440934	9	2	3	10	4	6
SGPP2	631	531	583	535	508	428
FARSB	3194	2867	3777	3267	2754	2424
MOGAT1	0	0	3	0	0	0
ACSL3	8558	7245	9045	7661	6943	5798
KCNE4	3	2	0	5	0	0
SCG2	6	2	7	10	3	3
AP1S3	1416	1220	1440	1534	1280	1020
WDFY1	2807	2380	3027	2456	2326	1989
MRPL44	1107	1025	1349	1217	1127	902
SERPINE2	455	386	503	592	466	367
FAM124B	0	1	0	0	0	1
CUL3	4291	3595	4732	4907	4442	3753
DOCK10	110	90	126	135	93	94
MIR4439	0	0	0	0	0	0
NYAP2	1	0	4	2	2	1
LOC646736	1	0	0	2	0	0
MIR5702	0	0	0	0	0	0
IRS1	1584	1403	1697	1554	1416	976
RHBDD1	875	805	965	798	623	600
COL4A4	32	20	36	29	23	27
LOC102723537	0	1	1	1	0	0
COL4A3	3	4	6	8	5	5
AC097662.2	27	17	11	18	26	19
MFF	2103	1869	2267	1999	1778	1557
TM4SF20	1	0	1	1	0	0
MIR5703	0	0	0	0	0	0
AGFG1	3279	2811	3417	3053	2856	2279
C2orf83	0	0	0	0	0	0
SLC19A3	42	37	39	39	32	27
CCL20	16	12	10	24	39	12
DAW1	3	2	1	3	9	0
SPHKAP	0	1	0	0	0	0
LOC101928765	22	57	67	51	52	43
PID1	38	32	37	43	33	32
DNER	56	43	45	57	63	31
TRIP12	13844	11908	15321	14746	13831	11106
FBXO36	138	137	166	91	116	97
SLC16A14	356	327	478	339	293	221
SP110	687	556	544	320	289	256
LOC101928789	1	0	0	1	1	0
SP140	8	6	4	10	7	2
SP140L	1285	1024	1250	1153	1093	931
SP100	1718	1562	1684	1142	1005	909
LOC101928816	120	83	83	112	111	74
AC098823.3	7	6	9	10	3	5
CAB39	7312	6767	8536	7093	6598	5168
ITM2C	1975	1735	2218	2379	1981	1685
AC012507.3	0	0	0	0	0	0
GPR55	2	0	0	1	0	0
SPATA3-AS1	0	0	1	3	1	2
SPATA3	0	0	0	0	0	0
C2orf72	3	2	12	6	7	10
PSMD1	6656	5805	7194	7433	6584	5433
HTR2B	5	1	3	2	6	4
ARMC9	578	498	654	498	535	430
MIR4777	0	0	1	0	1	2
B3GNT7	2	7	13	8	8	9
NCL	46628	39353	50921	44135	39905	35622
SNORA75	2	2	0	8	1	2
SNORD20	2	2	0	8	6	2
SNORD82	2	1	0	0	1	0
LINC00471	17	13	32	18	13	11
NMUR1	0	0	0	0	0	0
C2orf57	0	0	0	0	0	0
PTMA	47175	38010	47552	38310	35227	33851
MIR1244-3	0	0	0	0	0	0
PDE6D	707	560	769	614	626	505
COPS7B	1191	1058	1379	1053	997	762
MIR1471	0	0	0	0	0	0
NPPC	0	1	0	1	0	0
DIS3L2	833	706	883	798	755	591
MIR562	0	0	0	0	0	0
ALPP	82	74	95	104	113	69
ECEL1P2	1	0	0	0	1	0
ALPPL2	16	13	10	15	16	10
ALPI	0	0	0	0	4	0
ECEL1	0	0	0	0	0	0
PRSS56	0	0	0	0	1	1
CHRND	0	0	1	4	1	1
CHRNG	5	6	5	11	11	4
TIGD1	152	172	172	132	126	118
EIF4E2	2210	1990	2465	2243	1926	1730
MIR5001	0	0	0	0	0	0
EFHD1	6	2	2	5	3	5
GIGYF2	3798	3237	4157	3824	3743	2893
LOC101928854	2	1	1	2	0	1
KCNJ13	4	3	3	4	11	0
C2orf82	8	8	3	10	7	8
NGEF	344	372	357	265	288	214
LOC101928881	0	0	0	0	0	0
NEU2	0	0	0	0	0	0
INPP5D	297	285	364	264	256	208
ATG16L1	1035	933	1046	1133	919	804
SCARNA5	0	3	1	0	2	1
SCARNA6	2	2	4	6	1	1
SAG	0	0	0	0	0	0
DGKD	959	811	1108	904	773	650
USP40	2271	1956	2516	2292	2009	1690
LOC101927831	0	0	0	1	0	0
MROH2A	3	2	1	23	18	22
HJURP	1907	1510	1932	1720	1537	1293
MSL3P1	2	3	1	2	6	1
TRPM8	9	4	7	10	16	7
SPP2	0	0	0	0	4	0
ARL4C	1633	1556	2226	1926	1731	1287
LOC101927896	7	6	14	11	11	9
SH3BP4	3069	2859	3765	3755	3303	2546
AGAP1	1868	1686	2087	2069	1791	1502
AGAP1-IT1	4	4	8	7	1	2
GBX2	46	48	60	57	57	60
ASB18	3	1	1	0	2	2
IQCA1	21	16	16	25	21	22
ACKR3	290	323	294	155	130	101
AC105760.3	1	1	3	1	1	1
COPS8	2019	1823	2216	2126	2008	1686
COL6A3	0	0	0	1	0	1
MLPH	392	317	365	328	319	295
MIR6811	0	0	0	0	0	0
PRLH	0	0	0	0	0	0
RAB17	127	115	108	125	101	108
LRRFIP1	6465	5403	6804	5632	5428	4309
RBM44	15	19	16	15	22	11
RAMP1	11	19	23	24	28	13
UBE2F-SCLY	1	0	0	2	0	2
UBE2F	381	327	435	370	310	269
SCLY	0	0	3	1	2	4
ESPNL	0	0	1	3	1	0
KLHL30	22	30	29	30	31	19
FAM132B	153	108	209	147	130	103
ILKAP	449	468	585	499	442	361
LOC151174	0	0	0	0	0	0
LOC643387	18	42	25	23	23	26
LOC101927958	3	0	0	1	0	0
HES6	59	29	55	79	68	61
PER2	1067	919	1127	974	918	754
TRAF3IP1	1272	1068	1235	1168	1090	941
ASB1	1363	1227	1450	1583	1387	1147
LINC01107	0	0	2	2	1	0
LOC100287387	136	113	169	140	128	84
TWIST2	377	327	391	377	315	206
FLJ43879	0	1	0	2	2	1
HDAC4	818	673	756	709	675	522
MIR4440	0	0	0	0	0	0
MIR4441	1	0	0	1	0	0
MGC16025	3	0	0	0	0	0
LOC102723762	1	0	1	0	0	0
MIR4269	0	0	0	0	1	0
MIR2467	0	0	0	0	0	0
LOC101928111	8	2	8	5	5	4
FLJ45964	0	0	0	0	0	0
LOC150935	0	0	0	0	0	0
LOC101927147	2	0	2	1	1	1
MIR4786	2	1	4	1	0	0
NDUFA10	2847	2518	3055	2697	2376	1950
OR6B2	0	0	0	1	4	0
PRR21	0	0	0	0	0	0
OR6B3	0	0	0	0	0	0
MYEOV2	825	832	986	966	835	645
OTOS	0	0	0	1	2	1
LOC102723825	7	13	9	6	8	9
GPC1	6349	5893	7188	5608	4935	3966
PP14571	21	37	30	35	39	17
LOC102723995	10	9	10	13	11	11
MIR149	0	4	4	8	1	5
ANKMY1	103	76	102	94	99	75
DUSP28	103	94	78	91	90	77
RNPEPL1	1067	1005	1278	1059	942	664
CAPN10-AS1	52	56	71	69	65	64
CAPN10	277	237	288	276	209	195
GPR35	15	11	11	20	18	13
AQP12B	0	0	0	0	0	0
AC011298.2	0	1	0	0	3	0
AQP12A	0	0	0	1	0	0
KIF1A	11	13	18	22	24	21
LOC102723856	0	0	0	0	0	0
AGXT	0	0	1	2	0	1
C2orf54	615	627	873	930	941	683
LOC728763	4	0	0	6	9	2
LOC200772	1	3	1	0	5	3
SNED1	74	79	76	78	96	64
MTERFD2	562	510	631	688	582	515
PASK	926	795	1045	967	820	676
PPP1R7	1650	1426	1794	1584	1316	1238
ANO7	13	20	23	19	24	19
HDLBP	28632	24306	31764	30619	27584	22779
LOC101927509	29	18	30	27	22	16
SEPT2	24328	20664	25829	23497	21497	17472
FARP2	900	746	953	960	846	659
MIR3133	1	0	0	0	0	1
LOC101930137	6	2	11	4	10	5
STK25	2438	2009	2556	2432	2044	1656
BOK-AS1	4	4	0	0	2	3
BOK	813	670	899	692	649	476
THAP4	1624	1396	1850	1566	1397	1113
ATG4B	1329	1166	1510	1393	1179	1061
DTYMK	1159	1070	1414	1144	1020	793
LOC101927187	248	170	272	223	192	167
ING5	1189	958	1180	1072	930	779
D2HGDH	527	460	551	514	450	346
GAL3ST2	1	1	0	1	2	1
LOC102724396	0	0	0	0	0	0
LOC101927206	0	0	0	0	0	0
NEU4	0	0	0	0	0	0
PDCD1	0	0	0	0	0	0
CXXC11	0	0	0	0	0	0
AC131097.3	1	0	1	1	1	1
LOC285095	0	0	0	0	0	0
LOC102723927	0	0	0	0	0	0
FLJ38379	0	0	0	0	0	0
LOC728323	36	37	29	41	20	16
LOC101927407	4	0	0	6	2	1
LOC102723448	0	0	0	0	0	1
LOC101927174	0	0	0	0	0	0
CHL1	0	0	0	1	0	0
AC011609.3	0	0	0	0	0	0
AC090044.1	0	0	0	0	0	0
CNTN6	0	0	0	0	0	0
CNTN4	0	0	0	0	0	0
LOC101930259	0	0	0	0	0	0
CNTN4-AS2	0	0	0	0	0	0
IL5RA	0	0	0	1	4	0
TRNT1	897	730	949	877	781	694
CRBN	479	455	500	488	464	404
LOC100130207	0	0	0	0	1	0
SUMF1	391	345	486	480	415	335
LRRN1	0	2	1	0	2	0
LOC102723512	0	0	0	0	1	0
SETMAR	146	121	143	129	145	120
ITPR1-AS1	4	2	6	6	4	3
ITPR1	141	161	180	215	178	161
EGOT	1	0	0	0	0	1
BHLHE40-AS1	7	10	10	9	6	3
BHLHE40	4075	3317	3863	3379	3164	2454
ARL8B	3249	2708	3492	3177	2786	2411
EDEM1	2390	2208	2712	2475	2234	1790
MIR4790	0	0	0	0	0	0
LOC102723596	0	0	0	0	0	0
AC069277.1	0	0	0	1	0	0
GRM7	0	0	0	0	0	1
AC087859.1	0	0	1	0	0	0
LOC102723609	0	0	0	0	0	0
LMCD1-AS1	2	4	7	9	0	3
LMCD1	25	22	25	20	13	17
LINC00312	13	17	13	19	13	14
SSUH2	16	15	9	15	15	13
CAV3	0	0	0	0	0	1
OXTR	87	85	109	84	87	74
RAD18	866	736	951	960	812	642
SRGAP3	203	172	165	206	147	130
AC037193.1	1	0	0	0	0	0
SRGAP3-AS3	0	0	0	0	0	0
THUMPD3	1531	1318	1671	1543	1459	1140
THUMPD3-AS1	233	169	210	227	165	147
SETD5	4587	4102	5020	4238	3709	3103
LHFPL4	1	0	1	0	0	3
MTMR14	340	336	355	409	323	278
CPNE9	2	1	0	5	3	2
BRPF1	830	692	884	833	706	602
OGG1	193	143	182	194	155	169
CAMK1	32	28	37	45	41	21
TADA3	1794	1557	2163	1896	1537	1345
ARPC4	2256	1970	2517	2330	2146	1646
ARPC4-TTLL3	0	0	0	0	0	0
TTLL3	27	27	32	30	19	22
RPUSD3	324	325	367	380	326	216
CIDEC	0	4	0	3	2	0
JAGN1	664	615	762	715	593	461
IL17RE	236	220	221	191	210	190
IL17RC	436	352	447	364	274	235
CRELD1	221	225	264	254	254	178
PRRT3	74	63	91	66	83	64
PRRT3-AS1	3	10	11	6	5	2
EMC3	816	682	849	853	778	686
EMC3-AS1	187	180	206	237	230	176
AC022007.5	5	3	7	6	3	0
CIDECP	51	30	73	54	38	38
FANCD2	2849	2605	3196	3096	2838	2238
FANCD2OS	3	3	5	6	5	4
BRK1	2805	2331	3052	3175	2756	2376
VHL	2387	2125	2408	2405	2118	1731
IRAK2	61	49	48	99	94	42
TATDN2	1238	1066	1423	1209	1153	860
GHRLOS	15	12	20	16	16	17
LINC00852	12	18	9	14	10	9
GHRL	1	2	4	4	2	1
SEC13	2357	2044	2655	2452	2070	1826
ATP2B2	0	1	0	0	6	2
MIR378B	0	0	0	0	0	0
MIR885	0	0	0	0	0	0
LINC00606	0	0	1	0	0	0
SLC6A11	234	221	287	292	282	197
SLC6A1	0	1	0	0	0	0
SLC6A1-AS1	0	0	0	0	0	0
LOC101927467	0	0	0	1	1	1
HRH1	432	438	434	444	421	376
LOC102723663	86	59	61	79	63	53
ATG7	571	519	685	629	472	425
VGLL4	882	744	945	761	687	552
TAMM41	120	116	153	121	120	95
LOC101929530	2	1	10	3	1	1
SYN2	7	13	18	12	5	12
TIMP4	8	18	15	12	17	10
PPARG	210	226	241	224	178	129
TSEN2	318	281	325	248	246	198
C3orf83	56	48	54	50	49	40
MKRN2	1052	890	1113	1060	967	716
RAF1	2701	2286	3062	2697	2314	1875
TMEM40	423	401	493	562	493	443
CAND2	16	16	20	28	21	23
RPL32	12311	10747	13585	11825	10654	8995
SNORA7A	0	0	0	0	0	0
IQSEC1	706	676	795	721	610	535
NUP210	5579	5112	6250	4891	4372	3359
HDAC11-AS1	0	1	1	0	0	2
HDAC11	221	177	271	215	182	174
FBLN2	4	0	3	3	2	5
LOC100293612	1	1	1	2	1	0
LINC00620	0	1	1	2	1	1
WNT7A	287	251	324	370	277	206
FGD5P1	10	13	10	7	3	1
TPRXL	6	3	7	6	6	4
CHCHD4	438	393	536	486	405	323
TMEM43	1662	1431	1701	1661	1304	1149
XPC	1021	869	1057	1025	952	782
LSM3	1575	1378	1755	1689	1523	1328
RP11-536I6.1	0	0	0	0	0	0
SLC6A6	761	768	1096	774	755	587
GRIP2	0	0	0	3	0	0
CCDC174	459	379	456	414	424	377
C3orf20	0	9	6	9	7	10
RP11-95M5.1	0	0	0	0	0	0
FGD5	0	1	0	4	0	2
FGD5-AS1	4465	3868	4813	3994	3715	2900
NR2C2	2078	1737	2246	2009	1794	1467
MRPS25	547	448	596	544	473	398
ZFYVE20	1063	1027	1173	1129	930	772
COL6A4P1	3	10	8	14	5	5
CAPN7	1102	882	1157	1248	1131	858
SH3BP5-AS1	21	9	15	21	26	28
SH3BP5	64	66	104	101	89	61
METTL6	563	487	645	553	522	412
EAF1	1831	1554	1912	1876	1704	1380
COLQ	23	21	21	26	10	20
MIR4270	0	0	0	0	0	0
HACL1	311	272	333	321	277	241
BTD	215	177	202	230	154	155
ANKRD28	2847	2408	3166	2708	2473	1997
MIR3134	0	0	0	0	0	0
LOC101927647	1	1	0	5	1	1
MIR563	0	1	0	0	0	1
LOC101927674	1	1	3	0	1	1
LOC101927725	1	0	2	0	2	2
GALNT15	8	4	4	6	5	2
DPH3	517	449	571	564	496	388
OXNAD1	400	331	419	412	392	302
RFTN1	58	40	62	90	76	41
LINC00690	0	0	0	0	0	0
DAZL	0	0	0	1	0	0
PLCL2	226	216	200	217	180	150
MIR3714	0	0	0	0	0	0
TBC1D5	2499	2108	2762	2279	2006	1489
LOC339862	61	82	132	89	92	67
SATB1	349	288	379	436	447	376
LOC101929587	1	2	4	4	2	1
LOC101927777	6	3	7	7	8	11
LOC101927805	0	0	0	0	0	0
KCNH8	20	28	17	11	9	19
MIR4791	0	0	0	0	0	0
EFHB	0	1	9	5	3	1
RAB5A	2017	1685	2063	1992	1831	1489
PP2D1	10	6	5	6	13	3
KAT2B	268	217	292	312	232	239
MIR3135A	0	0	0	0	0	1
SGOL1	686	598	741	675	594	540
SGOL1-AS1	0	0	0	0	0	0
AC107622.1	0	0	0	0	0	0
VENTXP7	0	0	0	0	0	0
ZNF385D	0	0	1	1	0	0
UBE2E2-AS1	0	0	0	3	0	0
UBE2E2	596	534	685	691	561	496
UBE2E1	2459	2298	2675	2378	2193	1832
NKIRAS1	299	244	328	312	279	243
RPL15	17763	15138	19846	17315	15555	12468
NR1D2	2239	2022	2604	1995	1827	1579
LINC00691	0	1	1	1	2	1
THRB	478	496	610	536	471	385
LOC101927854	0	0	1	1	0	1
THRB-AS1	0	6	4	6	9	8
MIR4792	0	0	0	0	0	0
LOC101927874	0	0	0	0	0	0
RARB	201	143	205	154	132	127
TOP2B	8026	6923	8318	7345	6860	5829
MIR4442	0	0	0	0	0	0
NGLY1	813	602	767	751	605	528
OXSM	311	268	341	310	267	200
LINC00692	0	0	0	0	0	0
LRRC3B	0	0	0	0	1	0
NEK10	9	23	18	22	12	8
SLC4A7	3009	3037	3576	2698	2353	1973
EOMES	96	76	148	134	124	81
LOC100996624	3	8	2	2	1	2
CMC1	344	289	388	314	305	241
AZI2	995	788	1023	911	799	664
ZCWPW2	7	13	9	10	3	5
LINC00693	0	1	2	4	0	3
LOC100652807	0	0	0	0	0	0
RBMS3-AS3	2	3	0	1	0	0
RBMS3	80	56	53	59	54	34
RBMS3-AS2	0	0	0	1	0	1
LOC101927995	0	0	0	0	0	0
AC116035.1	0	0	0	0	1	0
TGFBR2	1394	1179	1529	1461	1339	1055
GADL1	0	0	0	0	0	0
STT3B	5914	4979	6385	6224	5630	4567
OSBPL10	659	570	691	713	635	554
OSBPL10-AS1	0	1	1	0	1	0
ZNF860	59	50	50	59	58	52
LOC101928056	2	4	1	4	0	1
GPD1L	917	860	1026	954	802	643
CMTM8	52	45	38	46	45	40
CMTM7	4	3	2	6	7	0
CMTM6	4302	3665	4791	4790	4450	3556
MIR548AY	0	1	0	0	0	0
DYNC1LI1	1326	1003	1332	1189	1155	992
CNOT10	997	957	1118	1056	932	752
YPLR6490	1	1	0	0	1	2
TRIM71	1	1	1	0	2	2
CCR4	1	0	0	0	4	1
GLB1	1241	1064	1360	1289	1121	877
TMPPE	136	103	152	142	133	110
CRTAP	2322	1986	2615	2318	2026	1673
SUSD5	46	29	62	80	77	77
FBXL2	251	212	240	178	151	132
UBP1	4828	4088	5231	4456	4160	3463
CLASP2	2281	1908	2378	2214	2000	1681
PDCD6IP	5132	4557	5734	5080	4652	3645
LOC101928114	0	0	0	0	0	0
LOC102724048	0	0	0	0	0	0
LOC101928135	0	0	0	0	0	0
ARPP21	2	0	0	1	0	0
MIR128-2	0	0	0	0	0	0
STAC	154	134	184	199	166	124
DCLK3	1	0	0	5	1	0
TRANK1	532	486	439	262	229	191
EPM2AIP1	1185	945	1144	1162	1020	810
MLH1	1286	1195	1511	1172	1086	884
LRRFIP2	1806	1625	1950	1685	1647	1313
GOLGA4	6200	5187	6369	6304	5943	4793
C3orf35	11	11	15	16	9	7
ITGA9	4	2	3	6	1	3
LOC101928153	1	0	0	0	2	0
CTDSPL	1931	1627	2066	1910	1712	1346
MIR26A1	0	0	0	0	0	1
VILL	6	8	3	5	6	1
PLCD1	77	82	108	96	77	68
DLEC1	2	8	3	7	2	7
ACAA1	772	596	761	788	686	547
MYD88	609	477	546	504	434	358
LOC101928234	0	4	0	0	1	3
OXSR1	2446	2219	2801	2320	2067	1742
SLC22A13	1	3	5	6	6	5
SLC22A14	0	1	1	5	5	1
XYLB	135	129	138	124	116	91
ACVR2B-AS1	13	18	15	21	12	7
ACVR2B	584	462	578	410	375	290
EXOG	351	283	381	374	320	280
SCN5A	12	13	16	12	17	18
SCN10A	0	0	0	0	0	0
SCN11A	1	2	3	0	0	0
WDR48	1320	1116	1393	1211	1017	878
GORASP1	740	610	847	733	649	569
TTC21A	18	13	20	22	16	12
MIR6822	0	0	0	0	0	0
CSRNP1	159	125	191	214	177	157
LOC101928263	0	0	2	0	0	1
XIRP1	0	0	2	0	0	1
DSTNP4	0	1	0	0	1	2
LOC102724104	0	0	0	0	0	0
CX3CR1	1	1	3	2	2	4
CCR8	0	0	0	0	0	0
SLC25A38	836	728	913	782	755	579
RPSA	35934	30728	40950	37712	32015	24908
SNORA6	19	13	25	20	15	15
SNORA62	24	20	27	21	28	19
MOBP	0	0	1	7	2	2
MYRIP	4	1	2	7	7	4
EIF1B-AS1	24	21	18	18	16	11
EIF1B	688	640	735	655	641	550
ENTPD3	12	9	17	28	19	14
ENTPD3-AS1	4	9	1	16	0	4
RPL14	10918	9480	11971	10423	9137	7939
ZNF619	212	185	225	209	210	157
ZNF620	152	124	155	161	169	116
ZNF621	1257	1019	1334	1393	1256	1009
CTNNB1	13012	11553	14424	13626	12572	9752
ULK4	191	160	205	165	143	135
TRAK1	1413	1213	1404	1311	1217	1015
CCK	0	0	0	0	1	0
LYZL4	0	0	0	0	0	0
VIPR1	31	29	36	40	28	26
SEC22C	1742	1458	1854	1620	1466	1128
SS18L2	655	630	734	707	621	564
NKTR	2456	2150	2509	2473	2261	1906
LOC101928323	88	67	83	74	64	64
ZBTB47	286	285	304	275	233	191
KLHL40	0	0	0	0	0	0
HHATL	0	0	0	4	6	2
CCDC13	10	1	5	1	5	6
CCDC13-AS1	0	0	0	0	0	0
LOC729083	2	0	2	2	0	0
HIGD1A	4597	3783	4823	4669	4332	3518
ACKR2	4	6	6	11	15	7
CYP8B1	0	0	0	1	2	0
ZNF662	0	0	0	0	0	0
KRBOX1	0	1	0	1	0	0
FAM198A	2	1	1	2	2	2
POMGNT2	299	221	305	380	281	219
LOC102723588	0	0	0	0	0	0
SNRK	395	303	397	360	386	285
SNRK-AS1	1	1	3	6	7	6
ANO10	696	604	799	677	603	513
ABHD5	767	671	751	697	608	558
LOC101928458	0	0	1	0	0	0
MIR138-1	0	0	2	0	1	0
TOPAZ1	0	0	0	0	0	3
TCAIM	464	381	526	444	418	359
LOC102724231	0	0	0	0	1	0
LOC100506319	0	0	0	1	0	0
ZNF445	1282	1138	1472	1416	1238	996
LOC101928529	4	5	4	9	5	0
ZNF852	90	73	92	80	77	54
ZKSCAN7	3	2	7	1	5	3
ZNF660	4	1	3	6	1	2
ZNF197	473	408	537	495	505	390
ZNF35	254	217	304	249	268	225
LOC101928592	0	0	1	0	1	0
ZNF502	88	83	104	84	86	55
ZNF501	86	82	109	83	87	63
KIAA1143	1453	1204	1549	1370	1205	986
KIF15	1435	1223	1589	1198	1130	994
MIR564	0	0	0	0	0	0
TMEM42	110	77	103	94	75	71
TGM4	9	4	6	13	14	5
ZDHHC3	2423	2220	2710	2404	2194	1793
EXOSC7	925	779	991	816	687	563
CLEC3B	4	0	1	4	3	0
CDCP1	4064	3576	4835	4092	3573	2743
LOC101928636	0	0	0	1	1	0
TMEM158	31	46	46	49	54	53
LARS2	1830	1621	2019	1967	1705	1422
LARS2-AS1	3	2	6	2	2	0
LIMD1	565	487	581	532	480	345
LIMD1-AS1	7	0	0	0	0	0
TRNAR11	0	0	0	0	0	0
SACM1L	1833	1590	1815	1906	1707	1442
SLC6A20	0	0	0	2	0	2
LZTFL1	253	209	259	241	254	191
CCR9	0	0	2	0	1	0
FYCO1	1134	965	1203	993	935	741
CXCR6	5	1	4	2	3	1
XCR1	0	1	0	0	0	1
CCR1	2	2	1	0	1	2
CCR3	1	3	4	3	3	2
CCR2	6	0	0	1	0	0
LOC102724297	0	0	1	1	0	0
CCR5	0	0	0	0	0	0
CCRL2	4	0	10	11	8	1
LTF	0	0	0	1	1	1
LOC102724305	0	0	0	0	0	1
RTP3	0	0	0	0	1	0
LRRC2	3	5	1	6	3	8
LRRC2-AS1	1	1	2	0	1	1
TDGF1	0	0	0	0	0	0
LOC100132146	0	0	0	0	0	0
ALS2CL	764	666	744	747	657	497
TMIE	13	6	10	9	10	11
PRSS50	3	0	0	0	2	3
PRSS46	0	0	0	1	0	0
PRSS45	0	0	0	0	1	1
PRSS44	0	0	0	0	0	0
PRSS42	0	0	1	3	3	3
MYL3	0	0	0	0	0	2
PTH1R	0	0	0	1	1	1
CCDC12	634	568	660	532	551	520
NBEAL2	1120	1078	1288	1134	1011	792
NRADDP	2	0	5	8	2	0
SETD2	4344	3916	4717	4566	4261	3715
KIF9-AS1	23	32	38	35	19	26
KIF9	92	77	88	75	82	73
KLHL18	757	711	942	887	702	653
PTPN23	1895	1574	2165	1919	1602	1264
SCAP	2190	1790	2308	2072	1806	1374
ELP6	575	502	607	564	527	432
CSPG5	7	11	8	26	24	17
SMARCC1	7924	7025	9029	8056	7613	6150
DHX30	2692	2403	3236	2655	2363	1815
MIR1226	0	0	0	0	0	0
MAP4	7293	6662	8439	6761	6135	5234
CDC25A	717	644	831	867	818	637
MIR4443	0	0	0	0	0	0
CAMP	0	1	1	2	2	5
ZNF589	304	267	362	335	309	259
NME6	296	255	332	298	251	221
LOC101060195	126	75	123	98	107	114
SPINK8	0	0	0	1	0	0
MIR2115	0	0	0	0	0	0
FBXW12	0	0	1	3	1	0
PLXNB1	1741	1476	1904	1649	1459	1101
CCDC51	863	757	995	910	784	607
TMA7	3680	3208	4101	3760	3317	3090
ATRIP	335	320	378	407	355	244
TREX1	179	143	177	176	149	103
SHISA5	2430	2166	2570	1949	1732	1347
PFKFB4	193	162	242	243	193	175
MIR6823	0	0	0	0	0	0
UCN2	53	42	80	79	73	68
COL7A1	4255	3990	4613	4908	4446	3593
MIR711	0	0	0	0	0	0
UQCRC1	3612	3207	4175	3758	3334	2693
TMEM89	1	0	1	0	0	0
SLC26A6	474	409	532	537	460	351
MIR6824	0	0	0	0	0	0
CELSR3	115	100	117	156	106	130
MIR4793	0	0	0	0	0	0
LOC102724368	6	6	5	11	3	9
NCKIPSD	718	576	735	648	566	444
IP6K2	1278	956	1334	1385	1202	962
PRKAR2A	3499	2977	3902	3647	3494	2778
PRKAR2A-AS1	46	41	35	37	40	27
SLC25A20	192	166	229	212	193	143
ARIH2OS	12	10	11	12	8	7
ARIH2	2808	2503	3033	2701	2402	1989
LOC101928838	9	7	15	11	5	5
P4HTM	534	423	546	456	426	356
LOC101928814	4	9	4	14	2	5
WDR6	2497	1988	2655	2393	2035	1638
DALRD3	224	209	235	244	200	156
MIR425	0	0	0	1	1	0
NDUFAF3	379	378	440	422	316	274
MIR191	0	0	0	0	0	0
IMPDH2	6553	5636	7372	6130	5225	4372
QRICH1	2687	2221	2836	2614	2460	1973
QARS	3786	3298	4057	3738	3443	2880
MIR6890	0	0	0	0	0	0
USP19	1587	1418	1756	1516	1392	1089
LAMB2	2433	2136	2533	2441	2273	1792
LAMB2P1	9	6	12	4	18	10
CCDC71	449	415	420	459	362	353
KLHDC8B	117	115	144	121	94	94
C3orf84	0	0	0	0	0	0
CCDC36	1	3	2	2	1	0
C3orf62	223	186	198	211	192	182
MIR4271	0	0	0	0	0	0
USP4	963	873	1006	1033	893	722
LOC102724426	6	7	11	12	6	7
GPX1	1474	1138	1531	1547	1403	1090
RHOA	11768	10305	13040	12269	10748	8849
TCTA	704	637	669	698	611	534
AMT	71	49	51	35	40	34
NICN1	190	111	150	143	112	75
DAG1	6528	5508	7009	6342	5790	4572
BSN-AS2	3	1	3	6	4	2
BSN	66	57	82	57	44	37
APEH	3043	2619	3374	3092	2842	2176
MST1	46	52	68	65	52	62
RNF123	823	728	908	806	761	617
AMIGO3	79	59	98	66	70	60
GMPPB	336	330	435	416	360	272
IP6K1	1474	1290	1668	1610	1354	1066
CDHR4	2	3	0	3	7	3
FAM212A	62	36	56	47	38	19
UBA7	75	59	54	42	46	38
MIR5193	0	0	0	0	0	0
TRAIP	383	385	477	372	337	290
CAMKV	0	0	2	2	5	1
MST1R	1076	880	1052	1086	866	655
LOC102724438	0	0	0	1	1	0
MON1A	185	142	192	173	147	117
RBM6	1887	1492	1927	1864	1582	1431
RBM5	2216	1864	2238	2513	2222	1886
RBM5-AS1	64	62	94	86	82	59
SEMA3F	1004	834	995	884	760	554
MIR566	1	0	0	0	0	0
GNAT1	0	0	0	0	3	1
SLC38A3	0	0	0	3	0	0
GNAI2	5011	4344	5339	4842	4400	3596
MIR5787	0	0	0	0	0	0
SEMA3B-AS1	5	4	4	3	5	4
SEMA3B	273	305	328	250	218	155
MIR6872	0	0	0	0	3	0
LSMEM2	2	4	4	9	3	6
IFRD2	1189	1113	1427	1182	1033	802
HYAL3	105	69	120	115	99	95
NAT6	59	46	48	33	23	35
HYAL1	60	53	56	55	50	35
HYAL2	419	414	558	461	386	322
TUSC2	441	396	505	451	412	333
RASSF1	196	152	178	202	177	152
RASSF1-AS1	0	2	0	0	0	1
ZMYND10	6	1	2	3	4	7
NPRL2	202	163	240	228	190	157
CYB561D2	111	114	113	155	100	85
TMEM115	740	683	860	761	734	545
CACNA2D2	24	14	15	21	16	12
LOC101928965	0	0	0	1	1	0
C3orf18	17	17	24	14	24	32
HEMK1	148	157	173	184	145	113
CISH	135	101	152	127	102	91
MAPKAPK3	1012	981	1197	1052	917	714
MIR4787	1	0	0	1	2	0
DOCK3	134	86	110	105	132	87
MANF	1749	1690	1889	1957	1676	1419
RBM15B	1895	1720	2329	2100	1835	1423
VPRBP	2736	2296	3067	2513	2344	1957
LOC102723610	7	2	3	1	3	8
RAD54L2	1359	1230	1624	1521	1327	1039
LOC102724535	0	1	6	6	4	9
TEX264	608	564	660	662	602	478
GRM2	3	2	3	7	8	4
IQCF6	0	0	0	0	0	0
IQCF4	0	0	0	0	0	0
IQCF3	0	0	0	0	0	0
IQCF2	0	0	0	0	0	0
IQCF5-AS1	0	0	0	0	0	0
IQCF5	0	0	0	0	0	0
IQCF1	0	0	0	0	0	0
RRP9	604	526	726	650	551	456
PARP3	220	179	231	255	211	165
GPR62	3	3	6	6	4	7
PCBP4	184	149	202	224	177	144
ABHD14B	620	558	683	485	423	367
ABHD14A-ACY1	0	0	0	0	0	0
ABHD14A	62	59	77	87	70	32
ACY1	6	14	7	6	10	6
RPL29	11435	10621	13391	11729	9984	8666
LOC101929702	0	0	1	0	0	0
DUSP7	3112	2715	3410	3009	2631	2024
LINC00696	7	11	13	17	9	7
POC1A	608	444	622	585	474	361
ALAS1	919	871	1075	1018	867	801
TLR9	4	1	0	2	5	2
TWF2	768	756	864	718	668	553
LOC101929054	5	15	8	15	5	8
PPM1M	103	67	73	145	116	95
WDR82	5432	4820	6150	5262	4550	3839
MIRLET7G	0	0	1	2	1	1
GLYCTK	100	100	140	132	114	94
MIR135A1	0	0	0	0	0	0
DNAH1	138	108	129	129	113	85
BAP1	2831	2503	3222	2880	2475	2027
PHF7	101	76	77	73	85	70
SEMA3G	2	0	2	7	5	5
TNNC1	13	8	8	27	13	12
NISCH	1340	1115	1280	1418	1279	1037
STAB1	1	0	2	15	8	3
NT5DC2	1826	1665	2215	2607	2301	1816
SMIM4	133	130	155	190	143	101
PBRM1	3668	2933	3734	3434	3249	2638
GNL3	3122	2806	3649	2998	2698	2250
SNORD19	3	1	2	2	5	3
SNORD19B	4	5	5	6	5	2
SNORD69	2	2	9	3	8	2
GLT8D1	718	750	855	725	667	456
SPCS1	1710	1549	1829	1754	1499	1214
NEK4	1614	1221	1611	1527	1380	1095
ITIH1	4	2	1	9	3	5
ITIH3	0	0	1	5	2	1
ITIH4	3	8	5	15	12	8
TMEM110-MUSTN1	0	0	0	0	0	0
MUSTN1	2	1	2	1	0	1
TMEM110	456	376	505	448	398	341
MIR8064	0	0	1	0	2	1
SFMBT1	1380	1348	1503	1403	1319	1082
LOC102723651	9	3	8	11	8	19
RFT1	812	836	994	878	712	571
PRKCD	1248	935	1293	1035	907	802
TKT	20498	18296	23081	16975	14843	12080
LOC101929119	0	3	3	1	5	2
DCP1A	1979	1611	2093	1837	1706	1327
CACNA1D	30	26	30	28	25	13
LOC101929138	1	0	0	2	0	0
CHDH	45	58	70	52	45	28
IL17RB	80	62	118	107	107	74
ACTR8	887	726	987	952	832	751
SELK	496	407	467	457	428	374
CACNA2D3	1	1	1	0	1	0
ESRG	0	0	0	0	0	0
CACNA2D3-AS1	0	0	0	0	0	0
LRTM1	0	0	0	0	0	0
WNT5A	31	17	31	29	25	22
LOC102724616	0	0	0	0	0	0
ERC2	6	4	5	8	3	6
ERC2-IT1	0	0	0	0	0	0
MIR3938	0	0	0	0	0	0
CCDC66	237	210	276	216	204	198
FAM208A	4724	3940	4773	4291	3987	3233
ARHGEF3	1026	915	1149	1045	964	819
ARHGEF3-AS1	1	0	0	1	0	0
SPATA12	1	6	4	7	2	2
IL17RD	227	211	244	225	217	162
HESX1	27	12	19	19	14	4
APPL1	2470	2144	2578	2240	2095	1600
ASB14	6	4	10	6	11	7
DNAH12	9	16	4	19	10	10
PDE12	1239	1101	1271	1265	1182	909
LOC102724626	1	1	7	1	5	1
ARF4	5765	5293	6315	6376	5831	4723
DENND6A	1991	1731	2106	1852	1758	1429
LOC101929159	1	1	1	6	3	0
SLMAP	3194	2691	3339	3094	2929	2250
FLNB	12513	12164	14529	13738	12160	9799
DNASE1L3	9	2	4	4	12	4
ABHD6	341	347	491	362	295	271
RPP14	1044	895	1194	1095	954	800
PXK	354	351	392	308	273	212
PDHB	1295	1052	1314	1255	1139	961
LOC101929223	1	0	0	0	0	0
KCTD6	123	120	112	115	111	97
ACOX2	5	1	3	6	7	4
FAM107A	0	0	1	2	0	0
FAM3D	0	2	0	2	1	0
C3orf67	273	232	264	296	226	225
RP11-147N17.1	0	0	2	1	2	1
FHIT	15	7	10	7	4	4
LOC102724718	0	0	0	0	0	0
PTPRG	755	703	810	873	724	589
LOC101929296	0	1	0	0	0	0
PTPRG-AS1	161	126	154	159	139	111
C3orf14	287	282	369	294	300	246
FEZF2	0	0	0	0	0	0
CADPS	0	0	0	0	1	1
LINC00698	1	0	0	2	3	0
SYNPR	0	0	0	0	0	0
SYNPR-AS1	1	2	0	0	0	2
SNTN	1	0	3	1	0	0
C3orf49	8	2	10	10	5	6
THOC7	1653	1357	1691	1509	1359	1173
THOC7-AS1	1	0	5	1	4	3
ATXN7	1606	1313	1741	1559	1500	1212
PSMD6-AS2	53	25	24	30	38	30
PSMD6	2173	1766	2277	2169	1993	1678
PRICKLE2-AS1	0	0	0	0	0	0
LINC00994	0	0	0	0	0	0
PRICKLE2	11	6	19	14	7	22
PRICKLE2-AS2	0	0	0	0	0	0
PRICKLE2-AS3	0	0	0	0	0	0
LOC101929316	0	0	0	0	1	0
ADAMTS9	0	1	1	1	1	1
RP11-14D22.5	0	0	0	0	0	0
ADAMTS9-AS2	0	0	0	0	0	0
LOC102724763	0	0	0	0	0	0
MAGI1	387	327	384	343	364	274
MAGI1-IT1	6	7	6	1	1	3
MAGI1-AS1	0	0	0	0	0	0
LOC101929433	0	0	0	0	1	1
SLC25A26	353	326	385	295	330	252
LRIG1	191	155	192	230	198	173
KBTBD8	89	96	99	99	85	90
MIR4272	0	0	0	0	0	0
SUCLG2	2260	1966	2338	2012	1853	1652
RP11-81N13.1	40	32	25	25	30	27
FAM19A1	0	0	0	0	0	0
LOC102724799	0	0	0	0	0	0
FAM19A4	0	0	0	0	1	0
EOGT	979	889	1024	990	1005	757
TMF1	2170	1841	2294	2371	2123	1905
MIR3136	1	0	0	0	2	1
UBA3	1648	1426	1687	1672	1507	1283
ARL6IP5	1769	1573	1807	1726	1536	1166
LMOD3	4	0	1	1	1	3
FRMD4B	558	436	529	472	481	443
MITF	94	76	96	142	126	117
RP11-460N16.1	1	0	1	0	0	2
FOXP1	399	322	349	267	284	217
MIR1284	1	0	0	0	0	0
EIF4E3	170	174	195	154	156	143
GPR27	31	32	38	32	36	24
PROK2	0	0	0	0	0	0
LINC00877	0	0	0	0	0	0
LINC00870	0	0	0	0	0	0
RYBP	2280	1984	2474	2330	2105	1778
LOC102724817	0	0	1	0	0	0
LOC101927225	1	0	1	0	0	0
SHQ1	652	626	767	730	596	576
LOC102724840	0	0	0	0	0	0
GXYLT2	91	62	93	73	81	50
PPP4R2	960	827	1022	1007	949	726
EBLN2	14	7	8	20	14	8
PDZRN3	17	13	29	21	15	17
LOC101927321	0	0	0	0	0	0
LOC101927296	0	0	0	0	0	0
LOC101927249	0	0	0	0	0	0
LOC101927346	0	0	0	0	0	0
CNTN3	0	0	0	0	0	0
MIR4444-2	25	35	41	38	27	33
FAM86DP	57	32	48	37	37	14
LOC102724914	0	2	0	0	0	0
MIR1324	0	0	0	0	0	1
FRG2C	0	0	1	0	2	0
LOC100996350	1	0	3	1	4	0
LINC00960	86	50	72	83	46	59
ZNF717	102	74	125	88	88	71
MIR4273	0	0	0	0	0	0
ROBO2	5	8	4	4	4	2
LOC102724949	0	0	0	0	0	0
ROBO1	554	498	556	600	526	375
LOC101927374	0	0	0	0	0	0
MIR3923	0	0	0	0	0	0
LOC728290	0	0	0	0	0	0
LOC102723326	0	0	0	0	0	0
GBE1	876	717	878	733	782	512
LOC101927439	3	1	0	0	0	2
LINC00971	0	0	0	0	0	0
CADM2	0	0	0	7	0	0
MIR5688	0	0	0	0	0	0
CADM2-AS2	0	0	0	0	0	0
CADM2-AS1	0	0	0	0	0	0
LOC102723364	0	0	0	0	0	0
LOC101927494	0	0	1	0	0	0
LOC101927518	0	0	0	0	0	0
VGLL3	77	86	61	110	89	78
LINC00506	0	0	0	0	0	0
MIR4795	0	0	0	0	0	0
CHMP2B	583	481	651	615	563	438
POU1F1	0	0	0	0	0	0
HTR1F	0	1	0	0	0	0
CGGBP1	873	732	867	829	786	651
ZNF654	224	166	188	187	181	162
C3orf38	169	157	206	178	181	161
LOC100506944	0	0	0	0	0	0
EPHA3	1	3	3	0	0	3
LOC101930420	8	10	9	12	19	11
PROS1	438	384	446	450	411	328
ARL13B	2205	1843	2258	2140	2051	1681
STX19	135	133	154	188	158	140
DHFRL1	472	387	456	356	352	281
NSUN3	401	338	463	407	386	332
LINC00879	0	0	0	0	0	0
MTHFD2P1	0	2	0	0	0	0
MIR8060	0	0	0	0	0	0
EPHA6	131	132	117	132	79	109
LOC101929278	0	0	0	1	0	0
ARL6	390	351	436	435	385	330
LOC101929298	0	0	1	0	0	0
CRYBG3	1542	1428	1623	1637	1605	1258
MINA	929	815	983	841	734	578
GABRR3	0	0	0	1	0	0
OR5AC2	0	0	0	0	0	0
OR5H1	0	0	0	0	0	0
OR5H14	0	0	0	0	0	0
OR5H15	0	0	0	0	0	0
LOC101929320	0	0	0	0	0	0
OR5H6	0	0	0	0	0	0
OR5H2	0	0	0	0	0	0
OR5K4	0	0	0	0	0	0
OR5K3	0	0	0	0	0	0
OR5K1	0	0	0	1	0	0
OR5K2	0	2	0	0	1	1
CLDND1	3039	2696	3215	3275	2827	2411
GPR15	0	0	0	0	0	0
CPOX	1039	940	1216	1137	993	714
ST3GAL6-AS1	1	0	1	0	0	0
ST3GAL6	21	17	28	26	16	16
DCBLD2	2569	2272	2755	2985	2734	2027
RNU6-26P	2	0	2	3	2	0
COL8A1	26	33	46	35	32	31
CMSS1	1782	1544	1812	1771	1597	1393
FILIP1L	333	298	325	355	312	300
LOC102724841	2	1	2	2	3	7
MIR3921	0	0	0	0	0	0
TMEM30C	0	1	3	0	0	0
TBC1D23	1625	1453	1742	1804	1538	1365
NIT2	931	840	1124	1031	788	732
TOMM70A	4863	4143	5226	4970	4302	3534
LNP1	64	64	74	47	62	52
TMEM45A	126	93	143	106	121	71
GPR128	0	0	2	0	0	0
TFG	5722	5214	6632	6298	5547	4445
ABI3BP	94	83	86	74	66	58
IMPG2	8	10	6	26	7	6
SENP7	473	385	468	483	392	347
LOC100287852	2	2	0	1	2	4
FAM172BP	8	2	4	6	3	6
TRMT10C	1327	1133	1342	1266	1075	831
PCNP	3812	3130	3843	3562	3392	2880
ZBTB11	1655	1446	1763	1780	1670	1324
ZBTB11-AS1	50	50	69	71	67	60
RPL24	13741	11855	15227	14237	12380	10507
PDCL3P4	15	9	9	14	9	11
LOC102724887	0	0	0	1	0	0
CEP97	1282	1093	1392	1360	1265	916
LOC102724876	2	0	0	1	0	0
NXPE3	1580	1284	1653	1613	1330	1122
NFKBIZ	487	419	421	411	354	310
LOC152225	0	1	0	2	1	1
LOC101929411	0	0	0	0	0	0
ZPLD1	0	1	0	0	0	0
LOC101929435	0	0	0	0	0	0
LOC101929453	0	0	0	0	0	0
MIR548AB	0	0	0	0	0	0
ALCAM	13349	11384	14026	12097	11205	9516
CBLB	537	452	603	533	526	407
LOC101929485	0	0	0	0	0	0
LOC101929514	0	0	0	0	0	0
LOC101929534	0	0	0	0	0	0
LOC101929562	0	1	0	0	1	0
LINC00882	0	3	4	2	0	2
LINC00883	309	268	274	209	228	221
CCDC54	0	1	0	0	1	0
RP11-446H18.5	0	1	1	3	0	0
RP11-115H18.1	8	12	7	14	5	11
BBX	7122	5765	7081	6104	5882	4680
LOC102723369	0	0	0	0	0	3
LINC00635	0	0	0	0	0	0
LINC00636	0	0	1	1	0	0
CD47	4174	3703	4571	3904	3712	2967
RP11-861A13.4	3	3	5	3	3	3
IFT57	1516	1294	1660	1559	1382	1255
HHLA2	0	2	0	1	0	0
MYH15	13	13	10	21	19	20
KIAA1524	3429	2809	3609	3394	3153	2701
DZIP3	1305	1211	1430	1450	1390	1189
LOC101929644	0	0	0	0	0	0
RETNLB	2	0	0	0	0	0
TRAT1	0	2	0	1	0	0
GUCA1C	4	2	1	2	4	2
MORC1	0	0	0	1	0	0
FLJ22763	0	0	0	0	0	0
LINC00488	0	0	0	0	0	0
DPPA2	0	1	0	0	1	0
DPPA4	0	0	0	0	0	0
FLJ25363	2	1	0	1	2	5
MIR4445	0	0	0	0	0	0
LOC151760	27	14	28	23	26	21
PVRL3-AS1	1	2	2	2	2	3
PVRL3	816	579	798	792	743	591
CD96	14	10	15	11	5	10
ZBED2	14	11	15	28	33	34
PLCXD2	34	34	23	50	46	39
PHLDB2	1156	1110	1217	1440	1275	1046
ABHD10	1049	927	1145	1147	977	847
TAGLN3	2	0	1	10	3	6
TMPRSS7	1	1	0	2	0	2
C3orf52	212	170	221	230	170	143
MIR567	0	0	0	0	0	0
GCSAM	73	52	72	88	83	79
SLC9C1	3	2	3	3	3	1
CD200	0	0	0	0	0	0
BTLA	0	0	0	1	0	0
ATG3	2124	1702	2335	2013	1873	1667
SLC35A5	1257	1099	1304	1346	1185	966
LOC100506621	26	21	20	30	16	34
CCDC80	573	387	553	576	507	430
RP11-572C15.5	5	0	2	5	6	2
CD200R1L	7	12	8	11	4	5
CD200R1	19	25	24	22	9	11
GTPBP8	526	406	541	561	518	425
C3orf17	2116	1716	2300	2074	1959	1656
RP11-572M11.3	10	0	1	3	0	2
LOC102723430	2	0	0	0	0	0
LOC102723687	0	0	0	0	0	0
BOC	18	13	13	14	10	9
WDR52	197	166	187	201	172	160
WDR52-AS1	2	0	0	0	2	1
MIR8076	0	0	4	0	0	0
SPICE1	740	612	762	793	619	609
SIDT1	3	4	8	9	2	3
MIR4446	0	0	0	0	0	0
KIAA2018	3249	2653	3478	3328	3174	2378
NAA50	15503	13656	17389	15730	14271	11839
ATP6V1A	6219	5517	6762	6920	6411	5002
GRAMD1C	437	355	452	364	386	291
ZDHHC23	463	449	544	653	553	471
KIAA1407	126	129	130	78	108	57
QTRTD1	1896	1530	2027	1801	1501	1302
DRD3	0	0	0	0	0	0
ZNF80	0	0	0	0	1	0
TIGIT	2	5	4	15	3	1
ZBTB20	186	202	202	188	182	146
MIR568	0	0	0	0	0	0
ZBTB20-AS1	0	1	0	0	0	0
LOC101929754	0	2	0	0	0	0
LOC102723469	0	0	0	0	0	0
MIR4796	0	0	0	0	0	0
LOC101926886	1	0	1	0	0	0
GAP43	13	9	6	10	19	10
LSAMP	3	1	3	1	2	0
LSAMP-AS1	6	6	10	5	3	11
TUSC7	0	0	0	0	0	0
MIR4447	0	0	0	0	0	0
LINC00901	0	0	0	0	0	0
LOC101926953	0	0	0	0	0	0
LOC101926968	0	0	0	0	0	0
IGSF11	189	135	183	149	153	102
IGSF11-AS1	0	0	0	0	0	0
C3orf30	0	0	2	0	0	0
UPK1B	0	0	1	3	3	0
B4GALT4	829	728	860	787	705	574
ARHGAP31	50	48	51	82	81	42
TMEM39A	1548	1136	1627	1646	1470	1270
POGLUT1	657	534	719	680	592	510
TIMMDC1	1716	1354	1740	1741	1462	1278
CD80	0	3	0	0	0	1
ADPRH	166	140	192	209	165	145
PLA1A	0	0	0	1	0	2
POPDC2	10	2	4	3	6	5
COX17	890	767	997	916	783	660
MAATS1	0	0	0	0	0	0
NR1I2	0	0	0	0	0	0
GSK3B	5770	4975	6380	6383	5944	4786
GPR156	99	74	108	120	102	61
LRRC58	6764	5700	7300	6656	6242	4900
FSTL1	1095	1075	1243	959	933	711
MIR198	0	0	0	0	0	0
NDUFB4	2481	2061	2672	2552	2079	1791
HGD	2	1	8	5	0	1
RABL3	1183	945	1121	1066	938	873
GTF2E1	853	857	1042	878	800	668
LOC101926983	0	0	0	0	0	0
STXBP5L	11	6	17	20	8	14
MIR5682	0	0	0	0	0	0
POLQ	1982	1701	2168	2114	1995	1607
ARGFX	1	2	0	0	0	0
FBXO40	0	0	0	0	0	2
HCLS1	8	13	10	16	12	14
GOLGB1	6776	5407	6785	6462	6218	5169
IQCB1	1195	1107	1332	1152	1055	903
EAF2	86	79	81	77	89	61
SLC15A2	161	152	172	173	196	160
ILDR1	92	100	112	122	110	83
LOC101927010	4	3	10	4	10	7
CD86	24	8	10	10	10	14
CASR	0	0	0	0	0	0
CSTA	1348	1237	1414	1212	1094	933
CCDC58	908	765	1020	928	810	772
FAM162A	700	647	812	742	661	522
WDR5B	396	362	403	350	296	280
LOC102723582	17	16	18	20	19	18
KPNA1	4863	4356	5473	5128	4638	3687
PARP9	2707	2374	2316	1443	1387	1082
DTX3L	3495	3062	3247	1904	1773	1385
PARP15	1	0	0	0	1	0
PARP14	5343	4739	5059	2761	2589	2194
HSPBAP1	300	266	299	253	268	187
DIRC2	659	555	683	736	649	526
LOC100129550	118	97	115	132	123	92
SEMA5B	0	0	1	0	0	0
PDIA5	403	323	437	395	356	315
MIR7110	0	1	0	0	0	2
SEC22A	640	534	632	648	562	493
LOC102723597	6	5	4	14	10	8
ADCY5	8	2	4	13	6	7
LOC102723611	0	0	0	0	0	0
PTPLB	2921	2443	3085	2838	2508	2162
MYLK-AS1	25	16	28	26	14	8
LOC102723666	5	7	2	3	0	6
MYLK	248	237	303	270	255	201
LOC101927028	0	0	0	2	2	1
CCDC14	2220	1850	2044	2128	1823	1631
ROPN1	0	0	0	0	0	1
KALRN	19	10	19	15	15	8
MIR5002	0	0	0	0	0	0
MIR6083	0	0	0	0	0	0
UMPS	1787	1499	1912	1879	1723	1416
MIR544B	1	0	0	0	1	0
ITGB5	486	475	609	674	687	525
MUC13	2	3	0	3	1	0
HEG1	201	227	245	181	143	138
SLC12A8	207	204	299	217	201	161
MIR5092	0	0	0	0	0	0
ZNF148	3491	3027	3675	3510	3423	2870
SNX4	1556	1364	1807	1583	1476	1238
OSBPL11	1440	1199	1537	1456	1305	1095
MIR548I1	0	0	0	0	0	0
RP11-379B18.5	39	25	33	25	35	32
LOC102723696	17	16	24	19	7	4
FAM86JP	32	52	23	21	19	25
ALG1L	124	101	133	124	113	87
ROPN1B	3	6	5	5	6	4
SLC41A3	1387	1189	1538	1370	1158	940
ALDH1L1	104	73	98	121	102	92
ALDH1L1-AS1	0	0	2	0	2	0
ALDH1L1-AS2	2	0	1	0	2	0
LOC644662	1	0	0	0	0	3
KLF15	6	3	3	3	3	2
RP11-71E19.5	0	0	0	1	0	0
CCDC37	2	0	2	4	4	1
ZXDC	1242	1030	1292	1283	1208	938
UROC1	0	0	1	3	0	1
CHST13	0	0	0	0	0	0
C3orf22	0	0	0	1	0	0
TXNRD3NB	0	0	1	0	0	0
TXNRD3	327	310	374	323	315	231
NUP210P1	1	0	0	0	0	0
CHCHD6	449	364	470	431	330	279
LOC101929358	0	0	0	0	1	1
PLXNA1	4686	4132	4984	4038	3697	2852
C3orf56	0	0	0	0	0	0
RP11-88I21.2	0	0	0	0	1	0
RP11-59J16.1	0	0	0	0	0	0
TPRA1	660	522	748	681	643	425
MIR6825	0	0	0	0	0	0
MIR7976	2	0	0	0	0	0
MCM2	8811	7877	10059	8725	7951	6324
PODXL2	10	3	6	3	0	2
ABTB1	139	78	107	79	75	60
MGLL	100	125	121	178	131	109
KBTBD12	0	1	0	0	0	0
LOC102723759	0	0	2	0	0	0
SEC61A1	10217	8733	11070	10926	9695	7876
RUVBL1	3042	2493	3301	3082	2767	2236
EEFSEC	532	466	595	577	509	415
DNAJB8	0	1	1	1	1	1
DNAJB8-AS1	0	0	0	0	1	0
GATA2	246	217	228	305	227	237
RP11-475N22.4	404	346	399	362	325	257
LOC90246	271	190	251	271	258	200
C3orf27	0	1	0	0	0	1
RPN1	10793	9668	12377	11045	10002	8058
RAB7A	12077	10330	12843	11735	10663	9007
RP11-723O4.2	25	12	25	30	22	7
ACAD9	2123	1693	2052	1889	1666	1449
LOC100132731	11	9	12	17	15	10
KIAA1257	11	6	4	15	10	6
EFCC1	8	2	2	10	10	10
GP9	0	0	0	0	0	0
ISY1-RAB43	0	0	0	0	0	0
RAB43	24	35	31	33	24	21
ISY1	524	458	537	504	428	375
CNBP	9792	8711	11390	9612	8440	7193
COPG1	5892	5011	6546	6088	5414	4700
MIR6826	0	0	0	0	0	0
HMCES	3502	3030	3742	3628	3167	2657
H1FX	4840	4096	5629	3869	3148	2609
H1FX-AS1	33	23	32	24	20	22
LOC101927266	63	50	50	50	44	45
RPL32P3	134	117	142	161	143	97
SNORA7B	0	1	3	3	2	2
EFCAB12	1	2	2	6	8	2
MBD4	1304	1199	1422	1395	1230	1092
IFT122	530	493	619	468	471	368
RHO	0	0	0	0	0	0
H1FOO	0	0	0	1	0	0
PLXND1	394	363	430	482	425	341
TMCC1	1002	817	1122	888	834	681
TMCC1-AS1	27	52	44	61	30	33
TRH	0	0	0	0	0	0
ALG1L2	3	0	0	1	4	2
FAM86HP	19	13	14	30	23	21
LOC102723877	4	1	3	5	0	1
COL6A4P2	0	0	0	0	0	0
COL6A5	0	0	0	1	2	1
COL6A6	4	2	3	2	3	3
PIK3R4	2381	2034	2668	2504	2153	1830
ATP2C1	7226	6001	7714	7122	6225	5218
ASTE1	240	215	285	235	197	183
NEK11	117	88	134	110	125	103
LOC101927338	0	0	0	0	0	0
LOC339874	1	3	3	3	0	3
NUDT16P1	84	83	101	82	55	61
NUDT16	508	439	497	475	449	349
MRPL3	5736	4767	6474	5595	4943	4064
SNORA58	3	3	2	5	6	6
CPNE4	4	7	4	3	5	3
MIR5704	0	0	0	0	0	0
TRNAC14	0	0	0	0	0	0
TRNAC18	0	0	0	0	0	0
ACPP	113	87	91	86	67	45
DNAJC13	5490	4612	6026	5548	5192	4185
NPHP3-ACAD11	47	32	38	36	32	25
ACAD11	7	20	12	33	22	8
ACKR4	7	9	6	8	9	2
UBA5	1490	1289	1533	1484	1380	1126
NPHP3	98	83	111	132	102	80
NPHP3-AS1	0	0	1	0	0	0
TMEM108	19	15	33	31	14	16
RP11-402L6.1	4	0	4	0	0	0
LOC101927432	0	0	0	0	0	0
LOC101927409	0	0	0	0	0	0
BFSP2	0	0	0	0	0	0
BFSP2-AS1	1	0	0	0	0	0
CDV3	9114	7774	9956	8808	7908	6717
TOPBP1	6808	5829	7247	6909	6168	5263
TF	3	2	2	2	5	4
SRPRB	1866	1625	2094	2144	1828	1537
RAB6B	42	36	49	92	63	48
C3orf36	0	0	0	0	0	0
SLCO2A1	5	6	7	16	16	13
LOC100507210	0	0	0	0	0	0
RYK	3465	2793	3602	3288	3155	2582
AMOTL2	1769	1431	1928	2291	2102	1568
MIR6827	0	0	0	0	0	0
MIR4788	0	0	0	0	0	0
ANAPC13	1085	953	1259	1218	1236	945
CEP63	701	560	673	629	656	579
LOC101927568	0	2	2	2	2	0
KY	5	3	3	7	2	6
EPHB1	16	5	10	9	4	7
LOC102724019	0	2	1	0	0	0
PPP2R3A	987	859	1024	904	818	758
MSL2	2746	2099	2937	2465	2130	1769
PCCB	2021	1734	2266	1852	1683	1309
STAG1	2448	1962	2479	1877	1774	1485
SLC35G2	383	416	472	444	414	317
RP11-85F14.5	117	101	109	106	109	85
NCK1	1426	1209	1375	1302	1174	1008
IL20RB	70	81	46	86	65	65
SOX14	0	0	1	0	0	0
RP11-2A4.3	0	0	0	0	0	0
CLDN18	6	5	7	10	3	7
DZIP1L	160	149	180	173	153	102
A4GNT	1	0	0	0	0	0
DBR1	1063	872	1135	1120	1107	829
ARMC8	2272	1985	2427	2119	1976	1699
NME9	26	17	17	12	10	17
MRAS	462	382	485	460	432	373
ESYT3	169	147	178	164	170	132
CEP70	1482	1282	1570	1278	1155	993
FAIM	977	787	988	928	902	752
PIK3CB	3077	2726	3479	3107	2904	2270
FOXL2	497	445	585	493	444	367
C3orf72	652	494	622	550	501	405
PRR23A	2	0	0	3	1	1
PRR23B	0	0	0	0	0	0
PRR23C	0	0	0	0	0	0
BPESC1	0	0	0	1	0	0
PISRT1	0	0	0	0	0	0
MRPS22	1872	1524	2013	1801	1690	1359
COPB2	10216	8653	11269	10219	9392	7838
RBP2	1	2	1	2	0	0
RP11-319G6.1	3	3	3	2	2	1
RBP1	6	7	18	10	3	9
NMNAT3	76	75	91	51	53	40
LOC102724040	13	9	4	5	2	6
CLSTN2	28	11	21	38	34	29
CLSTN2-AS1	4	3	0	6	3	3
LOC102724068	1	1	1	0	0	2
TRIM42	0	0	0	0	0	0
SLC25A36	6574	5813	7319	6492	5927	5010
SPSB4	11	17	13	11	9	9
ACPL2	664	626	740	587	489	420
ZBTB38	2390	2010	2576	2497	2349	1986
RASA2	773	717	774	715	667	539
LOC646730	0	0	0	0	0	0
RNF7	1604	1415	1853	1521	1333	1114
GRK7	10	4	10	5	7	4
ATP1B3	6180	5520	6699	6776	5943	4750
TFDP2	1670	1415	1799	1565	1488	1219
GK5	2225	1994	2565	2082	1894	1627
XRN1	4492	3955	4639	4304	3959	3208
ATR	3722	3428	4073	3838	3324	2769
PLS1	2580	2121	2741	2515	2291	1929
TRPC1	360	294	341	468	376	333
PCOLCE2	232	235	328	223	224	182
RP11-372E1.4	0	0	0	0	0	1
PAQR9	0	0	3	2	4	1
RP11-372E1.6	0	2	4	4	1	1
LOC100289361	25	10	26	11	16	16
U2SURP	15788	13654	16814	14527	13365	11147
CHST2	48	35	71	69	56	39
SLC9A9	19	17	20	26	20	14
SLC9A9-AS1	0	0	0	0	0	0
LOC102724120	0	0	0	0	0	0
C3orf58	934	731	933	872	825	581
PLOD2	3297	2596	3293	2982	2766	2319
PLSCR4	122	111	104	105	104	80
PLSCR2	0	0	0	1	2	1
PLSCR1	2990	2652	2790	1864	1687	1300
PLSCR5	0	0	0	0	0	0
LOC101927866	0	0	0	0	0	0
ZIC4	1	3	5	3	6	2
ZIC1	66	79	96	67	78	63
FLJ30375	0	0	0	0	0	0
LOC102724145	0	0	0	0	0	0
LOC100507461	0	0	0	0	0	0
AGTR1	0	0	0	1	1	2
CPB1	0	0	0	0	0	0
CPA3	0	0	0	0	0	0
GYG1	1436	1271	1609	1723	1388	1221
HLTF	6191	5218	6717	5615	4943	4266
HLTF-AS1	0	0	0	0	0	0
HPS3	1564	1417	1625	1467	1307	1093
CP	78	49	48	36	46	44
LOC101927942	0	0	0	0	0	0
TM4SF18	3	0	1	3	5	1
TM4SF1	1070	806	954	1004	881	713
TM4SF1-AS1	3	1	1	4	1	0
TM4SF4	0	1	0	2	0	0
WWTR1	2410	1957	2223	2605	2393	1887
WWTR1-AS1	22	14	24	13	12	14
COMMD2	2506	2250	2863	2539	2289	1915
ANKUB1	0	0	3	1	0	2
RNF13	1902	1632	1999	1795	1563	1386
PFN2	8011	6801	8688	7263	6353	5202
LOC646903	31	24	43	22	21	20
TMEM183B	34	47	42	45	33	44
LOC102724195	0	0	0	0	0	0
LOC102724203	0	0	0	0	0	0
RP11-167H9.6	9	7	9	15	7	9
RP11-483E7.1	0	0	0	0	0	0
TSC22D2	1517	1293	1602	1543	1347	1097
SERP1	5963	5113	6484	5940	5279	4342
EIF2A	5815	4997	6369	5520	5026	4195
LOC101928061	292	221	312	257	217	213
SELT	3524	3051	3665	3896	3513	2869
FAM194A	4	2	2	4	2	1
LOC101928085	5	3	4	6	2	5
LOC101928105	0	3	3	4	2	0
SIAH2	960	777	1043	872	799	603
CLRN1	0	0	0	0	0	0
CLRN1-AS1	0	2	0	1	1	0
MED12L	542	520	613	592	602	450
GPR171	0	1	0	0	0	4
P2RY14	2	2	1	7	9	3
GPR87	1513	1218	1614	1449	1378	1125
P2RY13	1	0	0	4	0	1
P2RY12	5	3	1	2	4	3
IGSF10	45	46	35	42	42	27
MIR5186	0	0	0	0	0	0
AADACL2	0	0	0	0	0	0
RP11-454C18.2	15	4	4	5	6	5
LOC201651	587	507	612	663	535	441
AADAC	76	60	76	87	54	45
SUCNR1	3	0	2	2	0	3
LOC101928166	0	0	0	0	0	0
MBNL1	14433	12081	15184	13555	12385	10180
MBNL1-AS1	85	56	69	71	61	69
TMEM14E	0	0	0	2	4	2
LOC102724289	0	0	0	0	0	0
P2RY1	191	175	208	186	203	150
RAP2B	4169	3420	4369	3378	3048	2291
C3orf79	0	0	0	0	0	0
ARHGEF26-AS1	10	4	9	8	7	6
ARHGEF26	6	8	1	2	4	3
DHX36	4295	3700	4495	4140	3720	3204
GPR149	0	0	0	0	1	0
MME	205	168	211	173	139	133
LOC101928190	0	1	1	0	1	0
RP11-451G4.2	0	0	0	0	0	0
PLCH1-AS1	0	0	0	0	0	0
PLCH1	51	30	55	50	49	35
C3orf33	239	209	256	243	218	196
SLC33A1	1504	1274	1629	1593	1363	1147
GMPS	7700	6706	8699	7671	6882	5689
KCNAB1	19	28	20	28	25	22
KCNAB1-AS2	0	0	0	0	0	0
KCNAB1-AS1	0	0	2	0	0	0
SSR3	8588	7517	9788	9099	7996	6346
TIPARP-AS1	11	7	13	3	11	6
TIPARP	1779	1514	1843	1636	1458	1148
LOC102724343	1	1	1	1	1	0
LINC00886	20	18	26	27	28	29
PA2G4P4	105	138	122	121	125	117
LEKR1	61	58	55	56	63	38
LINC00880	7	10	7	1	5	1
LINC00881	0	0	0	0	0	1
CCNL1	3233	2644	3236	3324	2930	2410
LOC101928236	64	48	54	62	65	65
VEPH1	262	210	211	204	185	111
PTX3	17	14	19	20	17	16
C3orf55	19	16	26	28	19	12
SHOX2	297	231	318	294	225	199
RSRC1	1921	1579	1998	1753	1540	1391
RP11-538P18.2	283	237	260	251	233	195
MLF1	2069	1798	2257	1914	1721	1409
GFM1	5731	4779	6199	5948	5300	4433
LXN	572	468	639	686	590	501
RARRES1	37	23	39	37	39	23
LOC102724384	59	47	43	45	58	45
RP11-379F4.4	7	6	7	22	21	9
MFSD1	1491	1398	1562	1418	1290	1045
IQCJ-SCHIP1	0	0	0	0	0	0
IQCJ	0	0	0	0	0	0
SCHIP1	0	0	0	0	0	0
MIR3919	0	0	0	0	0	0
LOC101928351	1	0	1	0	0	0
IL12A-AS1	0	1	0	0	0	1
IL12A	13	6	11	3	2	9
LINC01100	0	0	0	0	0	0
C3orf80	18	20	21	30	24	18
IFT80	1902	1668	2080	1793	1556	1360
SMC4	21828	17755	22874	19967	18312	15717
MIR15B	0	0	0	0	0	0
MIR16-2	0	0	0	1	0	0
TRIM59	2196	1786	2330	1751	1606	1271
LOC401098	10	6	12	10	7	3
KPNA4	8612	7298	9503	8740	7933	6354
SCARNA7	17	10	17	27	26	8
ARL14	182	167	201	194	159	150
PPM1L	385	320	396	395	383	243
B3GALNT1	1278	1243	1613	1402	1235	1123
NMD3	5222	4491	5657	4934	4403	3539
SPTSSB	54	58	65	47	32	51
RP11-3P17.4	351	390	425	327	338	379
OTOL1	1	0	0	4	2	1
LINC01192	0	0	0	1	1	0
LOC102724419	4	5	1	4	6	5
MIR1263	0	0	0	0	0	0
SI	0	1	0	2	0	0
LOC101928405	0	0	0	0	0	0
SLITRK3	28	18	23	33	24	18
LOC101928430	7	11	5	9	8	4
BCHE	2	0	0	0	0	2
ZBBX	2	2	0	2	4	4
SERPINI2	0	0	0	6	0	1
WDR49	1	1	3	9	7	0
PDCD10	5008	4236	5315	4866	4522	3770
SERPINI1	103	106	97	165	146	120
RP11-298O21.5	0	0	0	0	0	0
GOLIM4	4723	3970	4783	4405	4137	3557
EGFEM1P	1	2	6	0	2	1
MIR551B	0	0	0	0	0	0
RP11-368I23.2	0	0	0	0	0	0
MECOM	1951	1571	2024	1804	1616	1292
TERC	54	40	50	32	47	31
ACTRT3	271	199	309	285	262	228
TRNAV24	0	0	3	0	2	3
MYNN	1853	1448	1895	1811	1670	1329
LRRC34	262	264	362	237	203	181
LRRIQ4	24	23	13	18	27	19
LRRC31	2	7	5	1	4	7
SAMD7	0	0	2	2	1	2
LOC100128164	11	16	13	15	14	21
SEC62	13456	11037	13552	13150	12514	10422
GPR160	623	493	617	638	537	436
PHC3	5803	4881	6094	6101	5588	4549
PRKCI	7770	6697	8430	7923	7149	5708
SKIL	6744	5751	6802	6967	6556	5437
CLDN11	45	31	30	41	40	24
MIR6828	0	0	0	0	0	2
SLC7A14	0	0	0	3	1	2
LOC101928583	0	0	0	0	0	0
RPL22L1	986	826	1105	1211	1022	787
EIF5A2	1502	1200	1564	1658	1385	1213
SLC2A2	0	0	0	0	0	0
TNIK	154	141	204	246	203	149
MIR569	0	0	0	0	0	0
LOC102724479	4	2	13	12	3	6
PLD1	355	247	346	288	293	221
TMEM212	0	0	0	0	3	0
FNDC3B	3596	3166	3808	3700	3385	2904
LOC101928615	23	25	11	26	25	14
GHSR	2	1	2	5	3	3
TNFSF10	1018	808	829	444	402	360
NCEH1	6328	5488	6860	6795	6312	4918
ECT2	15221	12840	16185	13597	12494	10399
SPATA16	1	0	0	1	0	0
NLGN1	251	227	296	331	296	258
LOC101928640	0	0	0	0	0	0
NAALADL2	36	27	24	14	34	15
NAALADL2-AS3	0	0	0	0	0	0
MIR4789	0	0	0	0	0	0
MIR7977	0	0	0	0	0	0
RP11-71G7.1	1	0	1	0	0	0
LOC101928684	0	0	0	3	0	0
TBL1XR1	26222	22669	28182	19521	17732	14207
LINC00501	0	1	4	2	1	1
LINC00578	7	5	1	1	5	0
LOC101928711	0	1	0	0	0	0
LOC102724550	9	13	12	4	4	3
LINC01014	0	0	0	0	0	0
KCNMB2	11	6	10	16	12	4
ZMAT3	812	680	872	1060	1014	821
RP11-360P21.2	0	0	0	0	0	0
PIK3CA	2645	2297	2730	2515	2291	1886
KCNMB3	213	167	217	221	221	225
LOC101929571	26	15	12	21	20	18
ZNF639	1853	1689	2235	1824	1748	1390
MFN1	3567	3090	3988	3686	3231	2721
GNB4	4419	3804	4589	3319	3164	2530
ACTL6A	6916	5882	7443	6539	5759	5006
MRPL47	2600	2309	2901	2908	2575	2281
NDUFB5	2987	2687	3368	3270	2922	2441
USP13	4394	4088	5028	4244	3700	2955
PEX5L	25	13	19	37	29	20
RP11-791G22.1	0	0	0	0	0	1
LOC100505609	0	0	0	0	0	0
LOC101928856	0	0	1	2	0	1
TTC14	1742	1434	1732	1651	1558	1357
CCDC39	193	140	133	144	121	139
LOC101928882	0	0	0	0	1	0
FXR1	12127	9933	12779	11543	10554	8964
DNAJC19	1369	1118	1351	1313	1190	1012
SOX2-OT	12	4	9	7	7	8
LOC102724604	1	0	0	0	0	0
SOX2	127	75	103	143	128	116
RP11-416O18.1	0	0	0	0	0	0
FLJ46066	0	0	0	0	0	0
LOC102724617	0	0	0	0	0	0
ATP11B	6690	5834	6950	6119	5607	4776
DCUN1D1	3411	2851	3399	3414	3202	2627
MCCC1	1333	1221	1501	1332	1154	897
LAMP3	227	213	271	202	165	148
MCF2L2	300	261	335	333	296	282
B3GNT5	1686	1589	1878	1443	1369	1026
LINC00888	943	776	942	979	897	758
KLHL6	0	0	0	0	0	1
KLHL24	300	270	322	345	308	275
YEATS2	3461	3078	3866	3452	3073	2701
MAP6D1	112	108	153	134	112	97
PARL	1470	1259	1687	1436	1201	1027
MIR4448	0	0	0	0	0	0
ABCC5	1308	1183	1486	1358	1193	1014
ABCC5-AS1	1	0	1	3	3	2
HTR3D	0	0	0	0	0	0
HTR3C	0	0	0	0	0	0
HTR3E	0	0	0	5	0	0
EIF2B5	1980	1798	2122	1826	1695	1331
DVL3	3002	2814	3462	3338	2791	2280
AP2M1	9971	8692	10904	11058	9533	8114
ABCF3	1026	940	1175	1154	1009	758
LOC102724628	5	5	3	13	14	10
VWA5B2	4	5	1	9	7	9
MIR1224	0	0	0	0	0	0
ALG3	708	585	753	735	595	506
ECE2	180	109	161	117	110	86
CAMK2N2	52	40	57	48	51	44
PSMD2	11027	9434	12601	12807	11122	9367
EIF4G1	28582	23634	31583	27782	24503	20240
SNORD66	0	0	0	2	0	0
FAM131A	605	586	669	580	493	407
CLCN2	142	150	167	219	191	115
POLR2H	1314	1176	1384	1248	1145	954
THPO	2	0	3	3	7	5
CHRD	5	6	8	9	5	3
EPHB3	592	530	561	581	474	411
MAGEF1	1954	1594	2030	1771	1673	1330
LOC100505710	11	10	8	8	11	8
RP11-329B9.1	0	0	0	0	0	0
VPS8	922	720	951	872	786	654
C3orf70	17	12	16	11	20	13
EHHADH-AS1	0	0	0	0	0	0
EHHADH	497	467	557	530	415	378
MIR5588	0	0	0	0	0	0
MAP3K13	1387	1173	1511	1373	1232	1110
LOC101929018	4	10	12	5	9	7
TMEM41A	749	643	837	745	685	534
LIPH	35	41	58	62	55	39
SENP2	1419	1291	1652	1561	1472	1177
IGF2BP2	614	625	787	656	493	442
C3orf65	0	1	1	0	3	0
LOC102724686	1	4	0	4	3	2
MIR548AQ	0	0	0	0	0	0
TRA2B	7226	6081	7447	6918	6287	5152
LOC344887	30	34	29	27	18	14
ETV5	388	361	444	543	430	334
DGKG	0	0	0	2	0	0
RP11-48F14.1	0	0	0	0	0	0
CRYGS	14	14	6	13	18	13
TBCCD1	537	437	567	569	439	418
DNAJB11	3412	2704	3563	3665	3239	2730
AHSG	0	0	0	3	2	1
FETUB	0	0	0	0	0	0
HRG	4	1	5	4	5	2
KNG1	2	3	0	1	0	2
EIF4A2	16311	13286	15827	13794	12277	10179
SNORD2	20	15	20	21	9	28
SNORA81	28	20	38	33	21	15
SNORA63	19	14	17	16	14	14
SNORA4	8	14	6	14	15	9
RFC4	1828	1640	2068	1702	1509	1268
LOC102724699	6	4	4	10	7	4
ADIPOQ	0	0	0	0	0	0
ADIPOQ-AS1	0	0	0	0	0	0
LOC102723861	0	1	0	0	0	0
ST6GAL1	189	168	192	181	139	98
LOC101929079	0	2	0	1	2	4
RPL39L	347	290	370	325	303	262
RP11-208N14.4	0	0	0	0	0	0
RTP1	0	0	0	0	0	0
MASP1	1	6	5	3	1	2
LOC101929130	0	0	0	0	0	0
RTP4	50	33	40	4	6	8
SST	0	0	0	0	0	0
RTP2	0	0	0	0	0	0
LOC100131635	0	0	0	0	0	0
BCL6	397	292	342	340	310	197
LPP-AS2	41	25	22	29	36	24
LPP	7360	6513	7767	7177	6517	5436
FLJ42393	1	2	2	6	2	5
LPP-AS1	0	0	0	0	0	0
MIR28	1	0	0	0	0	0
LOC102724756	0	0	2	0	1	1
TPRG1	20	9	18	15	19	13
TPRG1-AS2	0	0	0	0	0	0
TP63	11609	10143	12353	8638	8093	6274
MIR944	1	0	0	0	0	0
LEPREL1	1428	1340	1623	1851	1542	1348
LOC101929152	1	1	1	0	0	1
CLDN1	3215	2642	3274	2883	2838	2373
LOC102724779	0	0	0	0	0	0
CLDN16	27	25	25	33	35	25
TMEM207	0	0	0	0	0	0
IL1RAP	2201	1767	1962	1690	1577	1280
GMNC	1	2	4	1	1	1
SNAR-I	0	0	0	0	0	0
OSTN	0	0	0	0	0	0
UTS2B	1	0	0	1	2	0
CCDC50	1681	1408	1904	1636	1468	1302
PYDC2	0	0	0	0	0	0
FGF12	242	188	242	256	200	178
MB21D2	205	207	277	204	187	177
HRASLS	22	35	43	39	28	25
MGC2889	6	8	5	12	10	7
ATP13A5	1	0	3	0	2	0
ATP13A4	1	1	0	1	5	0
LOC101929198	0	0	0	0	0	0
OPA1	6095	5363	6731	5810	5286	4645
OPA1-AS1	7	4	2	4	5	0
LOC102724808	0	1	4	0	1	0
RP11-699L21.1	7	8	10	1	9	2
DPPA2P3	0	1	0	2	0	0
LOC100505902	42	41	50	30	35	35
LOC285389	0	0	0	0	2	0
LOC102724877	0	0	0	0	0	0
HES1	1219	1071	1286	1069	911	814
LOC100505920	0	6	0	0	1	2
RP11-513G11.3	0	0	0	0	0	0
LINC00887	16	20	26	22	18	4
CPN2	0	0	0	0	1	0
LRRC15	0	0	1	3	1	2
GP5	1	3	0	1	1	0
ATP13A3	9262	8450	10472	9674	8811	6944
LINC00884	3	1	2	5	0	0
LOC100507033	418	310	433	416	312	280
TMEM44-AS1	36	39	32	38	31	30
TMEM44	379	294	405	303	301	257
LSG1	2075	1627	2333	1931	1905	1511
FAM43A	78	55	63	111	81	65
AC090505.6	3	1	1	4	4	0
XXYLT1	412	348	432	412	378	319
XXYLT1-AS1	0	0	0	1	0	0
MIR3137	0	0	0	0	0	0
XXYLT1-AS2	0	0	0	0	1	0
ACAP2	2721	2335	2720	2876	2671	2160
PPP1R2	1588	1490	1760	1850	1645	1449
APOD	15	12	6	19	16	24
SDHAP2	0	0	0	1	0	0
LINC00969	0	0	0	0	0	0
MIR570	0	0	0	0	0	0
LOC102724930	0	0	0	0	0	0
MUC20	3	15	2	14	12	5
MUC4	3	0	0	0	0	1
LOC101929697	35	19	18	18	18	16
TNK2	1056	970	1195	1047	908	705
MIR6829	0	0	0	0	0	0
LOC727978	10	9	5	5	10	9
SDHAP1	227	226	270	255	208	180
LOC102723457	10	5	17	9	13	13
TFRC	18842	16493	20913	18445	16522	13136
LINC00885	17	8	10	12	10	7
ZDHHC19	0	0	0	0	2	3
LOC102723473	0	0	0	0	0	0
SLC51A	29	21	31	24	26	26
PCYT1A	1186	1065	1230	1180	1047	955
TCTEX1D2	90	96	89	57	68	72
TM4SF19-TCTEX1D2	0	1	0	0	0	0
TM4SF19-AS1	2	3	1	1	2	1
TM4SF19	8	5	11	5	8	13
UBXN7	2596	2180	2718	2599	2381	1901
UBXN7-AS1	3	2	4	4	3	2
RNF168	1169	993	1274	1093	1088	898
C3orf43	2	1	1	0	0	0
WDR53	412	315	416	398	391	290
FBXO45	1694	1498	1847	1808	1533	1287
LINC01063	12	9	8	7	14	7
NRROS	0	0	0	2	0	2
CEP19	151	115	153	154	147	133
PIGX	1059	942	1232	1157	1026	812
PAK2	7660	6262	7850	7787	7228	5913
RNU6-42P	2	0	4	1	1	3
SENP5	1938	1644	2063	1994	1904	1360
NCBP2	2768	2358	2793	2384	2201	1980
NCBP2-AS2	318	261	383	334	237	169
PIGZ	96	102	119	115	94	106
MFI2	1081	979	1164	952	818	703
MFI2-AS1	62	55	64	39	46	45
DLG1	6406	5164	6656	6058	5645	4520
MIR4797	0	0	1	0	0	0
DLG1-AS1	49	38	42	33	40	40
LOC101926923	0	0	0	0	1	0
LOC100129516	0	0	0	0	0	0
BDH1	1	4	2	2	2	3
LOC102723589	5	3	5	11	14	10
LOC220729	358	331	378	296	265	231
KIAA0226	1071	902	1074	1118	978	819
MIR922	0	0	0	0	0	0
FYTTD1	4796	4049	5207	5201	4718	3942
LRCH3	1051	904	1094	1033	924	752
IQCG	1348	1165	1518	1270	1176	978
RPL35A	10709	9829	12300	11097	9569	8065
LMLN	512	445	518	446	426	398
ANKRD18DP	0	0	0	1	1	0
FAM157A	0	1	2	1	0	1
LOC102723643	0	0	1	1	0	1
LOC101928695	1	0	0	0	0	0
LOC101059949	2	2	4	1	3	1
LOC101928669	12	8	16	18	10	5
ZNF595	292	253	320	242	271	217
ZNF718	715	495	654	711	608	515
ZNF876P	16	11	20	23	8	15
ZNF732	2	0	4	0	0	0
ZNF141	356	286	372	350	298	258
MIR571	0	1	0	0	0	1
ABCA11P	91	84	72	92	101	85
ZNF721	1091	899	1211	1108	963	926
PIGG	984	813	1064	931	885	730
PDE6B	0	8	3	5	4	1
RP11-1191J2.2	0	0	0	0	0	0
ATP5I	351	400	428	374	357	402
MYL5	27	10	17	23	14	15
MFSD7	8	4	7	9	13	4
PCGF3	1340	1151	1357	1257	1106	977
LOC100129917	124	76	105	69	88	54
CPLX1	101	96	128	110	92	93
GAK	1520	1297	1705	1552	1360	1168
TMEM175	194	185	237	192	168	164
DGKQ	253	225	335	314	262	224
SLC26A1	76	65	98	97	88	68
IDUA	90	69	69	86	79	47
FGFRL1	289	285	370	401	350	276
RNF212	0	0	0	1	1	1
TMED11P	0	0	0	0	1	0
SPON2	8	10	3	6	11	10
LOC100130872	1	1	0	0	1	1
LOC101928548	0	0	0	0	0	0
CTBP1-AS	29	23	31	30	32	34
CTBP1	2490	2122	2724	2618	2134	1730
LOC101928588	25	25	22	58	37	25
CTBP1-AS2	475	437	541	493	424	353
MAEA	1466	1351	1708	1697	1530	1209
LOC101928676	4	4	3	11	7	7
LOC101928621	18	15	18	19	12	20
UVSSA	416	400	444	569	419	374
CRIPAK	204	204	280	304	237	221
LOC101928558	0	0	1	0	0	0
LOC100507054	16	8	5	7	5	2
FAM53A	28	26	41	43	32	32
SLBP	2876	2703	3436	2998	2733	2105
TMEM129	942	763	984	766	656	575
TACC3	3584	2825	3773	3263	2791	2362
FGFR3	1714	1438	1546	1350	1261	987
LETM1	2263	1991	2611	2442	2208	1640
WHSC1	11923	10021	13150	10401	9422	7630
SCARNA22	12	15	24	11	9	16
NELFA	935	845	1073	903	767	603
MIR943	0	0	1	0	1	0
C4orf48	77	87	128	113	87	93
NAT8L	478	502	617	503	461	307
POLN	17	3	8	13	6	7
HAUS3	629	463	638	618	515	437
MXD4	537	432	481	616	542	496
MIR4800	0	0	0	0	0	0
LOC102723755	14	12	10	15	9	15
ZFYVE28	100	83	88	101	76	73
RP11-503N18.1	2	0	0	1	0	1
RNF4	3086	2798	3680	3180	2790	2284
FAM193A	1014	933	1221	1098	945	834
TNIP2	618	597	741	672	596	530
LOC102723763	2	0	0	0	0	0
SH3BP2	629	562	660	592	516	420
ADD1	4926	4333	5499	4932	4364	3604
MFSD10	715	757	878	811	641	546
NOP14-AS1	170	118	152	157	133	126
NOP14	1527	1282	1718	1521	1336	1084
GRK4	18	13	11	13	19	13
HTT-AS	0	1	0	0	1	0
HTT	3944	3523	4275	4037	3648	2948
MSANTD1	3	2	7	4	10	4
RGS12	581	442	583	447	427	404
HGFAC	0	3	3	2	5	13
DOK7	70	78	82	127	93	91
LOC102724043	2	2	2	6	0	2
LRPAP1	1815	1527	1852	1835	1544	1277
LINC00955	0	0	0	0	0	0
RP3-513G18.2	0	0	0	0	0	0
ADRA2C	121	127	160	156	97	84
FAM86EP	90	79	88	90	70	51
LOC101928217	0	0	0	0	0	0
OTOP1	0	0	1	0	0	0
TMEM128	417	389	482	422	487	374
LYAR	2032	1651	2175	1825	1700	1510
ZBTB49	93	83	93	98	92	77
NSG1	11	5	25	12	14	19
STX18	801	643	901	835	691	612
STX18-AS1	38	38	53	55	48	39
LOC102723827	6	6	8	0	3	2
LOC101928237	0	0	0	0	2	0
LOC101928279	4	7	11	13	2	6
MSX1	145	120	137	163	154	128
LOC101928306	0	0	0	0	0	0
CYTL1	0	0	0	0	0	0
LOC101928329	0	0	0	0	0	0
STK32B	3	2	2	7	3	3
C4orf6	1	0	2	2	1	0
EVC2	40	30	45	62	34	24
EVC	180	154	185	160	157	157
LOC102723901	0	0	0	0	0	0
CRMP1	27	25	42	22	31	20
C4orf50	0	0	0	0	0	0
MIR378D1	0	0	0	0	0	0
JAKMIP1	0	0	0	0	0	0
RP11-586D19.1	0	0	0	0	0	0
WFS1	363	320	418	421	416	309
PPP2R2C	34	37	41	39	36	34
MAN2B2	888	727	870	781	703	513
MRFAP1	8202	6856	8778	8245	7491	5913
LOC93622	333	331	355	380	315	282
RP11-539L10.2	7	3	3	7	4	7
S100P	24	18	27	9	14	7
MRFAP1L1	1459	1099	1395	1357	1180	989
BLOC1S4	219	216	263	199	190	162
KIAA0232	996	921	1132	1031	909	762
TBC1D14	983	848	1082	1041	966	713
RP11-367J11.2	3	3	4	4	5	6
CCDC96	18	10	21	19	32	14
TADA2B	778	626	911	772	753	623
GRPEL1	1424	1282	1777	1591	1335	1127
FLJ36777	2	0	2	1	1	0
SORCS2	58	53	51	73	67	67
MIR4798	0	0	0	0	0	0
PSAPL1	0	0	0	0	0	0
MIR4274	0	0	0	0	0	0
AFAP1-AS1	4856	4280	5490	5477	5050	4084
AFAP1	1189	1050	1051	799	672	503
LOC389199	1	0	0	3	0	0
ABLIM2	170	133	195	199	172	110
MIR95	0	0	1	0	0	0
SH3TC1	183	148	169	217	189	142
HTRA3	94	86	104	113	107	98
ACOX3	311	256	364	337	295	215
TRMT44	235	221	236	232	180	169
GPR78	1	0	0	0	2	1
CPZ	82	90	140	125	134	105
RP11-1338A24.1	0	0	0	0	0	0
HMX1	42	49	61	50	32	37
LOC650293	0	0	0	0	0	0
LOC101928803	12	5	5	8	7	3
FAM86KP	7	5	2	6	2	1
LOC101928910	0	2	1	5	1	0
USP17L10	0	1	0	0	0	0
USP17L11	0	0	0	0	0	0
USP17L12	0	0	0	0	0	0
USP17L13	0	0	0	0	0	0
USP17L15	0	0	0	0	0	0
USP17L17	0	0	0	0	0	0
USP17L18	0	0	0	0	0	0
USP17L19	0	0	0	0	0	0
USP17L20	0	0	0	0	0	0
USP17L21	0	0	0	0	0	0
USP17L22	0	0	0	0	0	0
USP17L24	0	0	0	0	0	0
USP17L25	0	0	0	0	0	0
USP17L26	0	0	0	0	0	0
USP17L5	0	0	0	0	0	0
USP17L27	0	0	0	0	0	0
USP17L28	0	0	0	0	0	0
USP17L29	0	0	0	0	0	0
USP17L9P	0	0	0	0	0	0
USP17L30	0	0	0	0	0	0
USP17L6P	0	0	0	0	0	0
DEFB131	0	0	0	1	0	0
LOC101928948	0	0	3	2	1	2
MIR548I2	0	0	0	0	0	0
LOC102723496	0	0	0	0	0	0
SLC2A9	351	239	278	235	232	175
DRD5	0	0	1	0	0	0
WDR1	12874	11124	14372	13078	11613	9738
MIR3138	0	0	1	0	0	0
ZNF518B	2302	1906	2455	2230	1913	1703
CLNK	0	0	0	0	0	0
LOC102723525	0	0	0	0	0	0
MIR572	0	0	0	0	0	0
HS3ST1	83	56	78	87	93	55
RP11-168E17.1	0	0	0	0	0	0
RAB28	490	387	496	466	403	339
LINC01097	0	0	0	0	0	0
NKX3-2	9	8	9	12	15	13
LINC01096	4	2	6	9	5	2
BOD1L1	3865	3330	4132	4039	3784	3242
MIR5091	0	0	0	0	0	0
LINC01182	0	1	0	2	0	0
LOC101929048	0	0	0	0	0	0
LINC01085	0	0	0	1	0	0
CPEB2-AS1	2	0	0	0	2	0
CPEB2	223	202	243	291	265	173
RP11-665G4.1	0	0	0	0	2	0
C1QTNF7	0	0	0	0	0	0
CC2D2A	643	595	713	564	522	418
FBXL5	1130	870	1160	964	848	693
LOC102723602	206	159	244	183	169	126
FAM200B	509	455	498	527	420	418
BST1	7	3	14	13	4	6
CD38	4	5	3	5	5	3
FGFBP1	4719	4569	5322	3848	3457	2658
FGFBP2	2	0	0	0	0	0
PROM1	1	0	0	1	5	0
TAPT1	762	633	781	691	674	520
TAPT1-AS1	71	79	69	70	62	52
LDB2	0	0	0	0	0	0
RP11-576E20.1	0	0	0	0	0	0
LOC101929143	0	0	1	1	0	0
QDPR	450	387	526	455	416	365
CLRN2	0	0	0	0	0	0
LAP3	2268	1962	2475	2008	1803	1541
MED28	1052	830	1004	981	922	699
FAM184B	45	33	39	59	42	41
DCAF16	1439	1334	1654	1480	1263	1037
NCAPG	2954	2580	3250	2693	2379	1998
LCORL	260	251	226	226	226	180
SLIT2	119	96	159	221	178	164
SLIT2-IT1	0	0	0	0	0	0
MIR218-1	0	0	0	0	0	0
PACRGL	696	576	779	638	588	512
KCNIP4	85	53	94	67	79	46
MIR7978	0	0	0	0	0	0
LOC102723645	0	0	0	0	0	0
KCNIP4-IT1	0	0	0	0	0	0
LOC100505912	4	2	1	11	8	5
LOC102723659	1	1	1	1	0	0
GPR125	1130	1026	1241	1313	1096	961
GBA3	0	0	0	0	0	0
PPARGC1A	9	2	3	2	2	0
MIR573	2	2	1	0	2	1
DHX15	7047	6000	7269	6902	6023	4999
SOD3	0	0	0	2	0	0
CCDC149	124	120	139	148	106	113
LOC102723675	0	0	0	0	1	0
LGI2	43	58	39	27	46	24
SEPSECS	573	517	605	648	508	482
SEPSECS-AS1	3	6	8	12	8	10
PI4K2B	1597	1391	1701	1632	1552	1179
ZCCHC4	471	403	531	479	464	320
ANAPC4	987	879	975	1017	861	798
LOC101929161	0	0	0	0	0	0
LOC102723710	0	0	0	0	0	0
SLC34A2	0	5	0	0	0	0
SEL1L3	1104	999	1163	758	718	616
LOC102723733	0	2	3	0	0	2
SMIM20	329	266	338	304	233	215
RBPJ	1829	1539	2025	1896	1780	1391
CCKAR	0	0	0	0	0	0
TBC1D19	119	141	159	113	122	99
LOC102723744	0	3	0	0	3	1
STIM2	912	756	991	912	784	605
RP11-415C15.2	0	0	0	0	0	0
MIR4275	0	0	0	0	0	0
LOC102723764	0	0	0	0	0	0
PCDH7	428	342	483	472	404	323
LOC102723778	0	0	0	0	0	0
LOC102723828	0	0	0	0	0	0
LOC102723846	0	0	0	0	0	0
LOC101927363	1	0	2	0	2	1
RP11-79E3.3	0	0	0	0	0	0
LOC101928667	15	16	23	7	20	10
ARAP2	1169	1013	1329	1232	1183	944
MGC42157	0	0	0	0	0	0
DTHD1	0	0	0	0	0	0
MIR1255B1	0	0	0	0	0	0
LOC100508631	0	0	0	0	0	0
LOC101928721	0	0	0	0	0	0
MIR4801	0	0	0	0	0	0
KIAA1239	0	0	0	3	0	2
C4orf19	4	12	10	9	15	9
RELL1	287	248	336	316	264	195
PGM2	1744	1503	1834	1736	1553	1273
TBC1D1	2087	2029	2260	1656	1600	1141
PTTG2	0	2	0	0	1	1
RP11-83C7.2	0	0	0	0	0	0
LOC102723415	0	6	0	0	0	1
FLJ13197	1	4	5	0	2	3
KLF3	3708	3125	3741	2797	2559	2052
TLR10	1	0	2	4	3	2
TLR1	15	9	16	9	14	10
TLR6	181	133	179	179	140	119
FAM114A1	450	412	454	430	370	302
MIR574	0	0	0	0	0	0
TMEM156	210	189	230	307	229	172
KLHL5	4681	3884	4876	4849	4470	3650
WDR19	250	201	253	204	180	148
RFC1	4745	4063	5254	4734	4336	3739
KLB	5	4	3	7	7	2
MIR5591	0	0	0	0	0	0
LOC101928798	0	0	0	0	0	1
RPL9	13239	11915	14987	13209	11671	10027
LIAS	421	339	495	434	393	316
LOC401127	9	9	8	13	16	12
UGDH	1720	1524	1869	1564	1451	1017
UGDH-AS1	57	36	38	59	31	36
SMIM14	325	266	257	282	250	187
UBE2K	6149	5428	6537	6252	5759	4754
PDS5A	9482	8092	9940	9365	8441	7077
LOC344967	7	3	6	6	5	7
N4BP2	1790	1477	1959	1705	1537	1250
RHOH	0	0	0	0	0	0
LOC101930098	0	0	0	0	0	0
LOC101060498	1	0	0	0	0	0
CHRNA9	0	0	0	1	2	0
RBM47	3246	2587	3328	3035	2730	2255
MIR4802	0	0	0	0	0	0
NSUN7	177	157	153	160	138	97
APBB2	950	904	1049	1046	999	731
LOC102723497	0	0	0	0	0	0
UCHL1-AS1	0	0	0	0	0	0
UCHL1	48	57	49	78	41	33
LIMCH1	327	266	398	490	411	344
PHOX2B	0	0	0	0	0	0
LINC00682	0	0	0	0	0	1
TMEM33	4309	3629	4447	4295	3936	3145
DCAF4L1	7	8	17	7	13	8
SLC30A9	3567	2986	3910	3496	3186	2840
BEND4	268	254	293	201	211	187
SHISA3	36	33	41	27	44	29
ATP8A1	53	63	45	36	31	34
LOC101927095	1	0	0	0	0	0
GRXCR1	0	0	0	0	0	0
LOC100506827	4	4	9	2	1	2
KCTD8	28	27	42	43	22	26
YIPF7	2	3	0	2	3	0
GUF1	2534	2293	2838	2959	2545	2238
GNPDA2	740	688	777	715	691	571
GABRG1	0	0	1	1	1	1
GABRA2	0	1	0	0	0	0
COX7B2	0	0	0	0	0	0
GABRA4	0	1	0	0	0	0
GABRB1	1	0	0	0	0	0
COMMD8	1041	860	1051	988	902	714
LOC101927133	0	0	0	0	0	1
ATP10D	1560	1267	1505	1162	1184	994
CORIN	7	9	1	7	4	4
MIR8053	0	0	0	0	0	0
LOC101927179	0	1	0	1	0	0
NFXL1	970	817	953	938	909	678
LOC101927157	4	5	5	2	3	3
CNGA1	35	28	46	26	21	17
NIPAL1	622	490	592	550	548	450
TXK	2	7	15	13	13	10
TEC	167	158	189	204	166	159
SLAIN2	2259	1894	2285	2158	1911	1654
SLC10A4	3	3	4	1	1	3
ZAR1	5	0	3	4	0	1
FRYL	3705	3434	4022	3587	3272	2807
OCIAD1	4247	3813	4410	4284	3829	3279
OCIAD2	873	822	987	1013	846	682
CWH43	0	0	0	0	0	0
LOC101927209	0	1	1	0	3	3
LOC101060532	0	0	0	0	0	0
DCUN1D4	1870	1680	2017	1876	1689	1408
LRRC66	1	4	6	1	7	7
SGCB	1842	1475	1916	1882	1738	1383
SPATA18	63	53	75	37	52	39
USP46	1507	1292	1638	1511	1431	1169
USP46-AS1	29	17	22	7	18	9
DANCR	913	859	1188	1145	978	782
MIR4449	0	4	0	2	0	0
SNORA26	6	5	6	3	5	2
ERVMER34-1	52	54	66	46	62	42
RP11-752D24.3	0	0	0	0	0	0
RASL11B	8	9	11	7	3	2
SCFD2	510	455	524	483	442	369
LOC101928658	1	0	1	0	0	0
FIP1L1	1806	1527	1931	1761	1554	1485
LNX1	182	135	182	212	166	128
LNX1-AS1	0	0	0	0	0	0
LOC101928879	0	0	0	0	0	1
LNX1-AS2	7	3	8	1	1	3
RP11-317M11.1	0	0	0	0	0	0
RPL21P44	0	0	3	1	1	2
CHIC2	219	227	264	302	237	188
GSX2	0	0	0	0	0	0
PDGFRA	2	1	3	4	0	1
LOC339978	0	0	0	0	0	0
KIT	0	0	0	0	0	0
KDR	0	0	0	0	0	0
SRD5A3	263	205	282	218	208	161
SRD5A3-AS1	0	0	0	5	2	1
TMEM165	2755	2375	2874	2571	2476	1930
CLOCK	3334	3069	3673	3275	3055	2508
PDCL2	0	1	0	1	3	2
NMU	295	214	321	232	201	189
LOC644145	0	0	0	0	0	0
EXOC1	1350	1092	1348	1184	1061	906
CEP135	866	693	897	790	746	584
KIAA1211	111	122	151	118	93	84
LOC101928760	0	0	3	0	0	0
AASDH	961	767	944	907	806	675
LOC102724537	8	8	4	3	9	3
PPAT	1791	1528	1862	1669	1468	1183
PAICS	13179	11296	14643	12822	11562	9395
SRP72	5262	4678	6077	5556	4953	4164
ARL9	5	4	4	2	13	3
THEGL	2	0	0	1	3	1
LOC101928785	0	0	0	0	0	0
HOPX	1	0	1	0	0	0
LOC101928815	0	0	0	0	0	0
SPINK2	0	4	2	1	0	2
REST	3498	2911	3788	3421	3197	2539
NOA1	768	649	867	665	621	469
POLR2B	5977	5165	6752	6167	5797	4664
IGFBP7	260	256	281	263	229	175
IGFBP7-AS1	0	0	0	0	0	0
RP11-319E12.1	0	0	0	0	0	0
LOC102724598	0	0	0	0	0	0
MIR548AG1	0	0	0	0	0	0
LPHN3	175	136	169	110	120	98
RP11-84A1.3	0	0	2	0	1	0
LOC101927145	0	0	0	0	0	0
TECRL	0	0	0	0	1	0
RP11-707A18.1	0	0	0	0	0	0
EPHA5	0	1	0	5	3	2
RP11-807H7.1	0	0	0	0	0	1
MIR1269A	0	0	0	0	0	0
RP11-584P21.2	0	0	1	1	1	1
CENPC	588	561	655	660	560	555
STAP1	0	0	0	0	0	0
UBA6	5003	4173	5050	4653	4115	3503
UBA6-AS1	229	163	248	199	191	166
GNRHR	7	5	1	5	6	5
LOC102724780	0	0	1	0	0	0
TMPRSS11D	2	4	3	1	9	2
TMPRSS11A	2	2	2	3	4	5
TMPRSS11GP	0	0	0	0	0	0
TMPRSS11F	1	3	0	2	0	1
LOC550113	0	0	0	0	0	0
SYT14L	0	0	0	0	0	0
FTLP10	0	0	0	0	0	0
TMPRSS11BNL	0	0	0	0	1	0
TMPRSS11B	0	0	0	0	0	2
YTHDC1	0	0	0	1	1	0
TMPRSS11E	5	6	3	14	8	2
UGT2B17	2	4	3	4	1	3
UGT2B15	0	0	0	0	0	1
UGT2B10	0	0	0	0	0	0
UGT2A3	0	0	0	0	0	0
UGT2B7	0	0	0	0	0	0
UGT2B11	0	0	0	0	0	0
UGT2B28	0	0	0	0	0	0
UGT2B4	0	0	0	0	0	0
UGT2A1	0	0	0	0	0	0
UGT2A2	0	0	0	0	0	0
SULT1B1	0	0	2	0	1	0
SULT1E1	7	2	6	4	7	7
CSN1S1	0	0	0	0	0	0
CSN2	0	0	0	0	0	0
STATH	0	0	0	0	0	0
LOC102724794	0	0	0	0	0	0
HTN3	0	0	0	0	0	0
HTN1	0	0	0	0	0	0
CSN1S2AP	0	0	0	0	0	0
CSN1S2BP	0	0	0	0	0	0
C4orf40	0	0	0	0	1	0
ODAM	0	0	0	0	0	0
FDCSP	1	0	0	1	0	0
CSN3	0	0	0	0	0	0
CABS1	0	0	0	0	0	0
SMR3A	0	0	0	0	0	0
SMR3B	0	0	0	1	0	0
PROL1	0	0	1	0	0	0
MUC7	0	0	0	1	1	0
AMTN	7	14	14	1	4	5
AMBN	0	0	0	0	0	0
ENAM	1	0	2	0	0	3
IGJ	0	0	1	0	0	1
LOC101927297	0	0	0	0	0	0
UTP3	984	793	1005	1003	881	776
RUFY3	602	519	621	466	398	339
GRSF1	4775	4232	5569	4706	4349	3580
MOB1B	1862	1646	1896	1958	1821	1467
DCK	1725	1420	1710	1681	1493	1143
SLC4A4	11	2	2	3	2	4
LOC102724821	0	0	0	0	0	0
GC	0	0	0	0	0	0
NPFFR2	0	0	0	0	0	0
ADAMTS3	119	98	134	127	124	100
COX18	311	293	358	323	297	288
ANKRD17	6728	5502	7201	6940	6502	5233
LOC102724832	0	0	1	1	0	1
ALB	3	3	1	1	3	6
AFP	2	1	1	0	3	0
AFM	0	0	0	0	0	0
RP11-622A1.2	0	0	0	0	0	0
RASSF6	365	312	335	338	367	261
IL8	337	277	256	693	670	425
CXCL6	0	0	0	0	0	0
PF4V1	0	0	0	0	0	0
CXCL1	219	153	152	295	285	226
PF4	0	0	0	0	0	0
PPBP	0	0	0	0	0	0
CXCL5	3	2	9	1	10	2
CXCL3	11	15	16	13	12	15
PPBPP2	0	0	0	0	0	0
CXCL2	55	30	41	46	45	36
MTHFD2L	137	126	163	170	136	115
EPGN	5	5	11	12	11	13
EREG	6829	6344	7390	8387	7774	6379
AREG	1793	1562	1827	1802	1728	1398
BTC	148	152	188	192	151	132
PARM1	116	123	153	234	172	172
RP11-44F21.3	1	1	0	0	0	0
LOC101928702	0	0	0	0	0	0
LOC100506253	15	9	14	10	8	5
RP11-542G1.3	0	0	0	0	0	0
RCHY1	558	530	661	680	591	491
THAP6	612	524	671	656	611	485
C4orf26	0	1	1	0	0	1
CDKL2	27	38	52	39	31	33
G3BP2	6874	6064	7515	6960	6766	5407
USO1	4083	3211	4149	4133	3661	3098
PPEF2	0	0	0	0	3	1
NAAA	239	206	228	259	228	216
SDAD1	1992	1744	2225	2001	1836	1555
RP11-630D6.5	0	0	1	0	2	0
CXCL9	3	0	0	1	0	0
ART3	0	0	0	1	0	0
CXCL10	18	9	5	0	2	0
CXCL11	15	9	9	0	0	4
NUP54	2679	2310	2892	2622	2359	2047
SCARB2	4184	3667	4505	3840	3546	2931
FAM47E	6	4	3	2	7	1
FAM47E-STBD1	0	0	0	0	0	0
STBD1	11	12	11	7	4	5
CCDC158	4	2	0	1	2	0
SHROOM3	1192	1002	1294	1206	1078	776
MIR4450	0	0	0	0	0	0
MIR548AH	0	0	0	0	0	0
SOWAHB	7	15	9	26	12	18
SEPT11	3587	3019	3882	3520	3176	2598
CCNI	6207	5224	6637	6008	5315	4616
LOC101928864	0	0	0	0	0	0
CCNG2	760	638	688	523	468	386
CXCL13	0	0	0	0	0	0
CNOT6L	2270	2014	2290	2110	1849	1522
MRPL1	468	406	454	515	467	415
LOC102724916	0	0	0	2	1	1
FRAS1	999	913	1109	1096	926	698
ANXA3	3774	3265	4391	4017	3539	3035
LINC01094	5	8	11	7	7	7
LOC101928893	0	0	0	0	0	0
BMP2K	1039	777	1010	1039	932	738
MIR5096	0	0	0	0	0	0
PAQR3	1204	1002	1227	1139	1126	819
LINC01088	3	3	6	0	3	4
NAA11	0	0	0	0	0	0
GK2	0	0	0	0	0	0
LINC00989	0	0	0	0	0	0
LOC101928918	0	0	0	0	0	0
PCAT4	0	0	0	0	0	0
ANTXR2	70	54	61	87	49	67
PRDM8	26	22	41	43	26	22
FGF5	0	1	1	4	2	2
C4orf22	0	0	0	0	0	0
BMP3	5	6	5	9	12	8
PRKG2	41	31	45	24	20	13
RP11-100N20.1	1	1	2	0	0	1
RASGEF1B	11	7	12	9	7	8
LOC101928987	0	0	0	1	0	1
HNRNPD	15699	13653	17100	14644	13156	12231
LOC101928963	3	10	5	5	3	2
HNRNPDL	8457	7185	8823	7073	6709	5993
ENOPH1	2236	1835	2452	2175	2003	1511
TMEM150C	15	7	11	11	15	16
LINC00575	0	0	0	0	0	0
SCD5	524	472	641	650	581	446
MIR575	0	0	0	0	0	0
SEC31A	4336	3759	4601	4619	4059	3236
THAP9-AS1	520	458	549	526	455	364
THAP9	253	197	254	254	220	162
LIN54	1421	1124	1418	1369	1308	1045
COPS4	1213	999	1287	1253	1135	911
PLAC8	26	26	37	22	29	27
COQ2	655	599	750	692	610	474
HPSE	134	88	181	152	130	111
HELQ	354	304	391	394	337	338
MRPS18C	193	185	170	206	190	130
FAM175A	227	207	208	240	238	177
AGPAT9	85	99	117	100	64	48
LOC101928978	17	14	18	26	23	9
NKX6-1	90	77	121	87	93	71
LOC102723338	2	0	0	0	1	1
LOC102723358	2	0	2	0	0	0
CDS1	1565	1266	1700	1620	1378	1157
WDFY3	2782	2382	3062	2872	2627	2049
WDFY3-AS2	31	35	26	27	28	23
ARHGAP24	33	46	41	27	23	30
MIR4451	0	0	0	0	0	0
LOC101929015	0	0	0	0	0	0
MAPK10	90	58	69	58	55	50
RP11-778J15.1	0	1	0	0	0	0
MIR4452	0	0	0	0	0	0
PTPN13	3323	2677	3262	2948	2814	2197
SLC10A6	6	0	0	1	0	0
C4orf36	44	31	50	46	40	41
LOC100506746	24	31	38	32	28	27
AFF1	1535	1314	1664	1454	1310	1029
KLHL8	843	712	986	862	823	673
MIR5705	0	0	0	0	0	0
HSD17B13	10	4	4	3	4	6
HSD17B11	1282	1099	1386	1077	999	815
NUDT9	826	698	870	709	680	538
LOC101929090	0	0	0	0	1	0
SPARCL1	27	15	37	18	21	13
LOC102723404	4	0	1	1	0	0
DSPP	0	3	0	1	2	0
DMP1	3	0	2	7	0	2
IBSP	5	2	3	1	2	8
MEPE	1	0	0	0	0	1
SPP1	2	1	0	0	0	0
PKD2	880	790	947	887	880	700
ABCG2	42	41	46	35	35	28
PPM1K	292	231	210	66	90	55
RP11-10L7.1	0	0	0	0	0	0
HERC6	1352	1212	1337	392	352	297
LOC102723458	16	14	11	6	3	2
HERC5	3509	3098	2943	75	54	63
PIGY	0	0	0	0	0	0
PYURF	0	0	0	0	0	0
LOC101929134	1	3	1	4	3	0
HERC3	351	348	384	374	319	253
RNU6-33P	4	17	14	24	9	15
NAP1L5	0	0	0	2	0	0
FAM13A-AS1	2	7	2	2	4	4
FAM13A	456	395	497	456	341	329
LOC102723488	0	1	2	0	0	0
TIGD2	309	268	338	345	312	234
GPRIN3	14	24	18	6	14	6
SNCA	86	76	108	58	58	58
RP11-67M1.1	0	0	1	1	0	0
MMRN1	0	0	0	0	0	0
CCSER1	48	38	53	27	47	27
LOC101929194	0	0	0	0	0	0
GRID2	0	0	0	0	0	0
ATOH1	1	0	0	1	2	1
RP11-363G15.2	0	0	0	0	0	0
SMARCAD1	1745	1547	1885	1739	1528	1319
HPGDS	0	0	0	0	0	0
PDLIM5	3891	3329	4085	3889	3414	2825
RP11-168E14.1	0	1	0	0	0	1
BMPR1B	373	364	396	280	292	227
UNC5C	24	22	17	25	17	8
LOC101929250	0	0	0	0	0	0
PDHA2	0	0	0	0	0	0
RNU6-34P	0	0	0	0	0	0
STPG2	0	1	5	2	2	1
STPG2-AS1	1	0	0	0	0	0
RAP1GDS1	1725	1591	1865	2052	1709	1414
TSPAN5	181	227	207	232	195	181
EIF4E	2401	1960	2484	2043	1890	1626
METAP1	2245	2021	2560	2098	1953	1572
MIR3684	0	0	0	1	0	1
ADH5	3906	3329	4219	4463	3881	3279
RP11-696N14.1	10	3	11	5	8	5
ADH4	1	0	0	0	0	0
PCNAP1	0	0	0	0	0	0
ADH6	2	2	4	0	2	1
ADH1A	0	0	0	0	0	2
ADH1B	2	0	0	0	0	0
ADH1C	136	85	118	73	61	49
LOC102723576	0	0	0	0	0	0
ADH7	0	0	0	0	0	0
C4orf17	0	0	0	0	1	0
TRMT10A	221	200	270	259	238	160
MTTP	8	13	16	15	19	14
LOC285556	1	5	2	4	3	2
DAPP1	275	254	264	393	349	309
LAMTOR3	1272	1194	1309	1282	1155	901
DNAJB14	3105	2789	3115	3014	2877	2412
H2AFZ	18006	16462	20534	18366	16075	12657
LOC256880	10	8	12	10	6	1
DDIT4L	13	17	9	23	10	11
RP11-588P8.1	0	0	0	0	0	0
EMCN	0	0	0	0	0	0
LINC01216	0	0	0	0	0	0
PPP3CA	4035	3269	4189	3518	3324	2627
MIR8066	0	0	0	0	0	0
MIR1255A	0	0	0	0	1	0
FLJ20021	47	32	66	36	34	19
BANK1	9	5	14	4	11	7
SLC39A8	1125	987	1073	1030	895	695
LOC101929375	0	1	0	1	0	0
NFKB1	3634	3191	3944	3605	3203	2589
LOC101929401	1	0	3	1	0	0
MANBA	833	667	816	857	720	566
LOC102723704	0	0	0	1	0	0
UBE2D3	7437	6265	7697	7019	6227	4989
CISD2	910	748	896	969	836	680
SLC9B1	9	10	7	8	3	8
SLC9B2	197	185	212	187	143	122
BDH2	336	271	323	320	257	224
CENPE	5066	4073	5570	3967	3860	3187
RP11-328K4.1	17	11	7	7	12	5
TACR3	1	0	0	0	0	0
CXXC4	88	59	81	71	53	35
AC004053.1	3	0	1	1	1	1
LOC101929491	5	9	4	8	9	13
TET2	1505	1142	1352	1469	1301	1094
PPA2	1509	1342	1735	1550	1436	1245
ARHGEF38	1	4	9	2	4	1
ARHGEF38-IT1	0	0	0	0	0	0
INTS12	513	384	535	483	443	366
GSTCD	1381	1006	1415	1292	1242	912
LOC101929558	1	1	1	1	0	0
RP11-45L9.1	1	1	7	3	4	4
NPNT	133	144	155	175	171	131
RP11-710F7.3	2	3	4	3	1	1
TBCK	991	728	1012	833	798	647
AIMP1	1845	1533	1959	1949	1821	1506
GIMD1	0	0	0	0	0	0
DKK2	3	0	0	4	3	1
LOC102723807	2	0	1	0	0	0
PAPSS1	1454	1193	1538	1415	1309	992
LOC102724049	0	5	2	1	1	0
SGMS2	1438	1268	1474	1316	1257	1003
RP11-286E11.1	0	0	0	1	0	0
CYP2U1	236	211	243	267	236	199
HADH	2066	1712	2202	2027	1762	1395
LEF1	167	160	168	193	157	109
LEF1-AS1	12	9	11	9	12	9
RPL34-AS1	8	6	12	7	5	2
LOC101929621	0	0	0	0	0	0
RPL34	3929	3820	4749	4219	3638	3131
OSTC	1762	1467	1973	1744	1613	1282
ETNPPL	19	21	35	24	16	20
COL25A1	7	2	8	8	6	0
SEC24B-AS1	19	14	36	34	27	19
SEC24B	2380	2013	2669	2379	2199	1721
MIR576	3	1	0	0	1	0
CCDC109B	501	440	580	477	390	354
CASP6	590	520	636	528	487	337
PLA2G12A	1023	905	1173	1138	976	721
CFI	1050	949	1105	839	849	755
GAR1	829	761	903	813	682	605
RRH	1	2	3	3	2	0
LRIT3	9	6	3	7	6	10
EGF	17	26	18	18	28	15
RNU6-35P	0	0	0	0	0	0
ELOVL6	1245	1115	1402	1266	1137	949
ENPEP	174	161	223	194	155	137
PITX2	358	269	366	324	232	263
MIR297	0	0	0	0	0	0
C4orf32	657	562	641	640	586	451
AP1AR	1071	846	1016	959	852	757
TIFA	488	458	494	503	398	361
ALPK1	502	431	436	351	347	256
NEUROG2	15	10	18	13	16	13
LOC101929654	0	1	3	0	1	0
C4orf21	715	629	763	773	703	560
LARP7	2043	1505	2045	1885	1718	1552
MIR367	0	0	0	0	0	1
MIR302D	0	0	1	0	0	1
MIR302A	0	0	0	1	1	0
MIR302C	2	2	0	0	2	0
MIR302B	1	0	0	1	0	2
ANK2	209	179	226	143	125	101
LOC102723896	0	0	0	0	0	0
LOC102723880	4	2	0	0	2	0
MIR1243	0	0	0	0	0	0
MIR8082	0	0	0	0	0	0
CAMK2D	703	535	717	541	437	426
ARSJ	495	357	496	415	366	311
LOC102723905	0	1	0	0	0	0
UGT8	452	394	482	425	381	320
MIR577	0	0	0	0	0	0
NDST4	0	0	0	0	0	1
MIR1973	0	0	0	0	0	0
TRAM1L1	79	72	93	74	59	49
LOC102723914	0	0	0	0	0	0
NDST3	3	2	1	4	4	3
SNHG8	620	536	782	601	469	479
SNORA24	6	5	14	5	3	0
PRSS12	261	243	314	232	237	163
CEP170P1	6	8	7	8	10	7
RP11-384K6.6	13	20	24	35	19	8
LOC102723928	0	0	0	1	0	0
LOC101929741	6	4	2	6	4	6
METTL14	860	765	877	869	749	672
SEC24D	764	669	844	747	643	522
SYNPO2	58	39	43	53	46	38
LOC102723956	0	0	0	0	0	0
LOC102723967	0	0	0	0	0	0
MYOZ2	0	0	0	2	2	0
LOC101929762	0	3	0	1	8	3
USP53	1368	1071	1257	1273	1150	988
C4orf3	1494	1270	1480	1394	1302	1091
FABP2	0	0	0	0	0	0
LINC01061	82	90	113	117	85	69
LOC101926894	13	12	13	5	12	9
LOC101926918	27	37	25	43	30	28
LOC101926936	17	11	16	17	12	15
LOC645513	40	56	44	36	35	23
PDE5A	214	258	307	264	201	203
LOC102724069	0	0	0	0	0	0
RP11-236P13.1	0	0	0	0	0	0
RP11-700N1.1	2	1	1	1	4	1
MAD2L1	2574	2311	2988	2682	2368	1773
PRDM5	247	208	271	191	186	155
NDNF	2	3	1	0	3	7
TNIP3	0	2	0	0	1	2
QRFPR	1	2	2	2	5	3
LOC101927052	0	0	0	0	0	0
ANXA5	6014	5355	6533	6203	5604	4681
TMEM155	0	0	0	0	0	0
PP12613	0	0	0	0	0	0
EXOSC9	989	835	1155	957	877	714
CCNA2	3995	3352	4444	3677	3235	2608
BBS7	707	638	633	808	660	517
TRPC3	1	3	7	7	2	3
LOC102724158	0	0	0	0	0	0
KIAA1109	3267	3004	3635	3401	3018	2689
ADAD1	0	0	0	0	0	0
IL2	0	0	0	0	0	0
IL21	0	0	0	0	0	0
IL21-AS1	0	1	0	1	0	1
CETN4P	10	5	14	6	7	4
BBS12	109	117	111	84	77	45
FGF2	777	680	719	130	135	84
NUDT6	10	11	14	16	19	8
SPATA5	729	605	830	550	506	395
SPRY1	10	3	6	6	5	4
TRNAC16	0	0	1	1	2	1
LINC01091	0	0	0	0	0	0
LOC102724176	0	0	0	0	0	0
RP11-93I21.3	0	0	0	0	0	0
ANKRD50	1859	1496	1691	1807	1685	1307
FAT4	300	288	341	418	386	315
MIR2054	0	0	0	0	0	0
RP11-318I4.1	0	0	0	0	0	0
LOC102724210	0	0	0	0	0	0
INTU	212	171	240	193	209	146
SLC25A31	0	0	0	1	1	0
HSPA4L	1486	1097	1401	1219	1198	1006
PLK4	1838	1532	2071	1783	1591	1331
MFSD8	499	457	563	448	498	376
LOC101927163	2	3	4	0	2	3
C4orf29	305	295	343	329	299	241
LARP1B	878	779	1023	943	875	658
PGRMC2	1599	1427	1776	1585	1398	1139
RP11-420A23.1	4	1	4	8	0	4
LOC100507487	2	0	0	4	7	0
LOC101927259	1	0	1	0	0	1
LOC102724309	0	0	0	0	0	0
JADE1	1234	1041	1268	1061	967	797
SCLT1	626	533	673	581	528	494
C4orf33	284	216	318	262	250	226
LOC102724326	0	0	0	0	0	0
RP11-519M16.1	12	15	15	13	5	9
LOC102724353	0	0	0	0	0	0
RP11-614F17.2	0	0	0	0	0	0
RP11-9G1.3	1	1	1	5	7	9
PCDH10	72	80	74	155	123	109
PABPC4L	219	186	230	203	199	161
LINC00613	0	0	0	0	0	0
LOC729307	0	0	0	0	0	0
PCDH18	268	229	265	177	190	139
LOC101927414	0	0	0	0	0	0
LINC00616	0	2	0	1	0	2
SLC7A11-AS1	3	5	3	10	1	3
SLC7A11	2980	2663	3129	1553	1614	1258
LINC00499	0	0	0	0	0	0
CCRN4L	347	286	414	344	286	238
ELF2	970	733	939	857	757	638
MGARP	2	3	3	2	10	5
NDUFC1	625	536	685	588	561	512
NAA15	5094	4402	5571	4733	4488	3599
LOC101927451	28	16	31	25	16	14
RAB33B	237	169	218	218	204	207
SETD7	4971	4484	5712	4869	4655	3733
LOC101927490	0	0	0	0	0	2
MGST2	762	586	778	635	567	449
MAML3	81	108	104	39	67	43
LOC101927544	0	0	0	0	0	0
SCOC	2671	2325	2929	2705	2496	2087
RP11-425I13.3	3	10	6	7	9	4
CLGN	118	82	113	100	103	85
LOC152586	0	0	0	0	0	0
ELMOD2	945	765	904	927	817	716
UCP1	3	1	3	4	3	6
TBC1D9	355	272	341	346	312	220
TNRC18P1	0	2	0	0	3	2
RNF150	24	20	26	30	19	20
ZNF330	886	715	928	832	753	646
LOC102724501	0	0	0	0	0	0
RP11-362F19.1	0	0	0	0	0	0
IL15	67	50	64	36	38	26
INPP4B	303	327	394	325	297	211
LOC101927613	0	0	0	0	0	1
USP38	1399	1182	1509	1448	1367	1037
GAB1	624	514	526	586	615	452
MIR3139	0	0	0	0	0	0
SMARCA5	8329	7013	8697	7325	6697	5764
SMARCA5-AS1	2	0	0	0	0	1
GUSBP5	52	48	69	75	72	52
FREM3	3	2	1	1	3	4
GYPE	2	1	1	1	3	0
RP11-673E1.1	3	5	4	0	1	3
GYPB	0	0	0	0	0	0
GYPA	0	1	0	0	0	0
HHIP-AS1	4	5	6	10	8	10
HHIP	0	1	7	5	2	3
ANAPC10	344	319	397	352	358	312
ABCE1	8086	7054	9239	8258	7757	6138
OTUD4	4569	4056	5054	4429	4108	3236
LOC101927681	5	6	16	8	6	6
SMAD1	840	663	801	738	680	566
SMAD1-AS2	0	1	0	0	1	0
MMAA	94	75	95	77	72	51
C4orf51	0	1	0	1	0	2
ZNF827	867	697	893	729	689	585
LINC01095	0	0	0	0	0	0
LSM6	560	440	537	461	473	423
LOC345051	3	0	0	5	7	8
SLC10A7	272	262	258	309	304	216
MIR7849	0	0	0	0	0	0
POU4F2	0	0	0	0	0	0
TTC29	0	1	0	0	0	0
MIR548G	0	0	0	0	0	0
EDNRA	31	30	25	29	23	23
TMEM184C	1280	1013	1268	1151	1141	902
PRMT9	359	247	369	380	345	250
ARHGAP10	637	616	742	617	553	463
MIR4799	0	0	0	0	0	0
NR3C2	16	28	29	16	21	12
LOC102724672	0	0	0	0	0	0
LOC101929065	2	0	0	4	2	1
RP11-24I21.1	0	0	0	0	0	0
RP11-526A4.1	2	2	3	2	4	2
DCLK2	6	7	14	17	16	13
LRBA	4186	3867	4815	4360	4124	3398
MAB21L2	0	0	0	0	1	0
RPS3A	21281	18988	24469	21325	18827	15508
SNORD73A	0	0	0	0	0	0
SH3D19	1848	1791	2142	1807	1687	1333
PRSS48	2	0	0	2	0	2
FAM160A1	1427	1174	1507	1321	1156	905
PET112	482	439	552	477	432	377
LOC102724700	0	0	0	0	0	0
LOC100505685	0	0	0	0	0	0
RP11-18H21.1	4	1	3	9	5	2
FBXW7	706	652	729	686	675	564
DEAR	1	0	0	0	0	3
MIR3140	0	0	0	0	0	0
DKFZP434I0714	101	69	85	66	62	69
MIR4453	0	0	0	0	0	0
TMEM154	616	561	548	475	428	319
TIGD4	22	22	29	32	27	18
LOC102724121	1	1	0	1	0	0
ARFIP1	1765	1343	1804	1593	1493	1279
LOC729870	5	2	4	4	12	2
FHDC1	238	201	225	282	222	176
TRIM2	196	189	197	255	228	177
ANXA2P1	88	111	101	102	110	141
MND1	270	226	313	292	238	214
KIAA0922	498	377	490	383	383	282
TLR2	80	61	65	70	59	59
RNF175	0	0	0	0	1	2
SFRP2	0	0	1	1	0	0
DCHS2	49	32	46	42	26	35
PLRG1	2369	2091	2546	2219	1962	1823
FGB	0	0	0	0	2	3
FGA	0	0	0	0	0	0
FGG	0	1	1	1	0	1
LRAT	221	200	211	275	244	197
RBM46	1	2	4	2	2	0
NPY2R	0	0	0	0	0	0
MAP9	785	622	715	751	643	559
LOC102724776	1	0	1	0	0	2
GUCY1A3	20	29	29	19	17	7
GUCY1B3	70	30	58	77	60	49
ASIC5	0	0	0	0	0	0
TDO2	0	0	0	0	0	0
CTSO	0	0	0	0	0	0
LOC102724785	0	0	0	0	0	0
LOC102724809	0	0	0	0	0	0
LOC100505784	0	0	0	0	0	0
PDGFC	650	561	656	604	564	467
GLRB	163	102	130	133	112	100
GRIA2	4	2	0	4	2	0
RP11-364P22.1	2	2	0	0	1	0
FAM198B	462	406	452	318	297	209
LOC101928007	0	0	0	0	0	0
LOC102724842	0	0	0	0	0	0
TMEM144	361	302	458	344	328	275
RXFP1	1	0	0	0	0	0
C4orf46	705	659	753	758	728	507
ETFDH	495	361	476	340	348	271
PPID	1782	1429	1865	1766	1444	1244
FNIP2	208	186	250	257	207	191
LOC101928028	0	0	0	0	1	0
C4orf45	0	0	0	0	0	0
RAPGEF2	603	454	569	574	539	478
MIR3688-1	0	0	0	0	0	0
MIR3688-2	0	0	0	0	0	0
FSTL5	1	0	0	3	3	0
RP11-497K21.1	0	0	0	0	0	0
LOC102724899	0	0	0	0	0	0
NAF1	762	672	822	676	639	502
MIR4454	0	0	0	0	0	0
LOC101928081	7	7	11	14	8	16
NPY1R	39	32	39	62	66	59
NPY5R	0	0	0	0	1	1
TKTL2	0	0	2	0	0	0
TMA16	1292	1207	1410	1280	1138	954
MARCH1	180	136	173	153	138	113
ANP32C	35	48	44	46	30	58
RP11-294O2.2	0	1	0	0	0	0
APELA	0	0	0	0	0	0
LOC101059914	0	0	0	0	0	0
TRIM61	1	0	3	0	2	1
FAM218A	27	12	19	17	12	13
TRIM60	0	0	0	0	0	0
TMEM192	768	649	818	748	682	607
KLHL2	745	671	797	788	704	536
GK3P	4	0	2	2	0	0
MSMO1	3047	2628	3139	3289	2726	2385
CPE	120	95	102	143	150	107
MIR578	0	0	0	0	0	0
LINC01179	0	1	0	1	0	0
LOC101928131	0	0	0	0	0	0
TLL1	20	10	13	12	18	16
SPOCK3	27	23	37	26	24	27
ANXA10	9	12	13	17	15	6
DDX60	6202	5595	5253	247	257	189
DDX60L	1554	1486	1628	787	668	619
PALLD	5410	4672	5946	4913	4320	3591
LOC101928172	11	12	7	25	21	14
LOC102723331	1	0	1	4	3	2
CBR4	731	626	708	754	671	595
LOC102723317	12	0	1	4	10	3
LOC102724976	2	3	3	2	0	0
SH3RF1	695	575	665	697	643	549
NEK1	903	666	968	792	764	695
CLCN3	3266	2667	3369	3190	2815	2371
C4orf27	651	540	703	687	582	510
RP11-205M3.3	1	1	1	0	0	2
MFAP3L	218	171	260	231	206	180
AADAT	180	137	191	204	208	151
LOC102723359	0	2	7	2	2	4
RP11-789C1.1	0	3	2	2	1	2
LOC100506107	0	0	0	0	0	0
RP11-344G13.1	0	0	0	0	0	0
MIR6082	0	0	0	0	0	0
LOC101928288	0	0	0	0	0	0
LOC441052	0	0	0	0	0	0
GALNTL6	0	0	0	2	0	0
LOC101928314	0	0	0	0	0	0
LOC102723440	0	0	1	0	1	0
LOC101930370	18	14	13	32	21	9
GALNT7	3128	2733	3252	2306	2026	1619
MIR548T	0	0	0	0	0	0
HMGB2	9144	8079	9999	7508	6859	6049
SAP30	302	236	294	251	243	191
LOC101928383	1	0	0	0	0	1
SCRG1	0	0	0	0	1	0
LOC101928409	0	0	0	0	0	0
LOC101928439	0	0	0	0	0	0
HAND2	0	0	0	0	0	0
HAND2-AS1	0	0	0	0	0	0
LOC101928478	10	8	9	10	5	5
LOC102723577	1	0	5	0	4	3
RP11-148L24.1	6	5	5	2	1	10
FBXO8	424	391	461	417	381	290
CEP44	767	713	709	623	660	485
MIR4276	0	0	0	0	0	0
HPGD	19	28	26	29	29	30
LOC102723627	0	0	0	0	0	0
GLRA3	3	1	3	2	5	2
LOC101928551	0	0	0	0	0	0
ADAM29	0	0	0	0	0	0
GPM6A	93	86	97	49	43	41
RP11-806K15.1	0	0	0	0	0	0
WDR17	414	419	451	311	282	265
SPATA4	3	0	3	2	3	3
ASB5	0	0	0	0	0	1
SPCS3	3467	3091	3944	3615	3235	2654
VEGFC	187	177	224	86	57	46
NEIL3	669	607	736	687	609	468
AGA	247	219	273	215	171	189
LINC01098	0	1	0	0	0	0
LINC01099	0	0	0	0	0	0
LINC00290	0	0	0	0	0	0
RP11-665C14.2	0	0	0	0	0	0
LOC102723705	0	0	0	0	0	0
AC108142.1	0	2	2	2	2	0
MGC45800	98	89	136	135	103	94
TENM3	355	345	337	395	326	274
MIR1305	5	0	0	0	0	0
DCTD	2666	2355	3137	2901	2513	2097
FAM92A1P2	0	0	0	0	0	0
WWC2-AS2	19	13	19	13	18	12
WWC2	1399	1264	1575	1536	1445	1164
LOC101928734	0	0	0	0	2	0
CLDN22	0	0	0	0	0	0
CLDN24	9	6	8	4	6	8
CDKN2AIP	613	514	609	654	610	491
RP11-367N14.2	4	2	18	15	17	6
ING2	369	308	369	364	329	320
RWDD4	772	611	862	846	747	595
TRAPPC11	1618	1439	1686	1496	1421	1174
LOC101928783	5	0	0	13	12	6
STOX2	731	675	806	742	693	542
ENPP6	0	3	0	4	3	1
LOC391722	0	11	8	7	9	8
RP11-290F5.2	3	0	0	4	3	0
LOC102723766	0	0	0	1	1	3
IRF2	631	520	541	430	437	381
LOC102723779	24	12	21	22	19	10
CASP3	1527	1260	1706	1737	1586	1277
PRIMPOL	335	262	341	372	280	271
CENPU	1358	1246	1541	1522	1325	1152
ACSL1	1543	1171	1550	1449	1369	1109
SLED1	0	0	0	1	1	1
RP11-701P16.5	0	0	0	0	1	0
MIR3945	0	0	0	0	0	0
LINC01093	0	0	0	0	0	0
MIR4455	0	0	0	0	0	0
LOC101928810	0	0	0	1	0	0
HELT	0	0	1	2	0	0
RP11-386B13.3	0	0	0	0	0	0
LOC101928905	0	0	0	0	0	0
SLC25A4	1039	860	1195	1308	1122	920
KIAA1430	3626	3195	4022	3571	3308	2544
SNX25	408	364	461	413	368	293
LRP2BP	37	35	40	28	38	27
ANKRD37	3	3	7	7	3	3
UFSP2	384	325	418	408	353	314
C4orf47	5	2	0	5	1	3
CCDC110	8	7	10	9	8	9
PDLIM3	30	32	42	34	28	15
SORBS2	2	0	2	3	3	2
LOC101928929	0	0	0	0	0	0
TLR3	378	260	352	264	193	164
FAM149A	27	31	23	29	30	23
FLJ38576	7	0	3	6	0	1
CYP4V2	476	383	492	450	399	349
KLKB1	0	0	1	6	5	3
F11	0	0	0	1	0	1
F11-AS1	0	0	0	0	0	0
LOC102723888	0	1	0	0	0	0
MTNR1A	1	7	2	0	4	1
FAT1	2562	2207	2561	2641	2467	1906
LOC102723906	0	0	0	1	0	0
RP11-138B4.1	0	0	0	0	0	0
LOC102723920	0	0	0	0	0	0
RP11-565A3.2	0	0	0	0	0	1
ZFP42	0	4	0	0	2	2
TRIML2	11	14	22	27	25	19
TRIML1	1	0	0	0	1	0
LOC102723950	0	0	0	0	0	0
LINC01060	0	0	0	0	0	0
RP11-462G22.1	0	0	0	0	0	0
LOC102723973	0	0	0	0	0	0
FRG1	2	0	0	0	1	0
FRG2	0	0	0	0	0	0
DUX2	0	0	0	0	0	0
DUX4L7	0	0	0	0	0	0
DUX4L6	0	0	0	0	0	0
DUX4L5	0	0	0	0	0	0
DUX4L4	0	0	0	0	0	0
DUX4	0	0	0	0	0	0
DUX4L3	0	0	0	0	0	0
DUX4L2	0	0	0	0	0	0
DUX4L	0	0	0	0	0	0
LOC102723981	1	1	1	0	2	0
LOC102724703	1	0	1	0	0	1
MIR3118-1	0	0	0	0	0	0
ANKRD20A12P	0	0	0	0	0	0
PLEKHG4B	82	75	90	138	129	82
LRRC14B	0	0	0	0	1	0
CCDC127	958	813	985	949	839	644
SDHA	6263	5340	6866	6273	5597	4870
LOC102467073	7	5	5	6	3	5
PDCD6	2967	2521	3165	3155	2903	2310
AHRR	339	228	308	378	380	237
C5orf55	84	83	86	79	62	45
EXOC3	2679	2167	2946	2884	2527	2107
PP7080	922	843	1048	854	732	541
SLC9A3	44	30	22	51	31	23
LOC100288152	54	41	30	71	60	57
MIR4456	0	0	0	0	0	0
RP11-310P5.1	0	0	0	0	0	0
CEP72	708	564	758	672	601	522
TPPP	74	73	112	130	91	78
ZDHHC11B	11	10	17	26	21	22
LOC101928768	15	12	35	14	15	8
ZDHHC11	288	240	327	311	268	261
BRD9	1688	1496	1987	1934	1670	1309
TRIP13	3421	2998	3981	3643	3294	2598
LOC100506688	0	0	0	0	0	0
NKD2	0	0	0	0	0	0
SLC12A7	91	50	89	201	142	115
MIR4635	0	0	0	0	0	0
LOC101928793	43	39	29	75	55	51
CTD-3080P12.3	0	0	0	2	1	1
SLC6A19	2	0	0	3	1	0
SLC6A18	0	0	0	5	1	2
TERT	6	12	12	14	7	17
MIR4457	0	0	0	0	0	0
CLPTM1L	1705	1395	1725	1898	1687	1290
LOC101928884	4	1	2	2	3	7
LOC100506791	0	0	0	1	0	0
SLC6A3	0	0	0	0	0	0
LPCAT1	75	89	83	60	44	61
MIR6075	0	0	0	0	0	0
SDHAP3	202	154	195	236	204	178
LOC728613	238	245	283	300	309	229
LOC102724884	420	376	471	513	493	356
MIR4277	0	0	0	1	0	0
LOC101929003	9	6	9	6	11	7
MRPL36	970	885	1153	1053	823	751
NDUFS6	2868	2473	3260	2982	2567	2235
LOC101929034	1	1	0	2	2	0
IRX4	1440	1138	1690	1604	1399	1076
LOC101929056	56	54	70	94	63	66
CTD-2194D22.4	3	3	13	7	5	10
LOC101929108	1	0	0	1	1	1
LOC100506858	0	0	0	0	0	0
IRX2	3034	2588	3277	2899	2618	2114
C5orf38	521	443	423	409	369	292
LOC102467074	0	0	0	0	0	0
LINC01019	0	0	0	0	0	0
LOC102467075	0	0	0	0	0	0
IRX1	0	1	0	0	2	0
LOC101929153	0	0	0	0	0	0
LINC01020	0	0	0	0	0	0
CTD-2297D10.2	0	0	0	0	0	0
ADAMTS16	41	29	44	46	26	35
LOC101929200	14	21	20	14	11	20
KIAA0947	3084	2706	3320	3009	2666	2323
LOC101929214	0	0	0	0	0	0
FLJ33360	0	0	0	0	0	0
MED10	1122	1014	1318	1273	1137	948
UBE2QL1	0	0	0	0	0	0
LINC01018	0	0	0	3	0	0
NSUN2	9677	8344	10932	10683	9718	8259
SRD5A1	1882	1618	1967	1798	1590	1367
LOC100505625	4	6	2	5	8	11
PAPD7	3781	3195	4193	3592	3451	2884
LOC102724943	40	35	46	23	32	19
MIR4278	1	3	2	4	4	1
LOC102724959	0	0	0	0	1	2
LOC101929232	0	0	0	0	0	0
LOC442132	0	0	0	0	0	0
LOC101929261	0	0	0	0	0	0
ADCY2	0	0	0	0	0	0
C5orf49	0	0	1	0	0	2
FASTKD3	996	852	1069	1038	1016	775
MTRR	2814	2311	2861	2861	2532	2142
LOC102723339	0	0	0	0	0	0
LOC729506	0	1	0	0	0	1
MIR4458HG	82	86	91	88	74	62
MIR4458	0	0	0	0	0	0
LOC101929307	0	0	0	0	0	0
RP11-143A12.3	0	0	0	0	0	0
SEMA5A	0	0	2	0	0	1
MIR4636	0	0	0	0	0	0
CTD-2201E9.1	0	0	0	0	0	0
SNHG18	0	0	0	0	0	0
SNORD123	0	0	0	0	0	0
LOC101929359	0	0	0	0	0	0
TAS2R1	0	0	3	0	0	0
LOC285692	0	0	0	0	1	0
FAM173B	607	404	545	645	603	505
CCT5	32096	27786	36484	32356	29219	24178
CMBL	2111	1758	2362	2228	1831	1680
LOC101929977	15	11	10	27	7	15
MARCH6	11773	10255	12467	12099	10845	9118
ROPN1L-AS1	2	1	1	2	1	0
ROPN1L	4	11	8	5	9	11
LOC101929379	0	0	0	1	0	0
MIR6131	0	0	0	0	0	0
RP11-1C1.4	0	0	0	1	0	0
LOC389273	0	0	0	0	0	2
ANKRD33B	725	717	913	918	791	646
DAP	3338	2824	3743	3517	2997	2431
LOC102723441	0	0	0	0	0	0
CTNND2	10	5	6	5	3	2
LOC102723459	0	0	0	0	0	0
LINC01194	0	0	0	0	0	0
DNAH5	151	163	208	212	183	178
TRIO	12605	12581	15749	14527	12810	10350
LOC102723482	0	1	2	0	0	0
FAM105A	283	265	359	339	270	275
FAM105B	2926	2459	3092	2979	2603	2078
ANKH	1581	1380	1729	1590	1512	1183
LOC100130744	180	160	182	183	172	149
MIR4637	0	0	0	0	0	0
LOC102723499	0	0	0	0	0	0
RP1-137K24.1	0	0	0	0	0	0
FBXL7	0	0	0	0	0	0
CTD-2350J17.1	0	0	0	0	0	0
LOC102723514	0	0	0	0	0	0
MIR887	0	0	0	0	0	0
MARCH11	0	0	0	0	0	0
RP1-167G20.1	1	0	0	3	0	1
ZNF622	1276	1184	1406	1333	1174	941
FAM134B	111	106	129	113	101	102
RP11-260E18.1	12	11	13	9	10	16
MYO10	9180	8344	10667	9819	8769	7125
AC091878.1	10	9	13	3	8	9
BASP1	9752	7974	10534	10110	8639	7712
LOC401177	1	0	1	0	2	0
LOC101929544	0	0	0	0	0	1
LOC102723526	0	0	0	0	0	0
RP11-454P21.1	0	0	0	0	0	0
CDH18	2	0	0	3	0	1
LOC102723561	0	0	0	0	0	0
GUSBP1	245	195	262	232	223	181
CDH12	1	0	0	1	1	0
PMCHL1	7	1	1	0	0	0
LOC101929617	0	0	0	0	0	0
PRDM9	0	0	0	1	0	0
CDH10	8	6	14	18	17	24
RP11-730N24.1	0	0	0	0	0	0
CDH9	0	0	0	0	1	0
LINC01021	0	0	0	0	2	1
LSP1P3	1	3	0	3	2	5
LOC101929645	0	0	0	0	0	0
CTD-2118P12.1	0	0	0	0	0	0
LOC101929681	0	0	0	0	0	0
LOC102723637	0	0	0	0	0	0
CDH6	0	0	3	0	0	0
DROSHA	6443	5514	6793	6635	6086	5175
C5orf22	1444	1241	1582	1391	1227	919
LOC102723865	0	0	0	0	0	0
PDZD2	187	150	144	126	91	94
LOC102723653	0	0	0	0	0	0
MIR4279	0	0	0	0	0	0
GOLPH3	5896	5115	6392	5954	5344	4273
MTMR12	2837	2394	3244	2916	2662	2152
ZFR	9604	7944	10241	9819	9215	7913
MIR579	5	3	7	5	1	3
SUB1	10543	8934	10734	10364	9612	8265
NPR3	96	118	146	73	58	60
LOC340113	0	0	0	0	0	0
TARS	17920	15057	19927	17835	15782	13615
ADAMTS12	0	0	0	0	0	1
RXFP3	0	0	0	0	0	0
SLC45A2	0	0	0	0	0	1
C1QTNF3-AMACR	6	0	3	0	3	0
AMACR	21	7	22	14	7	10
C1QTNF3	11	10	9	5	10	9
LOC646652	14	21	11	9	18	5
RAI14	1885	1688	2209	1700	1467	1230
LOC101929704	38	25	36	22	21	21
TTC23L	8	4	3	5	2	6
RAD1	2665	2406	2924	2776	2569	2044
BRIX1	3380	2706	3602	3216	3000	2556
DNAJC21	4263	3464	4359	4038	3893	3152
AGXT2	0	0	0	0	0	0
PRLR	99	99	86	35	38	45
SPEF2	56	60	47	35	42	22
IL7R	1936	1825	2018	1371	1182	981
CAPSL	3	1	3	0	2	0
LOC100506406	0	0	0	0	0	0
UGT3A1	0	0	0	0	0	0
UGT3A2	9	9	14	4	1	3
LMBRD2	613	431	544	561	537	432
MIR580	4	1	0	0	0	0
SKP2	2937	2609	3251	2949	2646	2153
NADK2	1204	1099	1296	994	881	727
RANBP3L	0	1	3	2	2	1
SLC1A3	420	344	371	291	264	203
LOC646719	953	818	1001	776	736	579
NIPBL	12595	10414	13352	13058	12179	10251
C5orf42	2188	1809	2236	2304	2118	1744
NUP155	5390	4781	6318	6070	5424	4157
WDR70	1290	1067	1318	1416	1240	1034
GDNF	0	0	0	0	0	0
GDNF-AS1	0	0	0	0	0	0
LOC101929745	0	0	0	0	0	0
EGFLAM	3	1	4	6	8	6
EGFLAM-AS4	0	0	0	0	0	0
EGFLAM-AS2	0	0	0	0	0	0
LIFR	2924	2507	2984	2496	2214	1880
LIFR-AS1	86	80	61	61	48	27
MIR3650	0	0	0	0	0	0
CTD-2127H9.1	13	18	18	18	9	7
LOC101926904	0	0	0	1	0	0
OSMR	5324	4505	5365	4566	4077	3216
RICTOR	4023	3711	4251	3816	3395	2838
FYB	133	93	100	103	83	85
C9	2	1	3	7	6	4
DAB2	149	154	169	203	189	142
LOC101926921	0	0	0	0	0	0
LOC101926940	0	0	0	0	0	0
LINC00603	0	0	0	0	0	0
PTGER4	107	94	104	96	99	72
TTC33	778	659	722	674	600	508
PRKAA1	5831	4996	5961	6297	6035	4878
LOC100506548	1139	987	1249	1129	1062	865
RPL37	20041	18393	22600	19482	16948	15223
SNORD72	0	1	1	2	0	0
CARD6	697	549	649	782	650	633
C7	1	2	1	1	2	0
MROH2B	0	0	0	0	0	0
C6	0	0	0	0	0	0
LOC102723740	0	0	0	0	0	0
PLCXD3	5	4	12	7	9	11
OXCT1	3882	3205	4162	3614	3204	2800
LOC102723752	0	0	2	0	0	1
OXCT1-AS1	15	11	6	6	5	4
C5orf51	2041	1759	2274	2024	1929	1475
FBXO4	609	522	686	606	543	439
LOC101926960	0	0	0	0	0	0
LOC102723768	0	0	0	0	0	0
GHR	80	72	83	63	64	65
LOC101926985	0	2	0	0	0	0
CCDC152	1	0	0	7	0	0
SEPP1	186	145	176	152	135	102
FLJ32255	57	37	37	44	44	21
LOC648987	316	217	266	312	276	190
LOC101927030	5	7	1	6	9	3
ANXA2R	13	8	13	19	17	6
LOC153684	90	73	101	83	69	67
LOC100132356	69	43	65	71	74	65
LOC100506639	92	93	97	86	87	74
ZNF131	3177	2626	3329	3090	2960	2448
NIM1K	19	13	11	11	13	16
HMGCS1	9858	8752	10628	10222	9258	7829
CCL28	2	14	2	7	3	6
C5orf28	871	725	820	796	788	559
C5orf34	804	736	905	825	791	615
PAIP1	5923	5029	6505	5953	5379	4304
NNT-AS1	777	677	758	700	679	484
NNT	4298	3711	4590	4173	3648	2994
FGF10	0	0	0	0	0	0
FGF10-AS1	0	0	0	0	0	0
LOC102723839	0	0	0	0	0	0
LOC102723821	0	0	0	0	0	0
RP11-53O19.1	70	53	54	42	34	23
MRPS30	2162	1801	2282	2157	1904	1531
HCN1	1	0	0	0	0	0
EMB	2101	1874	2326	2233	2016	1745
PARP8	696	610	731	738	670	531
LOC100287592	0	1	1	0	0	0
LOC642366	14	18	26	18	11	8
ISL1	120	82	101	96	63	62
PELO	243	259	321	325	263	200
ITGA1	71	62	80	90	67	50
ITGA2	716	774	939	1126	1036	847
MOCS2	297	243	282	362	349	316
LOC257396	47	47	27	37	40	28
FST	348	363	465	827	718	570
NDUFS4	365	298	385	363	307	270
ARL15	110	137	116	145	168	138
MIR581	0	0	0	0	0	0
MIR4459	0	0	0	0	0	0
HSPB3	0	0	0	1	0	0
SNX18	477	382	527	508	479	378
LOC102467080	0	0	1	0	0	0
ESM1	0	0	0	4	2	2
LOC102467081	0	0	0	0	0	0
GZMK	0	0	0	0	0	0
GZMA	0	0	0	0	0	0
CDC20B	0	0	2	0	0	0
GPX8	713	608	762	777	674	567
MIR449A	0	0	0	0	0	0
MIR449B	0	0	0	0	0	0
MIR449C	0	0	0	0	0	0
MCIDAS	21	32	22	30	34	31
CCNO	20	23	28	38	36	21
DHX29	802	675	874	1009	893	717
SKIV2L2	1650	1432	1789	1941	1761	1450
PPAP2A	76	82	87	85	78	67
MIR5687	0	0	0	0	0	0
RNF138P1	7	7	9	3	4	9
SLC38A9	101	119	149	133	128	117
DDX4	0	0	0	0	0	0
LOC101928393	0	0	0	0	0	0
IL31RA	1	1	3	6	0	4
IL6ST	2224	1739	2134	2634	2429	1932
FLJ31104	0	3	1	0	4	3
ANKRD55	0	0	0	0	0	0
LOC101928419	0	0	0	0	0	0
LOC102467147	0	1	0	0	0	1
LOC101928448	0	0	0	0	0	0
MAP3K1	305	304	282	334	344	270
SETD9	41	46	72	55	52	38
MIER3	741	615	762	842	689	617
GPBP1	1547	1148	1415	1537	1352	1124
ACTBL2	9	1	2	7	10	6
LOC102724122	0	0	0	0	0	0
LOC100996645	0	0	0	0	0	0
LOC101928505	0	0	0	0	1	0
RP11-478P10.1	1	1	0	1	2	2
LOC101928569	0	0	0	1	0	0
PLK2	1184	956	1354	1353	1189	897
GAPT	0	0	0	0	0	0
MIR548AE2	0	0	0	0	0	0
LOC101928600	0	1	0	1	0	0
RAB3C	1	0	0	0	0	0
PDE4D	51	38	70	61	62	42
MIR582	0	0	0	0	0	0
PART1	30	20	35	20	16	19
DEPDC1B	1829	1577	1973	1535	1508	1104
ELOVL7	1083	997	1200	1314	1192	971
ERCC8	662	511	659	607	568	410
NDUFAF2	542	459	609	549	499	427
SMIM15	3103	2622	3244	3172	2997	2406
CTC-436P18.1	6	3	2	2	5	6
ZSWIM6	756	587	744	885	725	596
C5orf64	43	29	35	41	53	35
RP11-2O17.2	7	3	5	14	6	3
LOC100506526	0	0	0	0	0	0
KIF2A	4072	3568	4433	4272	3863	3313
DIMT1	1560	1381	1757	1676	1451	1277
IPO11	1425	1306	1572	1556	1410	1064
IPO11-LRRC70	0	0	0	0	0	0
LRRC70	9	8	6	6	1	11
HTR1A	0	0	0	0	0	0
RNF180	140	96	129	118	133	116
RGS7BP	0	0	0	0	0	0
FAM159B	7	11	4	8	9	29
SREK1IP1	1595	1386	1683	1699	1712	1345
CWC27	1865	1517	1844	1797	1648	1496
LOC101928713	6	2	8	6	3	3
ADAMTS6	94	91	100	163	109	81
CENPK	1584	1328	1589	1553	1458	1170
PPWD1	1434	1200	1575	1477	1418	1179
TRIM23	765	706	810	936	858	711
TRAPPC13	917	863	1049	1117	888	801
SGTB	590	609	776	706	661	541
NLN	1904	1711	2178	1911	1709	1394
ERBB2IP	6022	5280	6639	6553	6035	5009
LOC100303749	0	0	0	1	0	0
SREK1	5105	4332	5117	5163	4547	4051
LOC101928741	1	5	4	4	4	4
RP11-5P22.3	0	0	0	0	0	0
MAST4	748	622	668	748	667	583
LOC102724189	0	0	0	0	0	0
LOC101928794	18	14	13	9	13	8
CD180	0	0	0	0	0	0
LOC101928819	0	0	0	0	0	0
RP11-434D9.1	0	1	2	4	3	2
LOC102467655	0	0	0	0	0	0
PIK3R1	772	669	819	885	825	763
RP11-141O11.2	30	14	17	19	14	10
SLC30A5	2685	2253	2829	2978	2677	2171
CCNB1	9383	7943	10564	8904	8098	6590
CENPH	1247	1261	1502	1369	1340	1072
MRPS36	226	197	260	271	275	186
CDK7	1	5	7	7	6	6
CCDC125	7	4	3	3	2	4
AK6	0	0	0	0	0	0
TAF9	0	0	0	0	1	0
RAD17	1	0	1	0	0	0
MARVELD2	0	0	0	7	4	0
LOC101928924	0	0	0	0	0	0
OCLN	35	28	37	43	38	26
GTF2H2C	10	13	15	6	11	18
LOC101929545	0	0	0	0	0	0
LOC100272216	0	0	0	0	0	0
GUSBP3	2	0	0	1	0	0
LOC101928993	0	0	0	0	0	0
LOC101929573	0	0	1	0	0	0
LOC102724356	2	1	3	4	6	6
SERF1B	0	0	0	0	1	0
SMN2	4	1	2	2	1	3
SMA4	3	1	6	0	1	1
LOC102724335	0	0	0	0	0	0
GTF2H2B	146	135	147	112	132	98
SMA5	35	42	43	43	29	25
LOC441081	0	0	0	2	0	3
LOC101928967	1	1	2	2	2	0
LOC102724292	0	0	0	0	0	0
LOC101929599	0	0	0	0	0	0
LOC102724275	0	1	0	1	3	1
SERF1A	38	34	24	22	16	12
SMN1	9	9	6	4	6	5
NAIP	1	0	0	0	0	1
GTF2H2	0	1	1	0	3	1
LOC647859	5	1	5	2	6	4
GUSBP9	1	3	4	7	2	3
LOC102724392	0	0	0	0	0	0
PMCHL2	0	0	0	0	0	0
BDP1	0	0	0	0	3	0
LOC101929035	0	0	0	0	0	0
MCCC2	4977	4096	5457	5591	5133	4099
CARTPT	0	0	0	0	0	0
MAP1B	326	274	420	756	634	512
MIR4803	0	0	0	0	0	0
MRPS27	3645	3155	4087	3908	3456	2843
PTCD2	545	438	612	545	435	377
ZNF366	0	0	0	0	0	0
LOC102503427	0	0	0	0	0	0
LOC102477328	0	0	1	0	0	0
TNPO1	11194	9659	11871	12011	10977	9003
MIR4804	0	0	0	0	0	0
FCHO2	940	844	1083	930	882	730
TMEM171	15	15	16	22	17	16
TMEM174	0	0	0	0	0	0
LOC340090	4	1	0	5	1	1
FOXD1	148	165	163	194	171	152
BTF3	14503	12705	15711	14551	12990	11682
ANKRA2	271	220	288	324	235	240
UTP15	1117	964	1181	1176	1046	830
ARHGEF28	572	543	600	801	745	547
LOC102503429	0	0	0	0	0	0
LOC101929082	0	0	0	0	0	0
ENC1	489	378	425	714	623	411
HEXB	2500	2302	2848	2589	2309	2011
GFM2	1671	1564	1887	1928	1710	1486
NSA2	2865	2287	3100	2849	2582	2299
FAM169A	1914	1668	2063	1846	1778	1405
GCNT4	11	12	13	16	18	14
ANKRD31	19	17	19	23	26	19
HMGCR	6344	5733	6788	6817	6456	5340
COL4A3BP	1744	1467	1666	1717	1499	1324
POLK	1340	1172	1424	1335	1229	1007
ANKDD1B	3	8	2	7	10	7
POC5	578	544	622	584	561	459
SV2C	4	1	4	6	4	2
IQGAP2	29	30	19	66	57	66
LOC101929109	0	0	0	0	0	0
F2RL2	3	3	5	13	13	9
NCRUPAR	0	0	0	0	0	0
F2R	747	624	765	1001	822	650
F2RL1	2098	1677	2236	2793	2511	1952
S100Z	1	2	0	0	0	0
CRHBP	0	0	0	0	0	0
AGGF1	2019	1735	2260	2165	2054	1690
ZBED3	161	140	156	183	176	107
SNORA47	8	1	2	1	1	2
ZBED3-AS1	40	35	36	45	30	31
LOC102724480	1	0	0	1	0	1
PDE8B	60	55	64	60	56	34
WDR41	2105	1896	2408	1991	1711	1396
OTP	0	1	1	3	6	0
TBCA	2283	1849	2300	2186	1928	1742
LOC101929131	0	0	0	0	0	0
LOC101929154	0	0	0	0	0	0
AP3B1	4650	4041	5315	5103	4713	3769
LOC728769	147	135	186	153	145	117
SCAMP1	2900	2400	2866	2543	2237	1912
LHFPL2	502	482	600	545	437	335
ARSB	550	416	648	551	529	404
DMGDH	6	5	11	3	6	11
BHMT2	0	1	0	1	2	0
BHMT	8	7	9	10	16	13
JMY	1190	1018	1202	1260	1129	941
LOC102724530	0	2	3	4	3	5
LOC101929201	2	0	2	3	1	1
HOMER1	1624	1467	1783	1601	1430	1267
PAPD4	2265	1786	2312	1979	1866	1529
CMYA5	126	92	128	165	162	128
LOC102724557	0	0	0	0	0	0
MTX3	2270	1805	2457	2574	2360	1831
THBS4	62	36	71	81	64	45
CTD-2201I18.1	0	6	4	2	3	1
SERINC5	1748	1617	2027	1910	1745	1301
LOC644936	22	23	19	20	14	22
SPZ1	0	0	0	0	0	0
CRSP8P	20	24	17	25	23	23
ZFYVE16	4442	3614	4415	4463	4122	3498
FAM151B	35	25	44	21	23	38
ANKRD34B	13	13	13	11	21	11
DHFR	5816	4713	6405	5788	5124	4396
MTRNR2L2	211	210	203	237	224	283
MSH3	1311	1071	1315	1364	1162	1021
LOC102524628	0	0	0	0	0	0
RASGRF2	35	30	27	37	27	27
CKMT2	13	18	38	22	39	17
CKMT2-AS1	206	202	286	266	232	212
ZCCHC9	848	721	861	927	819	675
ACOT12	1	0	2	0	0	1
SSBP2	422	329	437	337	338	292
ATG10	414	382	439	429	390	315
RPS23	22273	19753	24249	22507	19579	16559
ATP6AP1L	48	37	46	59	53	27
FLJ41309	5	7	4	4	10	3
MIR3977	0	0	0	0	0	0
LOC102546175	1	0	3	2	0	3
TMEM167A	3118	2704	3199	3701	3259	2777
SCARNA18	2	1	0	0	1	0
XRCC4	615	490	600	525	495	361
VCAN	105	112	97	114	125	83
HAPLN1	0	0	0	0	0	0
EDIL3	713	567	696	478	433	361
LOC101929321	0	0	0	0	0	0
NBPF22P	0	1	0	0	0	0
COX7C	5265	4686	5777	6004	5276	4298
MIR3607	2	2	0	4	1	3
LOC100505878	0	0	0	0	0	0
MIR4280	0	0	0	0	0	0
RP11-72L22.1	0	0	0	0	0	0
RASA1	2462	2141	2663	2446	2363	1901
CCNH	1054	981	1225	1185	1077	913
TMEM161B	786	659	859	796	729	608
TMEM161B-AS1	76	79	65	71	57	49
LOC102546226	2	1	0	0	1	1
LINC00461	1	0	1	0	1	0
MIR9-2	0	0	0	0	0	0
MEF2C	63	42	50	75	50	60
MEF2C-AS1	0	0	3	0	0	0
LOC102724637	0	0	0	0	0	0
MIR3660	1	0	0	0	0	0
LOC101929495	0	0	0	0	0	0
CETN3	937	789	946	963	723	701
LOC731157	5	2	6	2	5	8
MBLAC2	494	420	513	415	470	369
POLR3G	1303	1189	1446	1285	1134	916
LYSMD3	1664	1424	1654	1788	1621	1384
GPR98	276	277	326	273	273	203
LOC102724662	3	2	0	0	4	0
LOC729040	4	1	2	0	5	0
LUCAT1	4	1	3	3	1	1
ARRDC3	303	234	288	278	270	236
ARRDC3-AS1	24	24	41	37	18	23
NR2F1-AS1	25	22	22	21	16	20
NR2F1	26	23	21	27	18	22
FAM172A	741	546	747	777	732	603
MIR2277	0	0	0	0	0	0
POU5F2	0	0	0	0	1	0
KIAA0825	49	32	44	31	41	25
ANKRD32	998	816	1097	1069	980	804
LOC101929687	8	9	12	13	5	9
MCTP1	388	370	466	533	444	405
FAM81B	2	1	1	1	1	0
TTC37	5179	4247	5367	5216	4523	3983
ARSK	178	185	184	230	191	159
GPR150	0	0	0	1	0	0
RFESD	24	20	22	22	25	12
SPATA9	1	3	1	0	1	2
RHOBTB3	299	224	292	286	262	219
GLRX	47	54	69	63	61	54
LOC102724720	0	0	0	0	0	0
C5orf27	1	0	4	0	0	0
ELL2	1485	1268	1539	1799	1603	1374
CTD-2337A12.1	1	2	0	0	0	0
MIR583	0	0	0	0	0	0
PCSK1	36	22	31	30	17	23
CAST	7368	6423	7790	7678	6910	6083
ERAP1	2259	1989	2233	1618	1437	1190
LOC102724748	24	15	20	16	18	15
ERAP2	5637	4838	5759	4261	3804	3277
LOC101929747	10	11	17	13	22	19
LNPEP	1264	1158	1291	1330	1117	959
LIX1	0	0	0	2	0	0
LOC101926893	1	0	0	1	0	1
RIOK2	982	862	1067	1093	1012	851
LOC101926909	0	1	1	0	0	0
LOC102546227	1	2	1	0	1	0
RGMB	625	549	724	689	592	472
RGMB-AS1	0	0	2	6	0	0
CHD1	4010	3435	4391	4213	3810	3276
LOC100289230	36	33	22	32	32	26
LOC102724810	0	0	0	6	0	1
LOC102724855	0	0	0	0	0	0
LOC102724870	28	36	21	30	27	38
LOC100133050	0	2	1	2	2	0
LOC102724885	4	4	4	6	5	4
FAM174A	372	295	387	402	367	251
ST8SIA4	37	33	40	22	20	11
MIR548P	0	0	0	0	0	0
SLCO4C1	88	98	120	105	87	70
SLCO6A1	7	10	8	13	7	12
LINC00492	1	0	2	2	5	0
LINC00491	147	125	165	150	143	128
PAM	1829	1610	1923	1503	1360	1125
GIN1	243	236	370	257	216	190
PPIP5K2	1266	1043	1208	1233	1058	881
C5orf30	496	418	505	436	413	294
LOC102467212	2	0	0	1	0	0
NUDT12	552	434	461	557	494	431
LOC101930276	0	0	0	0	0	0
RAB9BP1	0	0	0	0	0	1
LOC102467213	0	0	0	0	1	0
LOC102724932	0	0	0	0	0	0
EFNA5	229	255	272	298	248	189
FBXL17	1080	893	1138	1047	934	717
LINC01023	18	27	27	11	21	18
FER	612	484	618	557	577	459
LOC285638	4	10	5	5	5	1
PJA2	5483	4669	5481	5150	4706	3864
MAN2A1	4546	3851	4774	4122	3735	3218
LOC100289673	0	0	0	1	0	0
TMEM232	21	4	12	14	9	15
MIR548F3	0	0	0	0	0	0
SLC25A46	2489	2090	2683	2748	2520	2100
TSLP	90	63	94	60	65	59
WDR36	4101	3604	4488	3868	3551	2880
CAMK4	40	33	41	43	41	40
STARD4	2365	1923	2299	2263	2000	1673
STARD4-AS1	15	15	19	25	13	19
NREP	96	66	111	86	77	70
NREP-AS1	0	0	0	0	0	0
EPB41L4A	223	193	214	231	222	191
EPB41L4A-AS1	165	190	187	192	168	122
SNORA13	2	4	0	6	0	2
LOC101927023	0	0	0	0	0	0
EPB41L4A-AS2	2	2	2	0	3	0
LOC102467214	0	0	0	0	0	0
LOC102467216	0	0	0	0	0	0
APC	3230	2691	3399	3671	3496	2844
SRP19	922	883	1032	1125	967	824
REEP5	5544	4798	6098	5966	5374	4322
DCP2	3676	3193	4002	3735	3303	2587
MCC	2136	1766	2226	1990	1731	1418
TSSK1B	2	2	7	2	1	2
YTHDC2	2274	1985	2419	2229	2018	1614
RP11-371M22.1	0	0	0	0	0	0
KCNN2	21	27	26	27	20	13
RP11-492A10.1	0	0	0	0	0	0
LOC101927059	0	0	0	0	0	0
TRIM36	61	62	79	92	115	58
LOC102723365	3	3	4	4	9	6
PGGT1B	631	537	714	697	681	538
CCDC112	297	283	352	300	303	276
FEM1C	863	750	894	869	724	636
TMED7-TICAM2	0	0	0	0	0	0
TICAM2	0	0	0	0	0	0
AC010226.4	19	14	20	15	9	15
TMED7	5134	4383	5385	5334	5073	3979
LOC102467217	0	0	0	0	0	0
CDO1	0	0	0	1	1	1
ATG12	1589	1372	1702	1700	1523	1320
AP3S1	2646	2264	2943	2676	2364	1881
LOC102723391	0	0	0	1	0	0
AQPEP	13	8	19	12	21	7
ARL14EPL	10	5	16	10	16	8
COMMD10	1346	1168	1375	1512	1337	1052
LOC102723405	63	78	66	66	76	47
LOC101927190	1	0	0	1	1	0
LOC101927212	0	1	0	0	1	0
SEMA6A	28	24	27	47	31	29
CTB-118N6.3	3	1	1	4	0	3
LOC102467223	0	0	0	0	0	0
LINC00992	7	15	8	6	10	7
LOC102467224	0	0	0	0	0	0
LOC100505811	0	0	0	0	0	0
LOC101927280	0	0	0	1	0	0
LOC101928127	0	0	0	0	0	0
LOC102467225	0	0	0	1	0	0
DTWD2	878	790	935	893	848	617
DMXL1	2162	1660	2110	2098	1892	1648
MIR5706	0	0	0	0	0	0
TNFAIP8	697	638	718	634	582	470
LOC102723444	4	2	4	2	1	0
HSD17B4	3241	2787	3287	3221	2683	2275
FAM170A	0	0	0	0	2	3
PRR16	11	13	16	8	7	11
LOC102467226	0	0	0	0	0	0
FTMT	0	0	0	0	0	0
SRFBP1	730	581	825	795	720	597
LOX	218	197	225	347	360	251
ZNF474	8	4	5	10	13	6
LOC100505841	2	0	1	5	0	0
LOC102723470	0	0	0	0	0	0
SNCAIP	119	104	114	94	92	69
LOC102723500	0	0	0	0	0	0
LOC101927328	0	0	0	0	0	0
MGC32805	4	2	0	3	1	0
LOC101927357	0	0	0	1	0	0
RP11-166A12.1	0	0	0	0	0	2
SNX2	2042	1632	2141	2015	1812	1582
SNX24	252	273	291	297	239	186
PPIC	530	525	582	586	498	436
PRDM6	6	5	5	6	5	12
CEP120	977	817	1013	966	829	674
CSNK1G3	2383	2042	2596	2357	2177	1833
LOC101927397	0	0	0	0	0	0
ZNF608	1	2	0	0	0	1
RP11-257I8.2	0	0	0	0	0	0
RP11-756H20.1	0	0	0	0	0	0
LOC102546228	0	0	0	0	0	0
LOC101927488	0	0	0	0	0	0
GRAMD3	347	261	327	389	359	242
LOC101927514	0	0	0	0	0	0
ALDH7A1	0	0	0	0	0	1
PHAX	2060	1671	1990	2353	2083	1711
C5orf48	0	0	1	4	2	0
LOC102723557	0	1	0	0	0	0
LMNB1	8127	6525	8648	7237	6640	5423
MARCH3	50	51	53	88	71	45
C5orf63	101	99	105	98	102	86
LOC102723571	13	13	7	12	9	8
MEGF10	25	13	27	26	35	22
PRRC1	3043	2644	3244	3125	2869	2348
CTXN3	0	0	0	0	0	0
LINC01183	37	36	51	50	40	39
LOC101929964	4	5	7	0	6	1
LINC01184	559	437	552	493	454	384
SLC12A2	2430	2067	2530	2759	2561	2145
FBN2	3473	3030	3924	5089	4562	3684
SLC27A6	38	23	36	42	39	27
LOC102723638	0	0	0	0	1	0
ISOC1	1399	1138	1342	1410	1253	1016
MIR4633	0	0	2	0	1	0
LOC102723654	0	0	1	1	0	0
MIR4460	0	0	0	0	0	0
ADAMTS19	4	2	9	5	5	1
KIAA1024L	0	0	0	0	0	0
CHSY3	6	7	12	20	17	17
HINT1	4555	3960	5072	4716	4138	3331
LYRM7	1321	1193	1313	1473	1272	1025
CDC42SE2	3290	2922	3559	3294	3110	2489
RAPGEF6	1839	1539	1933	1919	1762	1397
LOC101927670	1	0	0	6	0	0
FNIP1	1561	1430	1729	1514	1474	1241
LOC728637	0	0	0	0	0	0
ACSL6	1	0	4	3	5	1
LOC101927693	0	0	0	0	0	0
IL3	0	0	0	0	0	0
CSF2	1	1	0	4	1	8
P4HA2-AS1	24	27	31	30	19	21
P4HA2	662	503	693	679	604	447
MIR6830	0	0	0	0	0	0
LOC101927705	2	2	1	5	4	2
PDLIM4	0	0	0	2	0	2
SLC22A4	29	22	29	42	34	36
LOC553103	71	38	48	45	43	33
MIR3936	4	11	7	13	9	9
SLC22A5	416	367	456	463	407	300
C5orf56	41	35	33	37	41	21
LOC101927732	1	2	6	3	0	0
LOC102723741	1	3	0	0	2	1
IRF1	1728	1625	1791	1168	1056	817
IL5	0	2	2	0	1	4
RAD50	5705	4713	5958	5494	5028	4451
LOC101927761	8	2	6	0	5	3
IL13	0	1	0	3	3	6
IL4	0	0	0	5	1	2
LOC101927783	0	2	2	1	3	0
KIF3A	1534	1300	1621	1612	1552	1258
CCNI2	13	16	19	17	21	18
SEPT8	2857	2571	3096	3028	2726	2204
SOWAHA	35	33	41	30	34	29
SHROOM1	482	386	526	541	472	379
LOC101928192	92	76	99	143	116	77
GDF9	7	11	12	21	24	15
UQCRQ	1199	1180	1411	1437	1307	980
LEAP2	18	15	11	14	8	8
AFF4	8597	7341	9465	9528	8970	7067
ZCCHC10	1012	872	989	1112	997	797
HSPA4	13744	11593	15329	14885	13548	11076
FSTL4	0	2	0	9	4	4
MIR1289-2	0	0	0	0	0	0
C5orf15	3854	3067	3851	3376	3223	2463
VDAC1	11682	10229	13483	12244	11033	9037
LOC101060024	0	0	2	1	0	0
TCF7	650	686	824	690	576	473
SKP1	7052	6009	7644	7854	7292	6181
PPP2CA	8402	7109	9077	8749	8010	6663
MIR3661	0	0	0	0	0	0
CDKL3	34	47	50	55	54	46
UBE2B	1916	1595	1901	2056	1913	1606
CDKN2AIPNL	1236	1130	1380	1420	1222	996
LOC102546229	105	89	119	81	75	71
LOC101927934	49	72	80	45	45	50
JADE2	13169	11064	13825	11543	10478	8377
SAR1B	1780	1532	2064	2063	1917	1395
SEC24A	2269	1963	2350	2585	2484	1879
CAMLG	996	812	1106	1138	915	772
DDX46	7223	6000	7608	6921	6669	5885
C5orf24	2631	2242	2716	2796	2608	2127
TXNDC15	944	790	1013	992	861	690
PCBD2	412	380	422	456	414	394
MIR4461	7	8	8	7	3	3
CATSPER3	22	24	28	39	41	22
PITX1	1248	1151	1428	1077	922	687
C5orf66	81	78	83	81	90	62
LOC101927953	3	3	1	6	1	1
LOC340073	1	0	2	0	0	0
H2AFY	6982	6520	7926	7694	6940	5963
C5orf20	0	1	0	0	0	0
TIFAB	0	0	0	0	0	0
NEUROG1	3	0	0	0	0	0
CXCL14	1	3	0	5	3	2
LOC340074	0	0	0	0	0	0
MIR5692C1	0	0	0	0	0	0
LOC102723808	0	0	0	0	0	0
SLC25A48	0	3	1	1	1	0
IL9	0	0	0	0	0	0
FBXL21	0	0	0	0	0	0
LECT2	0	0	0	0	0	0
TGFBI	1373	1406	1741	1427	1216	1054
VTRNA2-1	0	0	0	0	0	0
SMAD5-AS1	3	7	3	5	14	2
SMAD5	3634	3037	3640	3629	3259	2570
LOC389332	0	0	0	4	0	1
TRPC7	1	1	1	4	2	5
SPOCK1	470	482	548	102	89	55
KLHL3	304	228	268	271	236	195
MIR874	0	0	0	0	0	0
HNRNPA0	7295	6146	8221	7720	6623	5521
NPY6R	9	8	7	10	4	9
LOC101928005	35	32	53	37	41	15
MYOT	68	51	92	83	82	52
PKD2L2	3	2	4	4	12	9
FAM13B	1114	931	1111	1313	1093	1036
WNT8A	0	0	1	0	1	0
NME5	0	0	0	0	1	1
BRD8	2416	2081	2426	2362	2106	1838
KIF20A	4321	3613	4739	3637	3137	2603
CDC23	2284	1984	2460	2377	2191	1772
GFRA3	11	9	15	12	6	17
CDC25C	605	477	623	508	451	329
LOC100128966	3	4	3	4	2	4
FAM53C	2434	2130	2719	3316	2925	2296
KDM3B	5796	4960	6106	5697	5151	4247
REEP2	77	72	91	111	123	97
EGR1	3444	2710	3051	2768	2500	1971
ETF1	10202	8712	11651	11537	10391	8712
HSPA9	17349	15121	19217	18321	16626	14123
SNORD63	9	12	9	11	8	6
CTNNA1	14381	12600	15662	14351	12919	10685
LRRTM2	10	5	11	11	13	7
SIL1	490	440	541	547	451	391
MATR3	18346	15893	19786	17913	16159	13447
SNHG4	304	267	325	250	251	190
SNORA74A	1	2	5	4	4	2
PAIP2	4155	3645	4545	3963	3528	2899
SLC23A1	8	8	9	14	9	4
MZB1	0	0	1	1	0	0
PROB1	218	181	253	184	172	136
SPATA24	162	151	200	168	159	115
DNAJC18	446	409	513	544	412	364
ECSCR	0	0	0	1	0	0
ECSCR_1	0	0	0	0	0	0
TMEM173	453	430	510	153	141	118
UBE2D2	4745	4195	5404	5105	4601	3926
CXXC5	1135	930	1070	879	746	663
LOC101929696	0	0	0	0	1	0
PSD2	3	6	10	14	11	5
NRG2	34	32	52	47	44	29
LINC01024	100	98	113	135	125	97
PURA	1502	1131	1417	1498	1367	1087
IGIP	217	207	191	222	220	166
LOC101929719	3	2	4	6	10	4
CYSTM1	833	810	1026	1005	780	681
PFDN1	1696	1498	1899	1829	1675	1430
HBEGF	214	203	209	258	278	204
SLC4A9	14	7	8	6	4	3
ANKHD1-EIF4EBP3	1	1	6	1	5	1
ANKHD1	152	178	176	193	194	130
EIF4EBP3	2	1	1	3	1	1
SRA1	746	653	876	737	751	624
APBB3	343	291	367	352	313	278
MIR6831	0	0	0	0	0	0
SLC35A4	2025	1818	2337	2181	1743	1447
LOC100505798	11	11	10	15	12	8
CD14	58	62	69	80	68	51
TMCO6	306	325	365	337	296	230
NDUFA2	1194	1071	1309	1356	1246	957
IK	4134	3452	4145	4114	3625	3317
MIR3655	0	0	0	2	0	0
WDR55	1072	915	1306	1165	1087	835
DND1	129	117	124	128	121	77
HARS	2822	2374	2932	3086	2741	2300
HARS2	1198	1051	1196	1174	1112	897
ZMAT2	3394	2958	3640	3452	3284	2963
VTRNA1-1	0	0	0	0	0	0
VTRNA1-2	0	0	1	0	1	0
VTRNA1-3	10	5	6	9	6	4
LOC101926905	0	0	0	0	1	0
LOC101926922	14	17	10	17	20	14
DIAPH1	15018	13314	16822	15696	14294	11629
LOC100505658	2	3	3	6	0	0
LOC102723915	1	2	3	0	3	1
HDAC3	1994	1813	2248	2047	1983	1550
LOC102724138	0	0	0	0	0	0
RELL2	12	10	13	16	23	13
FCHSD1	458	384	476	522	430	361
ARAP3	1521	1350	1613	1510	1162	994
PCDH1	2001	1743	2223	1736	1644	1248
LOC729080	28	49	28	49	28	46
KIAA0141	1487	1326	1617	1580	1342	1040
PCDH12	18	12	29	23	22	12
RNF14	1126	1037	1354	1372	1222	949
GNPDA1	1809	1639	2059	1884	1728	1397
NDFIP1	3858	3478	4139	4009	3760	3102
LOC102723929	7	2	4	9	11	5
SPRY4	42	25	35	119	111	73
AC005592.2	0	0	0	1	1	0
LOC101926961	0	0	0	0	1	0
FGF1	22	11	30	28	25	20
LOC101926975	0	0	0	1	0	0
ARHGAP26	351	278	350	356	320	283
ARHGAP26-AS1	0	1	0	0	0	0
ARHGAP26-IT1	0	0	0	0	0	0
NR3C1	6505	5564	6374	4853	4612	3535
LOC102723997	18	12	11	18	14	15
MIR5197	0	0	0	1	0	0
HMHB1	0	0	0	0	0	0
YIPF5	2313	1959	2342	2430	2156	1816
KCTD16	17	13	23	24	24	16
PRELID2	348	306	453	339	278	249
GRXCR2	0	1	2	0	0	2
SH3RF2	293	265	275	197	202	153
PLAC8L1	15	9	10	14	11	10
LARS	6672	6018	7569	6765	6243	5030
RBM27	5907	5098	6427	6268	5792	4711
POU4F3	1	3	2	0	1	1
TCERG1	5265	4471	5649	4661	4338	3844
GPR151	1	1	0	1	2	0
PPP2R2B	122	116	135	126	85	70
PPP2R2B-IT1	0	0	0	0	0	0
STK32A	3	4	9	10	8	6
DPYSL3	1628	1304	1783	1484	1400	1148
JAKMIP2-AS1	0	0	0	0	1	0
JAKMIP2	2	1	0	1	0	0
LOC101927012	0	0	0	0	0	0
SPINK1	0	0	0	1	0	1
SCGB3A2	0	0	0	0	1	0
C5orf46	0	0	0	0	0	0
SPINK5	181	131	168	155	169	124
SPINK14	0	0	1	0	1	1
SPINK6	0	1	0	0	0	0
LOC102546294	4	1	1	3	1	2
SPINK13	0	0	0	0	0	0
SPINK7	0	0	0	0	2	0
SPINK9	2	0	3	2	3	0
FBXO38	1615	1430	1799	1860	1650	1407
HTR4	0	0	0	2	1	0
ADRB2	574	531	636	647	505	464
SH3TC2	62	55	84	126	119	88
MIR584	0	0	0	0	0	0
LOC255187	2	1	0	3	1	0
ABLIM3	60	42	39	45	43	35
LOC101927031	0	0	0	2	2	0
AFAP1L1	627	539	783	764	644	566
GRPEL2	1364	1148	1516	1292	1257	863
PCYOX1L	263	221	280	238	229	200
IL17B	1	2	0	3	2	2
LOC101927046	0	0	0	0	0	2
MIR143HG	0	0	0	0	0	0
MIR143	0	0	0	0	0	0
MIR145	0	0	0	0	0	0
CSNK1A1	11454	9713	11818	11536	10273	8247
ARHGEF37	125	122	125	150	108	113
LOC102724061	0	0	0	3	0	2
PPARGC1B	311	311	371	232	200	221
MIR378A	0	0	0	0	0	0
PDE6A	1	0	3	1	0	0
SLC26A2	734	660	750	931	803	690
TIGD6	181	152	211	197	177	150
HMGXB3	2001	1749	2238	2145	1891	1522
CSF1R	5	7	5	23	28	14
PDGFRB	2	2	4	6	3	7
CDX1	0	0	0	0	0	0
SLC6A7	9	5	13	23	23	14
CAMK2A	19	34	27	54	49	39
ARSI	535	712	848	606	577	457
TCOF1	8114	7249	9280	7749	6855	5569
CD74	16	2	4	15	10	4
RPS14	12963	11754	14051	13272	11810	9933
LOC102546298	3	2	6	2	4	0
NDST1	5882	5390	7070	6601	5881	4823
SYNPO	974	888	981	874	803	692
MYOZ3	1	3	3	11	14	7
RBM22	2554	2100	2712	2826	2561	2140
DCTN4	3269	2755	3471	3514	3176	2756
SMIM3	91	74	138	121	115	76
IRGM	0	0	0	0	1	1
ZNF300	679	599	704	753	671	512
ZNF300P1	0	1	0	2	1	1
GPX3	227	199	221	282	244	203
TNIP1	2326	2098	2679	2047	1890	1491
ANXA6	519	469	556	491	445	344
CCDC69	685	620	664	797	746	575
GM2A	2216	1845	2316	2239	2250	1849
SLC36A3	0	0	1	1	0	0
SLC36A2	0	0	0	0	0	0
SLC36A1	527	461	555	471	435	324
FAT2	11683	10507	12275	9445	8337	6944
MIR6499	0	0	0	1	0	0
SPARC	4	3	3	1	5	7
CTB-113P19.1	0	0	0	0	0	0
ATOX1	511	499	658	569	466	412
LOC100652758	68	37	69	62	53	70
G3BP1	14356	11995	15105	13939	12476	10006
GLRA1	1	2	2	3	1	0
CTB-12O2.1	1	2	2	2	0	0
NMUR2	0	0	0	0	0	2
LOC102724071	0	0	0	0	0	0
AC091969.1	0	0	0	0	0	0
GRIA1	0	0	0	0	0	0
FAM114A2	354	318	396	391	364	322
MFAP3	2511	2158	2557	2872	2448	1959
LOC101927169	2	0	2	0	2	0
GALNT10	1486	1353	1620	1731	1515	1208
MIR1294	0	0	0	0	0	0
SAP30L-AS1	17	14	17	28	25	19
SAP30L	1103	966	1130	1056	964	800
HAND1	2	0	0	0	2	0
LOC102724091	1	1	1	2	0	1
MIR3141	0	0	0	0	0	0
LARP1	17254	15080	19713	16670	15352	12179
MIR1303	2	0	0	0	0	0
FAXDC2	25	18	27	38	46	20
MIR378H	2	0	0	2	3	0
CNOT8	2342	1843	2509	2464	2125	1723
GEMIN5	1880	1746	2322	2077	1877	1464
MRPL22	1005	850	1097	1048	1046	791
KIF4B	9	10	9	11	3	8
SGCD	0	0	0	0	0	0
PPP1R2P3	14	16	19	23	12	20
TIMD4	0	0	0	0	1	1
HAVCR1	0	0	0	1	4	2
HAVCR2	2	2	4	8	11	3
MED7	289	286	295	240	264	213
FAM71B	0	0	0	1	0	0
ITK	0	0	0	0	0	0
CYFIP2	159	113	151	166	152	91
FNDC9	1	0	0	0	1	0
LOC101927675	0	0	0	0	0	0
LOC102724404	0	0	0	0	0	0
NIPAL4	23	23	20	7	6	10
ADAM19	64	61	96	142	104	84
SOX30	12	14	15	10	17	13
C5orf52	0	0	0	0	0	0
THG1L	497	394	487	514	454	396
LSM11	121	117	116	97	102	65
CLINT1	6302	5150	6462	6206	5746	4660
LOC101927697	0	0	0	0	0	0
EBF1	14	9	22	17	12	9
LOC101927713	0	0	0	0	0	0
RP11-175K6.1	0	0	0	0	0	0
RNF145	3111	2603	3065	3227	2836	2430
UBLCP1	1831	1484	1853	1845	1698	1410
IL12B	1	0	2	5	2	3
AC008697.1	10	2	4	12	6	6
AC008703.1	0	0	1	0	2	0
AC011343.1	0	0	1	0	0	0
ADRA1B	3	8	10	24	20	13
LOC101927790	0	0	0	0	0	0
TTC1	1537	1157	1596	1657	1561	1277
PWWP2A	952	786	1004	970	937	738
FABP6	5	3	4	7	3	5
CCNJL	626	484	605	588	579	463
C1QTNF2	16	6	27	17	12	9
C5orf54	453	400	491	453	315	287
SLU7	2246	1877	2324	2456	2252	1921
PTTG1	2621	2189	2849	2478	2031	1784
MIR3142	0	0	0	0	0	0
MIR146A	0	0	0	0	0	0
ATP10B	2	0	1	2	2	1
RP11-109J4.1	0	0	0	2	0	0
GABRB2	2	3	0	1	0	3
GABRA6	0	0	0	0	0	0
GABRA1	0	0	0	0	0	0
GABRG2	1	1	3	1	4	0
CCNG1	5175	4478	5408	5240	4626	3746
NUDCD2	1296	1216	1389	1464	1239	983
HMMR	2635	2202	2748	2591	2297	1996
RP11-80G7.1	2	1	0	3	1	4
MAT2B	3871	3617	4200	3735	3077	2707
LOC102724458	0	0	0	0	0	0
LOC101927835	0	0	0	0	0	0
LOC102546299	0	0	0	0	0	0
LOC102557615	0	0	0	0	1	0
TENM2	21	21	33	35	24	21
LOC101927908	0	0	0	0	0	0
LOC101927885	0	0	0	0	0	0
CTB-178M22.2	5	1	3	0	1	2
WWC1	3124	2654	3452	3607	3067	2614
RARS	3871	3357	4176	4028	3604	3015
FBLL1	1	1	4	4	0	4
PANK3	4826	4041	5270	4981	4604	3671
MIR103A1	0	0	0	0	1	0
MIR103B1	0	0	0	0	0	0
SLIT3	7	9	14	8	16	3
CTC-558O2.1	0	0	0	2	1	0
MIR218-2	0	0	0	0	0	0
CTB-174D11.1	0	0	0	0	0	0
MIR585	0	0	0	0	0	0
SPDL1	2291	1946	2420	2209	1912	1830
DOCK2	0	0	0	1	3	1
FAM196B	0	2	1	0	2	0
MIR378E	0	0	0	0	0	0
FOXI1	6	1	7	25	11	19
LINC01187	0	0	0	0	0	0
C5orf58	0	0	0	0	0	0
LCP2	0	0	0	0	0	0
LOC257358	3	0	4	2	3	3
KCNIP1	0	0	0	0	0	0
KCNMB1	0	0	2	1	0	0
CTD-2270F17.1	0	0	0	0	0	0
GABRP	6	13	4	27	9	16
RANBP17	268	212	273	271	225	234
TLX3	258	192	273	285	221	168
MIR3912	1	0	0	0	0	0
NPM1	32334	26276	35347	32331	28856	24735
FGF18	0	0	4	9	5	10
SMIM23	0	0	0	0	0	0
FBXW11	3339	3077	3783	3660	3421	2596
STK10	1210	1071	1323	1151	1063	841
EFCAB9	3	0	2	2	0	0
UBTD2	1436	1224	1458	1210	1112	894
SH3PXD2B	194	193	255	326	248	176
NEURL1B	1821	1736	2280	1786	1687	1236
MIR5003	0	0	0	0	0	0
RP11-779O18.1	0	1	0	8	0	7
DUSP1	188	154	215	246	268	194
ERGIC1	4669	4110	5348	4914	4492	3542
LOC100268168	10	17	12	26	28	26
RPL26L1	815	650	905	900	835	640
ATP6V0E1	2049	1883	2279	2337	2148	1746
SNORA74B	1	2	0	0	4	0
CREBRF	307	242	267	291	278	236
BNIP1	318	268	378	330	262	275
NKX2-5	290	203	304	321	288	236
LOC101928115	0	0	0	0	1	1
STC2	1191	1116	1446	1068	861	716
MIR8056	0	0	0	0	0	0
LOC285593	6	3	4	6	6	4
BOD1	1896	1611	2150	1888	1684	1363
LOC101928136	0	0	0	0	0	0
LOC101928154	0	0	0	1	0	0
CPEB4	626	512	628	754	707	585
C5orf47	0	0	2	0	0	0
HMP19	0	0	0	0	1	0
LOC102724551	0	0	0	0	0	0
LOC101928176	0	0	0	0	0	0
MSX2	72	74	85	118	89	57
MIR4634	0	0	1	0	0	0
FLJ16171	0	0	0	0	0	0
DRD1	0	0	1	0	3	0
SFXN1	3417	2920	3816	3680	3379	2661
HRH2	60	45	46	77	62	58
CPLX2	0	1	0	0	0	0
THOC3	1997	1729	2186	1977	1699	1476
LOC100996385	0	0	0	0	0	0
FAM153B	0	0	0	0	0	0
LOC100507387	0	0	0	2	0	0
RP11-844P9.2	13	14	21	16	28	18
SIMC1	761	654	917	813	706	559
KIAA1191	2263	1942	2452	2320	2103	1712
ARL10	28	26	30	40	25	27
MIR1271	0	0	0	2	0	1
NOP16	906	832	1137	899	728	613
HIGD2A	1103	971	1325	1144	905	797
CLTB	2270	2194	2565	2268	2039	1593
FAF2	4877	4056	5346	5785	5095	4172
RNF44	1095	974	1192	985	820	707
CDHR2	20	9	13	23	18	21
GPRIN1	477	444	526	563	483	414
SNCB	8	6	9	15	10	21
MIR4281	0	0	0	0	0	0
EIF4E1B	0	1	0	2	2	1
TSPAN17	1900	1742	2122	2078	1707	1299
LOC102577424	0	0	0	0	0	0
UNC5A	111	116	149	229	190	181
HK3	3	1	4	1	9	5
UIMC1	1416	1183	1563	1369	1290	1141
ZNF346	498	442	565	580	484	378
FGFR4	297	252	346	348	320	198
NSD1	12952	11289	13915	14031	12821	10409
RAB24	202	178	261	226	237	162
PRELID1	948	897	1120	1056	897	793
MXD3	189	153	218	155	142	111
LMAN2	3564	3128	4060	3829	3439	2677
RGS14	77	95	107	105	85	58
SLC34A1	2	6	2	2	5	9
PFN3	0	0	0	0	1	0
F12	110	96	125	104	98	61
GRK6	1768	1579	2025	1693	1388	1186
PRR7-AS1	23	13	16	14	20	12
PRR7	107	116	159	146	114	77
DBN1	701	693	856	675	557	442
PDLIM7	2312	2185	2878	2182	2003	1547
DOK3	181	137	162	224	177	150
DDX41	1470	1381	1725	1646	1437	1256
FAM193B	675	605	701	680	556	450
TMED9	2925	2519	3206	3101	2687	2215
B4GALT7	340	311	383	378	317	254
LOC202181	128	97	161	101	92	83
FAM153A	1	2	0	1	1	0
LOC101928247	0	0	0	0	0	0
LOC728554	1	0	1	1	0	0
RP11-423H2.3	0	0	0	0	0	0
PROP1	0	0	0	0	0	0
FAM153C	0	1	0	0	0	0
LOC101928349	1	0	1	0	0	0
N4BP3	49	54	57	55	68	67
RMND5B	569	500	591	631	553	437
NHP2	1972	1700	2142	1861	1625	1303
GMCL1P1	3	2	4	7	2	2
HNRNPAB	8363	7470	9424	8368	7565	6177
PHYKPL	264	223	264	239	235	193
COL23A1	3	3	7	3	3	1
CLK4	481	314	467	540	496	411
LOC102724657	0	0	0	0	0	2
ZNF354A	412	370	463	470	446	377
AACSP1	7	2	6	12	6	3
ZNF354B	186	175	225	191	172	151
ZFP2	7	1	1	6	5	8
ZNF454	0	0	0	0	0	1
GRM6	0	0	1	4	0	3
ZNF879	60	51	70	79	93	63
ZNF354C	1010	809	1030	1036	965	809
ADAMTS2	1	4	0	1	4	1
RUFY1	1194	959	1218	1121	1119	874
LOC101928445	11	16	16	28	26	25
HNRNPH1	16030	13329	16376	14541	13164	11378
C5orf60	0	2	0	2	0	1
CBY3	1	2	1	4	5	4
CANX	46591	38495	49561	49710	44539	37856
MAML1	3072	2677	3273	3011	2662	2157
LOC101928482	3	8	13	6	5	5
LTC4S	20	18	21	21	24	8
MGAT4B	1973	1707	2242	1961	1704	1356
MIR1229	0	0	0	0	0	0
SQSTM1	6249	5542	6993	6751	6100	4980
C5orf45	76	77	74	100	90	93
LOC100996419	42	44	52	56	50	24
TBC1D9B	4915	4267	5309	5027	4397	3504
RNF130	836	772	1011	1022	945	761
MIR340	0	0	0	0	0	0
RASGEF1C	9	3	6	3	6	9
MAPK9	2916	2459	3100	2950	2618	2149
GFPT2	307	261	328	350	288	225
CNOT6	4844	4139	5049	4799	4344	3359
SCGB3A1	0	0	0	0	2	0
FLT4	9	9	9	22	9	9
OR2Y1	0	0	0	0	0	0
MGAT1	1574	1444	1784	1530	1396	1146
LOC102724833	33	40	43	38	44	33
LOC102724758	1	1	2	2	5	1
HEIH	326	304	380	365	316	223
LINC00847	303	300	361	289	260	192
ZFP62	1411	1220	1493	1358	1270	1019
BTNL8	1	1	4	8	1	5
BTNL3	0	0	0	1	0	1
BTNL9	72	63	70	114	93	98
MIR8089	0	0	0	0	0	0
TRNAV2	0	0	0	0	0	0
TRNAL34	0	0	0	0	0	0
TRNAL24	0	0	0	0	0	0
TRNAV9	0	0	0	0	0	0
OR2V1	0	3	1	2	0	0
OR2V2	0	0	0	0	0	1
TRNAV5	0	0	0	0	0	0
TRNAV3	1	0	0	0	0	0
TRNAV4	0	0	0	0	0	0
TRNAL4	0	0	0	0	0	0
TRNAL32	0	0	0	0	0	0
TRNAV10	0	0	0	0	0	0
TRNAP3	0	1	0	0	0	0
LOC102577426	0	1	1	0	3	1
TRNAT1	0	0	0	0	0	0
TRIM7	245	198	265	178	165	121
TRNAA26	0	2	1	0	0	2
TRNAK33	1	0	1	0	0	0
TRNAV1	0	0	0	0	1	0
TRNAK2	0	0	0	0	0	0
TRNAV6	0	0	0	0	0	1
MIR4638	0	0	0	1	0	0
TRIM41	1280	976	1234	1277	1123	952
GNB2L1	29054	25885	33271	29225	25580	21024
SNORD96A	52	66	58	43	71	44
SNORD95	6	2	7	9	10	8
CTC-338M12.4	68	54	65	49	47	35
TRIM52	182	147	184	230	196	152
TRIM52-AS1	156	118	137	105	93	98
LOC102724781	2	7	4	5	10	4
RP4-669L17.10_1	2	1	3	0	0	0
OR4F3	0	0	0	0	0	0
LINC00266-3	0	0	0	0	0	0
RP3-416J7.4	0	0	0	0	0	0
LOC102723922	0	0	0	3	1	3
DUSP22	414	333	386	387	286	254
IRF4	7	3	2	3	3	2
EXOC2	1753	1496	1802	1559	1435	1060
HUS1B	5	2	4	2	1	1
LOC101927691	1	0	3	1	0	1
LOC101927353	0	0	0	0	0	0
LOC285768	2	3	3	1	2	0
FOXQ1	248	198	260	209	161	151
FOXF2	296	263	355	281	234	164
MIR6720	0	0	0	0	0	0
LOC102723944	0	2	2	0	1	0
LOC102723958	3	1	3	3	3	0
LOC101927703	9	12	7	16	15	9
FOXC1	591	425	542	620	487	425
FLJ46552	4	2	8	3	10	4
GMDS	1240	1119	1478	1145	1054	895
GMDS-AS1	83	58	66	64	54	34
C6orf195	0	4	2	0	3	1
MYLK4	62	34	76	69	50	66
WRNIP1	2995	2554	3168	2946	2504	2006
SERPINB1	3647	3310	4271	3793	3477	2891
MIR4645	0	2	0	0	0	0
MGC39372	14	16	8	12	10	6
LOC101927730	2	2	4	3	5	0
SERPINB9	1860	1532	1996	1660	1574	1237
SERPINB6	1876	1775	2091	1834	1742	1413
LINC01011	19	23	31	17	15	10
NQO2	588	433	629	572	445	376
HTATSF1P2	49	39	45	35	37	59
LOC101927759	9	8	14	16	17	7
RIPK1	1157	914	1271	1246	1106	941
BPHL	467	487	509	494	480	337
TUBB2A	394	379	513	540	426	359
RP1-40E16.9	0	0	0	0	0	0
TUBB2B	0	2	3	7	3	3
PSMG4	216	183	274	194	157	121
SLC22A23	809	679	854	726	670	492
LOC643327	0	0	0	1	1	0
LOC100507336	5	5	6	3	10	1
PXDC1	474	423	539	506	427	421
LOC101927867	0	0	0	0	0	0
FAM50B	249	203	272	209	184	139
PRPF4B	7673	6515	7971	7444	6848	6022
FAM217A	1	0	0	1	0	0
C6orf201	16	9	10	6	20	9
ECI2	807	837	1067	939	790	688
RP3-400B16.1	3	5	4	6	8	4
LOC102724096	0	0	0	0	0	0
LOC101927888	2	0	1	0	0	0
CDYL	2124	1889	2414	2155	1922	1482
LOC101927913	0	1	0	0	0	0
RPP40	320	293	426	326	332	273
LOC100129461	27	27	25	16	27	20
LYRM4	771	696	920	728	684	546
PPP1R3G	35	27	40	25	26	19
MIR3691	0	0	0	0	0	0
LOC101927319	0	1	1	0	0	0
FARS2	446	407	474	435	386	326
RP1-232P20.1	0	2	1	3	1	0
LOC102724161	1	0	1	1	1	0
RP1-256G22.2	1	0	2	2	1	0
NRN1	18	7	10	3	5	3
F13A1	1	0	0	0	1	0
MIR7853	0	0	0	0	0	0
MIR5683	0	0	0	0	0	0
LY86-AS1	1	0	0	1	0	0
LY86	0	0	0	0	0	0
LOC101928004	1	0	1	0	1	1
LOC101928047	1	0	0	0	0	0
RREB1	3039	2514	3198	2846	2464	2011
SSR1	9592	8056	10080	9008	8288	6792
CAGE1	120	110	129	113	67	97
RIOK1	1984	1559	2125	1803	1617	1389
LOC102724234	0	0	0	1	0	0
LOC101928076	116	75	110	86	87	73
DSP	43460	39249	46379	39822	36984	31875
SNRNP48	1004	876	1051	1031	958	803
BMP6	37	25	32	30	31	19
BLOC1S5-TXNDC5	0	0	0	0	0	0
TXNDC5	57	42	62	46	30	28
PIP5K1P1	5	2	4	11	5	7
EEF1E1-BLOC1S5	0	0	0	0	0	0
BLOC1S5	0	1	0	0	2	0
EEF1E1	333	220	287	248	271	214
SCARNA27	19	15	14	28	8	7
SLC35B3	900	723	854	856	735	589
RP11-314C16.1	28	32	20	22	23	18
HULC	0	1	0	0	0	0
OFCC1	23	16	24	18	17	19
TFAP2A	2702	2191	2887	2271	2084	1675
TFAP2A-AS1	25	17	29	21	18	17
LINC00518	11	9	17	20	11	3
MIR5689	0	0	0	0	0	0
RP1-290I10.5	13	18	12	8	3	9
LOC101928146	1	1	1	3	3	1
LOC101928124	0	1	2	4	0	1
GCNT2	35	33	51	43	50	32
C6orf52	17	14	13	18	18	9
PAK1IP1	1105	944	1156	907	802	666
TMEM14C	2562	2226	2803	2801	2515	1969
LOC100506379	6	8	6	4	6	8
TMEM14B	1588	1420	1846	1904	1573	1281
MAK	79	63	82	71	75	53
GCM2	1	6	2	1	3	1
SYCP2L	250	221	238	221	226	188
LOC101928191	0	2	2	3	4	0
ELOVL2	37	23	79	53	36	28
ELOVL2-AS1	3	0	1	1	1	0
SMIM13	1180	935	1085	960	941	729
ERVFRD-1	2	1	1	7	0	0
NEDD9	633	567	626	563	576	485
LOC102724361	0	0	0	0	0	0
TMEM170B	227	199	243	197	204	172
ADTRP	63	80	77	84	88	72
LOC102724379	0	0	0	0	0	0
LOC101928253	0	0	0	0	0	0
HIVEP1	953	753	944	861	776	578
EDN1	5	4	8	8	15	3
LOC101928281	0	0	0	0	0	0
LOC102724414	0	0	0	0	0	2
LOC101928309	0	0	0	1	1	0
PHACTR1	26	15	18	9	11	13
RP1-257A7.4	11	11	29	15	15	18
TBC1D7	694	643	787	656	613	457
GFOD1	296	292	358	277	240	178
SIRT5	552	431	583	533	445	403
NOL7	2061	1621	2232	1999	1769	1502
RANBP9	1615	1391	1707	1685	1570	1304
MCUR1	2355	1837	2410	2339	2148	1661
RNF182	29	17	28	28	24	37
CD83	81	46	69	120	98	61
LINC01108	0	0	0	1	0	0
LOC101928331	0	1	0	0	0	0
RP11-330A16.1	0	0	0	0	0	0
LOC102724463	0	0	0	0	0	0
JARID2	1882	1653	1953	1825	1508	1238
JARID2-AS1	2	1	7	1	4	3
DTNBP1	375	299	393	342	269	249
LOC102724490	0	6	4	1	3	5
LOC102724520	0	0	0	0	0	0
LOC101928406	0	0	0	0	0	0
MYLIP	846	727	890	830	792	595
MIR4639	0	2	1	2	1	0
GMPR	34	40	29	35	27	21
ATXN1	243	282	321	239	210	175
LOC101928433	30	24	39	36	35	17
LOC101928463	0	0	0	0	0	0
STMND1	4	1	5	1	2	0
RBM24	63	55	79	100	62	83
CAP2	1135	974	1167	1203	1163	874
LOC101928491	6	3	11	13	7	3
LOC102724591	2	2	1	1	2	0
FAM8A1	1492	1233	1496	1594	1505	1230
NUP153	7540	6357	8347	7470	6739	5577
KIF13A	3424	3207	3846	3163	2896	2381
NHLRC1	118	86	123	110	120	81
TPMT	816	682	860	876	844	639
KDM1B	1045	804	1075	1130	1026	738
DEK	29104	24879	30567	25678	24130	20154
RNF144B	994	887	1041	970	924	691
MIR548A1	0	0	0	0	0	0
TRNAQ22	0	0	0	0	1	0
LOC101928519	0	0	0	0	0	0
LOC102724609	2	2	1	0	1	0
LOC100506885	0	0	0	0	0	0
ID4	0	3	0	3	1	3
MBOAT1	401	347	396	299	278	215
LOC101928573	0	0	1	0	1	0
E2F3	1520	1215	1508	1635	1499	1155
CDKAL1	792	635	779	723	649	551
LINC00581	0	0	0	0	0	0
SOX4	1881	1547	2003	1602	1346	1134
CASC15	1	2	0	2	0	1
LOC102724664	0	0	0	0	0	0
LOC102724654	0	0	0	0	0	0
CASC14	0	0	0	0	0	0
PRL	0	0	0	0	0	0
LOC102724722	0	0	0	0	0	0
HDGFL1	0	0	0	0	0	0
LOC102724736	0	0	0	0	0	0
LOC102724749	0	0	2	0	0	0
LOC102724585	0	0	0	0	0	0
NRSN1	0	0	0	0	0	0
DCDC2	12	13	10	24	17	9
KAAG1	0	0	0	1	0	0
MRS2	1404	1288	1622	1570	1490	1159
GPLD1	85	100	119	124	127	78
ALDH5A1	2233	1945	2364	2074	1841	1532
KIAA0319	14	4	6	8	7	9
TDP2	1906	1608	2016	1907	1773	1375
ACOT13	452	366	426	409	400	272
C6orf62	7836	6686	8179	6896	6552	5123
GMNN	2124	1812	2420	1907	1692	1374
C6orf229	1	0	0	2	1	0
FAM65B	6	1	2	0	0	1
LOC102724765	1	0	0	0	0	0
CMAHP	6	8	4	2	4	4
RP3-522P13.3	0	0	1	0	0	0
LRRC16A	2536	2195	2752	2482	2227	1823
LOC101928699	2	0	0	1	1	0
SCGN	0	0	0	0	0	0
HIST1H2AA	0	0	0	0	0	0
HIST1H2BA	0	0	0	0	0	0
HIST1H2APS1	0	0	0	0	0	0
SLC17A4	0	0	0	0	0	0
SLC17A1	0	0	0	0	0	0
SLC17A3	0	0	0	0	0	0
SLC17A2	0	0	0	0	0	0
TRIM38	1758	1388	1697	1648	1496	1247
HIST1H1A	121	49	114	98	96	22
HIST1H3A	23	13	21	22	23	15
HIST1H4A	43	31	36	31	35	18
HIST1H4B	11	1	8	12	8	14
HIST1H3B	29	29	42	37	38	11
HIST1H2AB	16	12	7	16	6	5
HIST1H2BB	10	7	15	11	7	7
HIST1H3C	40	44	47	42	27	17
HIST1H1C	1307	1140	1514	997	919	769
HFE	698	560	749	683	662	501
HIST1H4C	33	31	37	46	54	20
HIST1H1T	0	0	5	0	1	1
HIST1H2BC	135	108	134	127	105	91
HIST1H2AC	761	597	657	613	556	493
HIST1H1E	94	62	123	76	70	40
HIST1H2BD	607	479	548	614	544	503
HIST1H2BE	47	20	41	19	23	19
HIST1H4D	6	12	17	28	18	8
HIST1H3D	42	27	31	38	43	28
HIST1H2AD	1	1	0	2	1	0
HIST1H2BF	79	35	57	52	52	31
HIST1H4E	56	38	59	54	50	15
HIST1H2BG	136	85	128	149	116	81
HIST1H2AE	73	53	122	80	73	30
HIST1H3E	33	24	46	31	39	12
HIST1H1D	64	21	59	50	51	15
HIST1H4F	1	0	0	0	0	0
HIST1H4G	0	0	1	0	0	0
HIST1H3F	25	10	20	13	12	5
HIST1H2BH	367	346	453	339	331	236
HIST1H3G	56	25	39	39	51	33
HIST1H2BI	38	19	30	31	31	13
HIST1H4H	108	86	99	93	100	58
TRNAM1	0	0	1	0	0	0
TRNAR3	3	8	7	5	4	8
TRNAS16	0	0	0	0	0	0
TRNAQ25	0	0	0	0	0	0
TRNAQ15	0	0	0	0	0	0
TRNAS27	0	0	3	0	1	0
TRNAM6	2	2	3	0	1	0
TRNAW9	0	0	0	0	0	0
TRNAR28	2	0	1	1	0	0
LOC101928743	0	0	0	0	0	0
TRNAS25	0	1	0	0	1	0
TRNAR26	0	0	1	1	0	3
TRNAM4	0	0	0	0	0	0
TRNAW2	0	0	0	1	0	0
BTN3A2	1002	797	987	562	491	378
BTN2A2	448	389	468	429	423	353
BTN3A1	444	427	549	262	200	178
BTN2A3P	58	38	48	63	45	33
BTN3A3	268	261	274	150	134	122
BTN2A1	813	694	821	849	686	636
LOC285819	5	10	3	3	2	2
BTN1A1	1	1	3	6	3	0
TRNAL26	1	0	1	0	0	1
HCG11	1204	1039	1186	1215	1118	897
TRNAT14	0	0	0	0	0	1
TRNAR2	0	0	0	0	0	0
TRNAV21	1	0	0	2	0	0
HMGN4	2534	2369	2994	2340	2187	1708
TRNAA29	0	0	0	0	0	0
TRNAI9	0	0	0	0	0	0
TRNAP13	0	0	0	0	0	0
TRNAK14	0	0	0	3	1	0
TRNAY10	0	0	0	0	0	0
TRNAA2	1	0	0	0	0	0
TRNAY12	0	0	0	0	0	0
TRNAY7	2	1	4	2	2	3
TRNAY8	0	0	0	0	0	0
ABT1	820	733	935	898	797	626
ZNF322	457	458	533	454	409	331
TRNAA36	0	0	0	0	0	0
LOC102724851	0	0	1	3	1	0
TRNAA37	0	0	0	0	0	0
TRNAA18	0	0	0	0	0	0
TRNAM16	0	0	0	0	0	0
TRNAA41	0	0	0	0	0	0
TRNAI25	0	0	0	0	0	0
TRNAA20	0	0	0	0	0	0
TRNAM20	0	0	0	0	0	0
TRNAM19	0	0	0	0	0	0
TRNAI22	0	0	0	0	1	0
TRNAM-CAU	0	0	0	0	0	0
TRNAA20_1	0	0	0	0	0	0
TRNAI-AAU	0	0	0	0	0	0
TRNAA41_1	0	0	0	0	0	0
TRNAM16_1	0	0	0	0	0	0
TRNAA-AGC	0	0	0	0	0	0
TRNAA37_1	0	0	0	0	0	0
TRNAA-AGC_1	0	0	0	0	0	0
GUSBP2	26	17	23	27	15	14
LOC166994	0	2	1	0	0	0
LINC00240	8	8	8	8	15	9
LOC100270746	46	42	39	28	21	17
TRNAI2	0	1	5	5	3	3
TRNAP10	0	0	0	0	0	2
TRNAS12	5	2	15	4	9	7
HIST1H2BJ	114	85	113	83	93	84
HIST1H2AG	64	37	70	57	38	24
HIST1H2BK	1507	1131	1402	1168	1225	952
HIST1H4I	13	25	32	26	11	4
HIST1H2AH	12	8	17	15	12	18
MIR3143	0	1	0	2	0	2
TRNAV20	0	0	1	1	0	0
TRNAH3	0	0	0	0	0	0
TRNAT7	0	0	0	1	0	0
TRNAI20	0	0	0	0	0	0
TRNAV28	0	0	0	0	0	1
TRNAS7	0	0	0	0	0	0
TRNAR17	0	0	0	0	0	0
TRNAR10	0	0	0	0	0	0
TRNAL10	7	4	8	1	4	6
TRNAV12	0	0	0	0	0	0
TRNAI17	1	3	2	2	1	0
PRSS16	462	380	493	424	378	313
TRNAI1	0	0	0	0	0	0
TRNAI11	0	0	0	0	0	0
TRNAV27	0	0	0	0	0	0
TRNAV31	0	0	0	0	0	0
TRNAQ27	1	0	0	0	0	0
TRNAS5	0	0	0	0	0	0
POM121L2	0	0	0	0	0	0
VN1R10P	0	0	0	0	0	0
TRNAM18	0	0	0	0	0	0
TRNAK19	0	0	0	0	0	0
ZNF204P	243	184	230	208	181	157
ZNF391	234	205	245	178	197	141
ZNF184	344	294	337	304	287	249
TRNAS10	0	0	0	0	0	0
TRNAD8	0	1	0	3	0	1
TRNAS2	0	0	0	0	0	0
TRNAS19	0	0	0	0	0	0
TRNAD14	0	0	0	0	0	0
TRNAS3	0	0	0	0	0	0
TRNAQ16	0	0	0	0	0	0
TRNAS4	0	0	0	0	0	0
TRNAS24	0	0	0	0	1	0
TRNAS1	0	0	0	0	2	0
TRNAQ21	0	0	0	1	0	1
TRNAS9	0	0	0	0	0	0
TRNAR5	0	0	0	0	0	0
TRNAK31	0	0	0	0	0	0
TRNAD9	0	0	0	0	0	0
TRNAK8	0	0	4	0	0	0
TRNAM15	2	0	1	0	1	1
TRNAL8	0	0	1	1	0	1
TRNAL28	0	1	0	0	0	1
TRNAT13	0	0	0	0	0	0
TRNAI6	0	1	0	1	0	0
TRNAV8	0	0	4	0	0	2
TRNAI5	0	0	0	0	0	0
TRNAR29	1	0	0	0	0	0
TRNAS15	0	0	0	0	0	0
TRNAV17	0	0	0	0	0	0
TRNAT15	2	0	0	4	0	0
TRNAI4	0	0	0	0	0	0
LINC01012	68	57	74	67	56	39
TRNAL16	0	0	1	0	0	0
TRNAT18	0	1	0	0	0	0
TRNAV15	0	0	0	1	0	0
TRNAV7	0	0	0	0	0	0
LOC100131289	0	0	1	4	2	0
TRNAM2	0	0	0	0	0	0
TRNAQ17	0	0	1	0	0	0
TRNAQ10	0	1	3	0	0	1
HIST1H2BL	26	13	42	35	31	15
HIST1H2AI	43	18	43	24	37	17
HIST1H3H	47	41	53	59	40	24
HIST1H2AJ	34	25	44	33	28	9
HIST1H2BM	19	9	23	10	24	9
HIST1H4J	10	7	9	8	14	9
HIST1H4K	18	13	14	17	17	14
HIST1H2AK	21	17	20	12	2	6
HIST1H2BN	100	46	89	80	83	28
HIST1H2AL	42	36	33	34	32	24
HIST1H1B	74	36	94	79	79	36
HIST1H3I	16	10	16	12	16	4
HIST1H4L	3	3	6	7	8	6
HIST1H3J	34	19	40	28	26	13
HIST1H2AM	82	47	100	58	89	42
HIST1H2BO	15	16	21	23	17	9
TRNAM17	0	0	0	0	0	0
TRNAG29	0	0	0	0	1	0
OR2B2	0	1	1	0	0	0
OR2B6	12	2	6	4	5	4
LOC102724889	13	11	26	16	11	10
ZNF165	527	491	660	584	537	372
ZSCAN12P1	450	319	434	489	447	379
ZSCAN16-AS1	79	92	83	66	37	54
ZSCAN16	88	83	78	117	82	95
ZKSCAN8	2384	2131	2532	2247	2011	1658
ZNF192P1	28	16	36	36	21	23
TRNAS13	0	0	0	0	0	0
TOB2P1	111	79	89	105	85	97
ZSCAN9	329	269	332	323	252	209
ZKSCAN4	195	171	206	207	159	151
NKAPL	0	1	0	0	0	0
ZSCAN26	451	354	457	449	378	299
PGBD1	244	234	302	283	255	204
ZSCAN31	740	559	711	670	544	485
ZKSCAN3	310	257	336	287	248	184
ZSCAN12	169	143	194	188	166	111
ZSCAN23	62	50	70	57	51	47
LOC101928950	21	35	25	31	37	29
TRNAT16	0	0	0	0	0	0
TRNAL12	0	1	0	0	0	0
TRNAT5	1	0	0	2	3	0
GPX6	0	0	0	0	0	0
GPX5	0	0	0	0	0	0
TRNAI21	0	0	0	0	0	0
TRNAR7	0	0	0	0	0	0
SCAND3	0	0	0	0	0	0
TRNAQ12	0	0	0	0	0	0
TRNAS17	0	0	0	0	0	0
TRNAA28	0	0	0	0	0	0
TRNAA15	0	0	0	0	0	0
TRNAT17	0	0	0	0	0	0
TRNAA7	0	0	0	0	0	0
TRNAA40	0	0	0	0	0	0
TRNAA38	0	0	0	0	0	0
TRNAA8	0	0	0	0	0	0
TRNAA12	0	0	0	0	0	0
TRNAT21	0	0	0	0	0	0
TRNAA5	0	0	0	0	0	0
TRNAV18	0	0	0	0	0	0
TRNAR24	0	0	0	0	0	0
TRNAK29	0	0	0	0	0	0
TRNAA11	0	0	0	0	0	0
TRNAF8	0	0	0	0	0	0
TRNAF4	0	0	0	0	0	0
TRNAA19	0	0	0	0	0	0
TRNAF3	0	0	0	0	0	0
TRNAA34	0	0	0	0	0	0
TRNAA1	0	0	0	0	0	0
TRNAF5	0	0	0	0	0	0
TRNAA6	0	0	0	0	0	0
TRNAA10	0	0	0	0	0	0
TRNAF9	0	0	0	0	0	0
TRNAA13	0	0	0	0	0	0
LOC401242	0	0	0	0	0	0
TRNAA27	0	0	0	0	0	0
TRNAR9	0	0	0	0	0	0
TRNAL-CAA	0	0	0	0	0	0
HCG14	0	0	0	0	0	0
TRIM27	0	0	0	0	0	1
TRNAL22	0	0	0	0	0	0
TRNAQ11	0	0	0	0	0	0
TRNAL20	0	0	0	0	0	0
C6orf100	0	0	0	0	0	0
TRNAM12	0	0	0	0	0	0
TRNAK22	0	0	0	0	0	0
TRNAM8	0	0	0	0	0	0
TRNAF7	0	0	0	0	0	0
TRNAE6	0	0	0	0	0	0
HCG16	0	0	0	0	0	0
TRNAL17	0	0	0	0	0	0
ZNF311	0	0	0	0	0	0
LOC100129636	0	1	0	0	1	0
OR2W1	0	0	0	0	0	0
OR2B3	0	0	0	0	0	0
OR2J3	0	0	0	0	0	0
OR2J2	0	0	0	0	0	0
LOC101929006	0	0	0	0	0	0
LOC102724952	0	0	0	0	0	0
OR14J1	0	0	0	0	0	0
OR5V1	0	0	0	0	0	0
OR12D3	0	0	0	0	0	0
OR12D2	0	0	0	0	0	0
OR11A1	0	0	0	0	0	0
OR10C1	0	0	0	0	0	0
OR2H1	0	0	0	0	0	0
MAS1L	0	0	0	0	0	0
LINC01015	0	0	0	0	0	0
UBD	0	0	0	0	0	0
SNORD32B	0	0	0	0	0	0
OR2H2	0	0	0	0	0	0
GABBR1	0	0	0	0	0	0
MOG	0	0	0	0	0	0
ZFP57	0	0	0	0	0	0
HLA-F	1	0	0	1	0	0
HLA-F-AS1	0	0	0	0	0	2
IFITM4P	0	0	0	0	0	0
HCG4	0	0	0	0	0	0
LOC554223	0	0	0	0	0	0
HLA-G	0	0	0	0	0	0
HLA-H	4	2	4	2	0	2
HCG4B	0	0	0	0	0	0
HLA-A	10	17	11	25	15	7
HCG9	0	0	0	0	0	0
ZNRD1-AS1	0	0	0	0	0	0
HLA-J	0	0	0	0	0	0
LOC102723311	0	0	0	0	0	0
HCG8	0	0	1	0	0	0
ZNRD1	0	0	0	0	0	0
PPP1R11	0	0	1	0	1	1
RNF39	0	0	0	0	0	0
TRIM31	0	0	0	0	0	0
TRIM40	0	0	0	0	0	0
TRIM10	0	0	0	0	0	0
TRIM15	0	0	0	0	0	0
TRIM26	0	0	0	1	0	0
HCG17	0	0	0	0	0	0
HLA-L	0	0	0	0	0	0
HCG18	0	0	0	0	0	0
TRIM39	0	0	0	0	0	0
TRIM39-RPP21	0	0	0	0	0	0
RPP21	0	0	0	0	0	0
HLA-E	0	0	0	0	0	0
GNL1	0	0	0	0	0	0
PRR3	0	0	0	0	0	0
ABCF1	0	0	0	0	0	0
MIR877	0	0	0	0	0	0
PPP1R10	0	0	0	0	0	0
MRPS18B	0	0	0	0	0	0
ATAT1	0	0	0	0	0	0
C6orf136	0	0	0	0	0	0
DHX16	0	0	2	0	0	1
PPP1R18	0	0	0	0	0	0
NRM	0	0	0	0	0	0
MDC1	0	0	1	0	0	0
TUBB	0	0	0	0	0	0
FLOT1	0	0	0	0	0	0
IER3	0	2	0	0	0	0
LINC00243	0	0	0	0	0	0
DDR1	1	0	0	0	0	0
MIR4640	0	0	0	0	0	0
GTF2H4	0	0	0	0	0	0
VARS2	0	0	0	0	0	0
SFTA2	0	0	0	0	0	0
DPCR1	0	0	0	0	0	0
LOC102723346	0	0	0	0	0	0
MUC21	0	0	0	0	0	0
MUC22	0	0	0	0	0	0
HCG22	0	0	0	0	0	0
C6orf15	0	0	0	0	0	0
PSORS1C1	0	0	0	0	0	0
CDSN	0	0	0	0	0	0
PSORS1C2	0	0	0	0	0	0
CCHCR1	1	1	1	1	0	1
TCF19	1	2	5	1	3	2
POU5F1	1	0	0	0	0	0
PSORS1C3	0	0	0	0	0	0
HCG27	0	0	0	0	0	0
HLA-C	12	6	8	7	5	5
HLA-B	4	0	1	0	2	0
MIR6891	0	0	0	0	0	0
LOC101929072	0	0	0	0	0	0
MICA	5	1	0	1	0	1
LINC01149	0	0	0	0	0	0
HCP5	0	0	0	0	0	0
HCG26	1	0	0	1	0	0
MICB	0	0	0	0	0	0
MCCD1	0	0	0	0	0	0
ATP6V1G2-DDX39B	0	0	0	0	0	0
DDX39B	0	0	0	0	0	0
SNORD117	0	0	0	0	0	0
SNORD84	0	0	0	0	0	0
ATP6V1G2	0	0	0	0	0	0
NFKBIL1	0	0	0	0	0	0
LTA	0	0	0	0	0	0
TNF	0	0	0	0	0	0
LTB	0	0	0	0	0	0
LST1	0	0	0	0	0	0
NCR3	0	0	0	0	0	0
AIF1	0	0	0	0	0	0
PRRC2A	7	12	5	10	4	3
SNORA38	0	0	1	0	0	0
MIR6832	0	0	0	0	0	0
BAG6	2	0	3	4	2	3
APOM	0	0	0	0	0	0
C6orf47	0	0	0	0	0	0
GPANK1	0	0	0	0	0	0
CSNK2B	0	0	0	0	0	0
LY6G5B	0	0	0	0	0	0
LY6G5C	0	0	0	0	0	0
ABHD16A	0	0	0	0	0	0
MIR4646	0	0	0	0	0	0
LY6G6F	0	0	0	0	0	0
LY6G6E	0	0	0	0	0	0
LY6G6D	0	0	0	0	0	0
LY6G6C	0	0	0	0	0	0
C6orf25	0	0	0	0	0	0
DDAH2	0	0	0	0	0	2
CLIC1	0	0	0	0	0	0
MSH5-SAPCD1	0	0	0	0	0	0
MSH5	0	0	0	0	0	0
SAPCD1	0	0	0	0	0	0
VWA7	0	0	0	0	0	0
VARS	0	0	0	0	0	0
LSM2	0	0	0	0	0	0
HSPA1L	0	0	0	0	0	0
HSPA1A	0	0	0	0	1	0
HSPA1B	0	0	0	0	0	0
C6orf48	1	0	0	0	0	0
SNORD48	0	0	0	0	0	0
SNORD52	0	0	0	0	0	0
NEU1	0	0	0	0	0	0
SLC44A4	0	0	0	0	0	0
EHMT2	0	0	0	0	0	0
C2	0	0	0	0	0	0
ZBTB12	0	0	0	0	0	0
LOC102060414	0	0	0	0	0	0
CFB	0	4	1	0	0	0
NELFE	0	0	0	0	0	0
MIR1236	0	0	0	0	0	0
SKIV2L	0	0	0	0	0	0
DXO	0	0	0	0	0	0
STK19	0	0	0	0	0	0
C4A	0	0	0	0	0	0
CYP21A1P	0	0	0	0	0	0
TNXA	0	0	0	0	0	0
C4B	0	0	0	0	0	0
CYP21A2	0	0	0	0	0	0
TNXB	0	0	0	0	0	0
ATF6B	0	0	0	0	0	0
FKBPL	0	0	0	0	0	0
PRRT1	3	0	0	0	3	2
LOC100507547	3	1	3	5	4	1
PPT2	0	0	0	0	0	0
PPT2-EGFL8	0	0	0	0	0	0
EGFL8	0	0	0	0	0	0
AGPAT1	248	253	301	294	221	188
MIR6721	0	0	0	0	0	0
RNF5	0	0	1	0	0	0
MIR6833	0	0	0	0	0	0
AGER	0	0	0	0	0	0
PBX2	13	6	7	11	8	11
GPSM3	0	0	0	0	0	0
NOTCH4	0	0	0	0	0	0
C6orf10	0	0	0	0	0	0
HCG23	0	0	0	0	0	0
BTNL2	0	0	0	0	0	0
HLA-DRA	0	0	0	0	0	0
HLA-DQA1	0	0	0	0	0	0
HLA-DQB1	0	0	0	0	0	0
HLA-DQA2	0	0	0	0	0	0
MIR3135B	0	0	0	0	0	0
HLA-DQB2	0	0	0	0	0	0
HLA-DOB	0	0	0	0	0	0
TAP2	3	1	3	0	1	1
PSMB8	0	0	0	0	0	0
TAPSAR1	0	0	0	0	0	0
TAP1	0	0	0	0	0	0
PSMB9	0	0	0	0	0	0
LOC100294145	0	0	0	0	0	0
HLA-DMB	0	0	0	0	0	0
HLA-DMA	0	0	0	0	0	0
BRD2	13	9	8	17	9	11
HLA-DOA	0	0	0	0	0	0
HLA-DPA1	0	0	0	0	0	0
HLA-DPB1	0	0	0	0	0	0
HLA-DPB2	0	0	0	0	0	0
COL11A2	0	0	0	0	0	0
RXRB	0	0	0	0	0	0
SLC39A7	0	0	0	0	0	0
HSD17B8	0	0	0	0	0	0
MIR219-1	0	0	0	0	0	0
RING1	0	1	0	0	0	0
HCG25	0	0	0	0	0	0
VPS52	0	0	0	0	0	0
RPS18	1	0	2	1	1	1
B3GALT4	0	0	0	0	0	0
WDR46	0	0	0	0	0	0
MIR6873	0	0	0	0	0	0
PFDN6	0	0	0	0	0	0
MIR6834	0	0	0	0	0	0
RGL2	0	0	0	0	0	0
TAPBP	2	3	11	5	1	2
ZBTB22	0	0	0	0	0	0
DAXX	39	25	43	46	41	25
LOC102723452	0	0	0	0	0	0
KIFC1	0	1	0	1	0	0
PHF1	0	0	1	2	1	1
CUTA	0	0	0	0	1	0
SYNGAP1	0	0	0	0	0	0
MIR5004	0	0	0	0	0	0
ZBTB9	1	0	0	0	0	0
BAK1	1582	1371	1704	1517	1237	982
GGNBP1	0	0	3	3	4	3
LINC00336	0	0	0	0	0	0
ITPR3	7434	6977	8736	7299	6480	5228
LOC101929188	21	23	25	24	19	11
UQCC2	925	797	1003	866	805	661
MIR3934	11	10	5	8	5	2
IP6K3	1	2	0	0	3	2
LEMD2	1738	1579	1900	1661	1463	1231
MLN	0	0	0	0	0	0
LINC01016	0	0	0	0	0	0
MIR7159	0	0	0	0	0	0
LOC100653005	0	0	0	0	0	0
MIR1275	0	0	0	0	0	0
GRM4	8	8	10	9	10	6
HMGA1	27627	25811	33108	25976	22830	18595
MIR6835	4	0	1	8	9	4
C6orf1	101	90	114	94	106	65
LOC102723521	1242	1112	1402	1197	1122	992
RPS10-NUDT3	0	0	0	0	0	0
NUDT3	90	84	76	64	76	48
RPS10	84	108	104	103	103	127
PACSIN1	934	722	928	1086	953	764
SPDEF	3	2	2	4	3	6
C6orf106	5470	4729	5930	5208	4528	3688
LOC101929243	37	34	42	31	36	17
SNRPC	2467	2428	3076	2629	2316	2039
UHRF1BP1	2863	2554	3254	2671	2340	1880
TAF11	915	760	978	912	814	647
ANKS1A	1955	1791	2181	1840	1637	1319
TCP11	1	0	0	3	4	3
LOC101929263	1	1	1	0	0	0
SCUBE3	27	29	30	26	33	19
LOC101929285	6	7	10	6	3	1
ZNF76	777	661	772	731	589	522
DEF6	374	315	402	305	323	238
PPARD	985	835	1005	1019	911	820
FANCE	446	392	491	412	394	263
RPL10A	12076	10673	13654	11311	10439	8600
MIR7111	2	1	4	5	0	2
TEAD3	1245	1043	1265	1140	1039	844
TULP1	10	5	6	2	3	6
LOC101929309	0	0	2	0	1	0
FKBP5	2248	2051	2588	2408	2261	1822
MIR5690	0	0	0	0	0	0
RP3-510O8.4	2	0	0	0	0	0
ARMC12	1	0	0	1	0	0
CLPSL2	3	7	5	0	0	1
CLPSL1	0	0	1	0	0	0
CLPS	0	0	0	0	0	0
LHFPL5	4	7	4	7	2	3
SRPK1	6103	5435	6855	5972	5514	4403
LOC102723620	3	2	1	0	0	2
SLC26A8	5	4	7	2	7	2
MAPK14	3802	3183	3906	3721	3270	2580
LOC101929346	26	26	38	36	34	31
MAPK13	3067	2757	3323	2726	2480	2007
LOC102723648	5	7	2	10	5	3
BRPF3	2202	1855	2359	2632	2426	1952
PNPLA1	1	2	4	2	2	4
C6orf222	0	0	0	0	0	0
ETV7	75	70	76	33	19	14
PXT1	0	2	1	1	1	1
KCTD20	3207	2837	3525	2964	2723	2200
STK38	3124	2620	3201	2982	2684	2248
SRSF3	13348	10963	14276	13038	12054	9984
MIR3925	0	0	1	0	0	0
PANDAR	6	6	7	2	5	9
CDKN1A	669	653	675	755	547	452
RAB44	0	1	2	2	0	0
CPNE5	13	19	14	8	12	9
LOC102723698	0	0	0	0	0	1
PPIL1	2081	1786	2245	1892	1577	1483
C6orf89	3477	2939	3652	3281	3050	2450
PI16	7	0	2	4	9	5
MTCH1	5483	4901	6197	5337	4662	3792
FGD2	26	44	37	50	46	44
PIM1	919	831	1007	1041	905	725
TMEM217	26	24	27	34	41	45
TBC1D22B	1198	1145	1435	1286	1202	919
RNF8	923	828	1089	969	839	634
CMTR1	2131	1860	2123	1997	1680	1373
CCDC167	183	166	199	149	132	124
FLJ45825	0	1	0	0	0	0
LOC102723736	0	0	0	0	0	0
MIR4462	0	0	0	0	0	0
MDGA1	56	71	80	95	66	63
ZFAND3	2511	2047	2719	2386	2212	1869
BTBD9	415	386	468	467	452	328
LOC101929425	0	1	0	0	1	0
GLO1	9231	8211	10602	9048	8032	6611
DNAH8	0	0	0	0	0	1
RP1-207H1.3	0	0	0	0	0	0
GLP1R	0	0	0	1	0	0
SAYSD1	447	382	451	397	326	281
KCNK5	454	342	432	345	284	240
KCNK17	0	0	0	0	0	0
KCNK16	0	0	0	0	0	0
KIF6	11	5	14	8	2	7
DAAM2	77	45	72	60	48	39
RP11-61I13.3	2	0	2	3	1	1
MOCS1	189	135	203	188	146	144
LOC102723789	0	0	0	0	0	0
LINC00951	0	0	0	0	0	0
LOC101929515	0	0	0	1	0	0
TDRG1	0	0	0	0	0	0
LRFN2	0	0	0	0	0	0
LOC101929535	0	0	0	0	0	0
LOC101929555	0	0	0	1	1	0
UNC5CL	28	16	22	25	24	20
TSPO2	0	0	3	5	5	1
APOBEC2	15	10	13	11	13	6
OARD1	599	460	599	439	383	348
NFYA	1502	1294	1594	1605	1322	1163
ADCY10P1	13	5	12	15	24	9
TREML1	0	0	0	1	0	0
TREM2	0	0	0	0	0	1
TREML2	0	0	0	2	0	0
TREML3P	1	0	0	1	0	0
TREML4	0	0	1	0	0	1
TREML5P	0	0	0	0	0	0
TREM1	0	2	0	2	0	0
NCR2	0	0	1	0	0	0
LOC100505711	0	0	0	0	0	0
LOC101060264	15	13	23	8	8	8
FOXP4	1081	933	1186	1001	845	727
MIR4641	0	0	0	0	0	0
MDFI	368	366	477	418	301	266
TFEB	168	156	171	128	96	107
PGC	0	0	0	0	0	0
FRS3	100	98	165	149	148	99
PRICKLE4	87	70	68	84	47	45
TOMM6	2251	1997	2555	2289	2039	1681
USP49	485	502	572	565	498	339
MED20	898	768	912	753	673	601
BYSL	1105	893	1192	1060	951	780
CCND3	856	753	913	895	736	575
TAF8	995	868	1045	945	854	666
C6orf132	1715	1536	1832	1342	1211	991
GUCA1A	0	0	0	0	0	0
LOC102723903	0	0	0	0	1	0
LOC102723882	0	0	0	0	0	0
GUCA1B	11	21	16	17	9	8
MRPS10	3345	2965	3928	3268	2792	2264
TRERF1	2923	2679	3254	2690	2407	1893
UBR2	2763	2503	2935	2630	2493	2093
PRPH2	3	0	3	3	1	1
LOC101929618	1	0	0	0	3	0
ATP6V0CP3	1	0	0	1	0	0
TBCC	541	450	590	521	470	355
GLTSCR1L	894	697	887	664	605	469
FLJ38717	52	58	39	60	57	35
RPL7L1	8996	7920	10337	9634	8285	6607
C6orf226	57	43	75	52	58	37
PTCRA	0	0	0	0	0	0
CNPY3	1658	1317	1663	1344	1097	1008
GNMT	19	20	18	8	11	14
PEX6	391	325	387	384	265	220
MEA1	1696	1440	1938	1790	1666	1500
PPP2R5D	3286	2834	3691	3240	2814	2426
KLHDC3	2255	2106	2495	2108	1900	1482
RRP36	1376	1196	1650	1373	1296	1116
CUL7	655	581	775	806	690	530
MRPL2	914	820	1098	1004	756	694
KLC4	491	428	482	438	392	279
PTK7	5779	5169	6373	5723	4965	3781
SRF	2766	2513	3089	2864	2561	2003
CUL9	1269	1153	1406	1284	1154	980
DNPH1	554	490	573	517	452	372
TTBK1	0	0	0	2	0	1
SLC22A7	0	0	0	0	0	0
CRIP3	8	9	21	16	10	14
ZNF318	2007	1624	2001	1808	1682	1406
ABCC10	544	459	546	439	396	330
MIR6780B	0	0	0	1	1	1
DLK2	353	385	431	350	269	272
LOC101929661	7	1	6	2	7	4
TJAP1	1372	1201	1481	1534	1296	1097
LRRC73	10	10	4	6	2	10
YIPF3	1428	1274	1547	1442	1288	1012
POLR1C	804	667	815	792	724	584
XPO5	5033	4410	5711	4970	4583	3558
POLH	1313	996	1348	1246	1054	928
GTPBP2	1695	1440	1883	1608	1451	1215
MAD2L1BP	742	640	846	810	716	571
RSPH9	10	11	4	5	6	4
MRPS18A	928	831	1032	944	790	675
VEGFA	2863	2435	2915	2424	2159	1612
LOC100132354	0	2	3	0	0	0
RP5-1120P11.1	5	2	4	2	0	0
C6orf223	0	2	3	3	1	1
LOC101929683	0	3	0	0	1	4
MRPL14	1177	1096	1476	1164	1033	774
TMEM63B	1640	1375	1726	1499	1258	1130
CAPN11	0	0	0	1	1	0
LOC101929726	0	0	0	0	0	0
SLC29A1	993	894	1123	1003	944	728
HSP90AB1	105463	89466	114670	96699	86675	72658
SLC35B2	1409	1201	1563	1409	1139	1023
MIR4647	0	0	0	0	0	0
NFKBIE	237	195	225	214	193	123
TMEM151B	0	0	0	0	0	0
TCTE1	5	4	4	3	7	3
AARS2	935	809	935	963	896	746
SPATS1	0	0	0	0	0	0
CDC5L	5142	4216	5402	5012	4564	3869
MIR4642	1	2	1	3	0	0
LOC101929770	0	0	0	0	0	0
SUPT3H	389	349	461	339	328	216
MIR586	0	0	0	0	0	0
RUNX2	299	235	279	246	186	133
CLIC5	0	0	2	3	1	2
ENPP4	0	0	0	0	0	0
ENPP5	384	330	412	432	351	286
RCAN2	29	35	34	47	41	27
RP11-795J1.1	0	0	0	0	0	0
CYP39A1	23	22	17	17	14	10
SLC25A27	58	38	45	50	47	37
LOC101926934	0	0	0	0	0	0
TDRD6	6	1	0	2	3	0
PLA2G7	0	0	1	1	1	0
ANKRD66	0	0	0	0	0	0
MEP1A	2	1	0	1	0	1
GPR116	0	1	2	0	4	3
RP3-365O12.2	0	0	0	0	0	0
GPR110	402	349	380	380	340	269
TNFRSF21	1347	1441	1737	1648	1515	1252
CD2AP	7150	6043	7446	6670	6274	5237
GPR111	12	13	11	10	13	18
GPR115	328	290	291	313	277	239
OPN5	0	0	0	1	0	0
PTCHD4	2	2	5	2	3	0
MUT	1822	1684	2058	1676	1681	1275
CENPQ	539	431	487	547	447	410
GLYATL3	0	0	0	2	0	0
C6orf141	105	76	120	77	52	40
RHAG	0	0	0	0	0	0
LOC101926999	0	0	0	0	0	0
CRISP2	0	0	0	0	0	0
CRISP3	75	54	62	59	46	42
PGK2	0	0	0	0	0	0
RP3-417L20.4	0	0	0	0	0	0
RP11-719J20.1	0	0	0	0	0	0
CRISP1	0	0	0	0	0	0
DEFB133	0	0	0	0	0	0
DEFB114	0	0	0	0	0	0
DEFB113	0	0	0	0	0	0
DEFB110	0	0	0	0	0	0
DEFB112	0	0	0	0	0	0
LOC100505985	0	0	0	0	0	0
TFAP2D	0	0	0	1	0	0
TFAP2B	0	0	1	0	0	0
LOC101927082	0	0	0	0	0	0
PKHD1	3	3	1	3	1	0
MIR206	0	0	2	0	0	0
MIR133B	0	0	0	0	0	0
IL17A	0	0	0	0	0	0
LOC102724327	0	0	0	0	0	0
IL17F	0	0	0	0	0	0
MCM3	10662	9174	11797	9991	8869	7373
PAQR8	166	171	180	147	122	109
EFHC1	252	172	214	239	193	152
TRAM2	1890	1629	2141	2141	1868	1538
TRAM2-AS1	112	116	120	113	105	84
LOC730101	199	198	246	158	141	137
TMEM14A	890	743	934	941	859	595
GSTA7P	0	0	0	0	0	0
GSTA2	0	0	0	0	0	0
GSTA1	0	0	0	0	0	0
GSTA5	0	0	0	0	0	0
GSTA3	0	0	0	0	0	0
GSTA4	20	18	16	17	10	11
RN7SK	1251	775	1509	1247	1258	462
ICK	376	321	455	290	253	204
LOC102724620	0	0	0	0	0	0
FBXO9	1421	1225	1487	1259	1298	1049
GCM1	3	3	5	4	0	3
ELOVL5	7647	6533	8312	7194	6413	5462
MIR5685	2	0	0	0	0	0
RPS16P5	2	0	3	0	1	0
GCLC	3778	3183	4110	2759	2422	1955
RP1-27K12.2	4	3	5	5	1	2
RP11-345L23.1	3	4	3	5	1	1
KLHL31	47	36	42	39	34	15
LRRC1	936	844	1003	923	792	646
MLIP-IT1	0	0	0	0	0	0
MLIP	0	0	0	0	2	2
TINAG	0	0	0	0	0	0
FAM83B	1921	1642	1927	1716	1547	1152
HCRTR2	0	2	0	1	0	0
GFRAL	0	0	0	0	0	0
HMGCLL1	0	0	0	0	0	0
BMP5	0	0	1	0	2	3
COL21A1	0	0	3	1	2	2
DST	14373	12241	14982	13461	12140	10048
LOC101930010	0	1	0	5	0	1
BEND6	111	106	139	94	110	71
KIAA1586	539	397	536	469	436	371
ZNF451	2790	2354	2899	2879	2663	2118
RP11-203B9.4	3	1	11	8	6	5
BAG2	1496	1325	1632	1435	1256	1017
RAB23	1431	1166	1559	1497	1306	1076
LOC100506188	0	0	0	0	0	0
PRIM2	1272	1099	1336	1243	1132	852
MIR548U	0	0	0	0	0	0
TRNAI12	0	0	0	0	0	0
TRNAA20_2	0	0	0	0	0	0
TRNAA-AGC_2	0	0	0	0	0	0
TRNAI25_1	0	0	0	0	0	0
TRNAA9	0	0	0	0	0	0
TRNAM5	0	0	1	0	0	0
TRNAA14	0	0	0	0	0	0
LOC101927268	2	1	8	2	4	1
TRNAA30	0	0	0	0	0	0
GUSBP4	35	24	24	30	15	16
LOC100996497	34	35	32	51	52	58
LOC101927293	21	15	24	11	20	5
MTRNR2L9	0	0	0	0	0	0
KHDRBS2	0	0	0	0	0	0
LGSN	12	5	3	25	25	18
PTP4A1	10233	8210	10879	10087	9452	7753
PHF3	5603	4833	5883	5224	4865	3950
EYS	82	50	64	73	59	72
LOC441155	52	60	63	68	79	67
SLC25A51P1	0	0	0	0	0	0
LOC102723883	1	3	0	1	0	3
RP11-406O16.1	0	0	0	0	0	0
LOC102723918	0	0	0	0	0	0
LOC101928307	2	0	3	5	1	2
BAI3	8	11	9	11	16	6
LOC101928330	0	0	0	0	0	0
LMBRD1	1751	1554	1807	1695	1573	1324
COL19A1	0	0	0	0	2	0
COL9A1	0	0	0	0	0	0
RP11-462G2.1	0	4	0	0	2	1
FAM135A	919	837	940	800	706	569
C6orf57	197	189	227	204	184	145
SMAP1	1401	1156	1482	1433	1366	1087
B3GAT2	0	0	0	0	0	0
LOC101928394	0	0	0	0	0	0
OGFRL1	2867	2510	2863	2628	2427	1910
RP11-154D6.1	0	0	5	0	1	0
MIR30C2	0	1	2	0	0	0
MIR30A	0	0	0	0	0	0
LINC00472	87	83	88	84	69	62
LOC102724000	1	0	1	0	0	0
RIMS1	3	1	17	4	12	2
KCNQ5	1472	1353	1796	1073	947	811
KCNQ5-IT1	9	7	9	8	6	1
MIR4282	0	0	0	0	0	0
KCNQ5-AS1	2	2	6	4	0	4
KHDC1L	12	10	14	12	9	6
LOC102724032	1	0	0	0	0	0
KHDC1	171	133	158	126	104	107
C6orf147	91	76	89	65	86	44
DPPA5	0	0	0	0	0	0
KHDC3L	0	0	0	1	0	0
OOEP	1	1	3	1	1	2
DDX43	16	10	13	14	17	19
MB21D1	1793	1590	2098	1915	1740	1342
MTO1	1828	1529	2067	1968	1623	1369
EEF1A1	250560	209028	270905	242744	214495	173656
SLC17A5	616	552	691	665	592	437
LOC101928489	37	37	28	31	27	27
CD109	4874	4501	5459	4970	4647	3599
RP11-554D15.1	0	0	0	0	0	0
COL12A1	5989	5506	7326	8212	7458	6072
COX7A2	3182	2757	3563	3300	3031	2512
TMEM30A	10407	8927	10977	11952	10760	8667
RP1-234P15.4	15	15	25	16	17	22
FILIP1	11	11	15	9	12	6
MIR4463	0	0	0	0	0	0
RP11-415D17.4	0	0	0	0	0	0
SENP6	5091	4297	5522	4816	4396	3882
MYO6	5656	5116	6140	6150	5595	4703
IMPG1	20	4	11	10	10	5
LOC101928570	0	0	0	0	0	0
HTR1B	0	0	0	0	0	0
MEI4	0	0	0	0	2	1
IRAK1BP1	453	371	454	460	434	338
PHIP	9015	7468	9040	9213	8565	7121
HMGN3	2760	2358	2651	2534	2366	2147
HMGN3-AS1	48	35	31	28	35	31
LOC100506851	0	0	0	0	0	0
LOC102724109	0	0	0	1	0	0
LCA5	483	404	455	403	375	317
SH3BGRL2	710	638	739	720	689	541
C6orf7	0	0	0	0	0	0
ELOVL4	1012	909	977	1099	965	824
TTK	4546	3730	4585	4324	3892	3335
BCKDHB	777	624	739	689	611	490
LOC101928714	31	23	20	11	19	22
LOC101928742	0	1	0	3	3	2
FAM46A	992	787	943	840	683	552
LOC101928770	0	0	0	1	0	0
LOC102724168	106	87	115	76	61	59
IBTK	4869	4503	5411	4586	4267	3364
TPBG	1620	1358	1644	1561	1364	1079
UBE3D	149	157	233	168	101	119
DOPEY1	1288	1021	1324	1143	1083	958
PGM3	1118	1076	1293	1231	1090	953
RWDD2A	103	126	118	102	135	93
ME1	2395	2149	2708	2324	2024	1680
PRSS35	1	0	1	2	2	3
SNAP91	37	54	48	45	50	43
RIPPLY2	0	0	0	0	0	0
CYB5R4	1231	1101	1386	1255	1195	975
LOC100506908	0	1	1	2	0	0
MRAP2	5	3	4	9	3	4
KIAA1009	412	314	397	275	246	235
TBX18	2	1	0	0	0	0
LOC102724201	0	0	0	0	0	0
LOC101928820	1	6	0	9	12	2
NT5E	422	372	478	747	602	484
SNX14	3133	2673	3259	3107	2744	2341
SYNCRIP	20287	17799	22374	19039	17688	15314
SNHG5	2972	2720	3393	3044	2663	2290
SNORD50A	0	1	3	0	0	0
SNORD50B	16	4	6	18	16	5
LOC101928842	1	2	1	4	5	1
HTR1E	0	0	0	0	0	0
CGA	0	0	0	0	0	0
LOC101928870	5	17	8	3	6	2
ZNF292	2622	2255	2677	2588	2343	2009
GJB7	104	86	105	134	93	83
SMIM8	282	255	282	239	213	190
C6orf163	14	24	17	17	13	18
C6orf164	4	7	11	15	6	8
C6orf165	14	9	6	14	10	10
SLC35A1	583	469	611	553	530	433
RARS2	1234	1051	1314	1284	1134	985
ORC3	1443	1301	1547	1460	1338	1121
AKIRIN2	1608	1428	1882	1623	1386	1267
LOC101928911	0	0	0	0	0	0
SPACA1	0	0	0	0	0	0
CNR1	28	18	27	25	18	10
LOC101928936	0	1	0	0	0	1
RNGTT	1663	1453	1792	1726	1615	1359
LOC101928958	1	0	2	0	4	0
PNRC1	885	646	735	807	780	695
SRSF12	15	8	13	3	9	5
LOC101929004	99	64	65	82	50	56
PM20D2	2634	2264	2663	2703	2368	1701
GABRR1	30	18	18	21	18	10
GABRR2	4	2	6	10	14	5
UBE2J1	3447	2949	3949	3561	3307	2812
RRAGD	84	71	97	100	106	56
ANKRD6	102	81	152	105	70	61
LYRM2	2325	2023	2491	2294	2184	1812
LOC101929057	1	0	3	2	3	2
MDN1	6927	6234	8085	7618	6842	5750
CASP8AP2	2540	2186	2654	2454	2411	1926
GJA10	0	0	0	1	0	0
BACH2	35	48	51	40	15	22
MIR4464	0	0	0	0	0	0
MAP3K7	2731	2333	2843	2828	2588	2171
MIR4643	0	0	0	0	0	0
CASC6	0	0	0	0	0	0
LOC102724665	0	0	0	0	0	0
EPHA7	119	90	96	121	93	92
TSG1	5	3	5	2	3	3
MANEA-AS1	32	21	22	20	25	15
MANEA	1468	1157	1356	1207	1186	947
FUT9	17	13	14	41	21	28
UFL1	2919	2413	2969	3033	2779	2494
FHL5	0	0	0	0	0	1
GPR63	356	308	369	305	299	250
NDUFAF4	527	427	529	536	412	354
KLHL32	12	10	3	2	12	6
MMS22L	3051	2570	3364	2876	2612	2088
RP1-104O17.1	6	3	4	2	1	1
MIR2113	0	0	0	0	0	0
LOC101927335	0	1	0	1	0	1
POU3F2	16	19	16	18	24	16
FBXL4	634	603	715	601	520	455
MIR548AI	0	0	0	0	0	0
FAXC	258	224	263	272	200	194
COQ3	317	301	344	316	247	202
PNISR	1765	1421	1745	1689	1561	1416
RP11-98I9.4	35	38	34	24	47	27
USP45	462	425	622	557	499	430
TSTD3	90	84	117	67	80	69
CCNC	4546	3900	4749	4697	4148	3391
PRDM13	20	12	26	23	21	17
MCHR2	2	0	4	0	1	0
MCHR2-AS1	0	0	0	0	1	0
SIM1	73	73	94	88	72	51
LOC102724406	0	0	0	0	0	2
ASCC3	7390	6083	7539	7156	6701	5547
LOC102724422	0	1	2	3	1	1
GRIK2	55	54	71	61	57	48
LOC101927388	0	0	1	1	0	0
LOC102724443	0	0	0	0	0	0
HACE1	565	495	537	468	402	375
LINC00577	0	0	0	0	0	0
LIN28B	0	0	0	0	0	0
BVES	110	106	127	104	103	69
BVES-AS1	1	3	2	1	1	3
POPDC3	113	107	131	92	84	83
PREP	1593	1415	1734	1422	1375	1051
LOC102724460	0	0	0	0	0	0
PRDM1	9	6	8	9	10	13
ATG5	1139	1005	1190	1076	937	797
AIM1	2906	2549	2920	2259	2046	1755
LOC101927405	0	0	0	0	0	0
RTN4IP1	334	257	352	361	270	245
QRSL1	844	679	884	937	806	614
RP1-60O19.1	0	0	0	0	0	0
MIR587	0	0	0	0	0	0
CD24	99	84	96	206	200	147
LOC102724492	0	0	0	2	0	0
C6orf203	213	179	206	205	195	171
BEND3	644	563	703	623	478	398
PDSS2	386	399	441	428	396	286
SOBP	121	98	147	122	100	79
SCML4	0	0	0	1	0	0
LOC101927442	0	0	0	0	0	0
SEC63	3169	2602	3420	3283	2924	2670
OSTM1	855	718	841	872	849	631
OSTM1-AS1	0	0	1	0	0	0
NR2E1	55	68	52	96	86	72
SNX3	3487	2947	3874	3487	3220	2701
LACE1	191	140	184	164	139	134
FOXO3	2748	2339	2940	2620	2392	1921
LINC00222	2	2	6	4	0	0
ARMC2	44	41	46	40	25	27
ARMC2-AS1	0	0	1	0	1	0
SESN1	415	345	462	408	402	274
CEP57L1	527	447	543	526	470	389
LOC100996634	222	152	185	175	183	120
CCDC162P	16	12	17	12	9	14
LOC101927538	2	0	2	0	0	0
CD164	6230	5039	6349	6085	5522	4551
PPIL6	24	30	36	13	7	15
SMPD2	154	138	171	111	140	113
MICAL1	128	162	173	228	161	158
ZBTB24	694	621	768	679	583	493
AK9	81	71	99	52	56	45
FIG4	250	210	310	187	227	190
GPR6	0	0	0	0	0	0
WASF1	1143	958	1130	1290	1119	884
CDC40	1305	1196	1426	1345	1263	1006
METTL24	0	0	0	0	0	0
LOC102724586	0	0	0	0	0	0
DDO	1	4	4	0	2	2
SLC22A16	0	0	0	2	0	0
CDK19	840	754	873	801	729	601
AMD1	4731	4268	5016	3937	3558	2998
GTF3C6	1503	1211	1635	1627	1387	1196
RPF2	1683	1415	1824	1710	1613	1232
GSTM2P1	0	0	0	0	0	1
SLC16A10	23	29	27	14	18	20
KIAA1919	289	236	311	292	270	215
REV3L	1538	1280	1696	1587	1498	1237
TRAF3IP2-AS1	122	92	107	88	109	76
TRAF3IP2	449	380	532	465	378	358
FYN	349	313	411	416	376	294
LOC102724705	0	0	0	0	0	0
LOC102724646	0	4	0	1	0	0
WISP3	1	0	1	1	0	4
TUBE1	385	351	457	405	319	283
FAM229B	62	72	69	48	51	46
LAMA4	11	4	16	7	8	5
RP11-506B6.6	0	0	0	0	0	0
RFPL4B	0	1	1	0	1	0
LOC101927664	0	0	0	0	0	0
LOC102724704	0	0	0	0	0	0
LOC101927686	17	11	9	9	2	9
MARCKS	2600	2289	2830	2149	1819	1491
RP1-249H1.4	0	0	1	0	1	0
FLJ34503	0	0	0	2	0	1
HDAC2	5575	4746	5923	5414	5025	4335
RP3-399L15.3	5	4	6	3	5	2
HS3ST5	0	1	3	1	0	1
LOC101927794	0	0	0	0	0	0
FRK	451	377	399	417	333	266
LOC101927818	0	0	0	0	0	0
TPI1P3	28	42	34	37	29	50
NT5DC1	1302	1040	1292	1262	1110	939
COL10A1	4	0	6	2	0	3
TSPYL4	607	478	531	471	467	435
TSPYL1	3042	2391	3126	3124	2728	2268
DSE	1818	1624	1934	1907	1640	1370
LOC100287467	26	13	15	17	11	6
FAM26F	0	1	0	1	0	1
TRAPPC3L	0	0	0	0	0	1
FAM26E	2	1	2	1	0	0
FAM26D	0	1	0	0	0	0
RWDD1	771	642	812	738	689	546
RSPH4A	4	9	5	3	7	7
ZUFSP	678	556	653	662	572	523
KPNA5	410	377	392	386	408	339
FAM162B	0	0	1	1	0	1
GPRC6A	4	3	2	5	5	3
RFX6	0	4	2	2	5	4
VGLL2	4	3	4	21	9	7
ROS1	0	0	0	0	0	3
DCBLD1	243	192	255	253	201	177
GOPC	1742	1507	1754	1607	1517	1285
LOC101927919	16	4	8	10	4	4
NUS1	2495	2165	2709	2449	2245	1784
SLC35F1	0	0	1	1	0	0
LOC102724896	0	0	0	0	0	0
CEP85L	111	105	129	122	101	70
BRD7P3	1	0	1	0	4	0
PLN	0	0	0	0	1	1
LOC101927940	0	0	0	0	0	0
LOC100287632	0	0	0	0	0	1
MCM9	533	462	573	459	443	334
ASF1A	1044	873	1015	1195	1061	840
FAM184A	47	38	62	42	31	31
MIR548B	0	0	0	0	0	0
MAN1A1	134	96	125	118	87	83
LOC285762	0	0	0	0	0	0
LOC101927959	1	0	1	0	0	0
MIR3144	0	0	0	0	0	0
TBC1D32	280	258	302	269	235	214
GJA1	357	321	399	238	198	150
HSF2	606	519	658	611	557	432
SERINC1	3960	3344	4160	4277	3804	3129
PKIB	37	25	38	29	32	27
FABP7	0	0	0	0	1	0
SMPDL3A	98	75	91	96	83	83
LOC102724729	0	0	0	0	0	0
CLVS2	0	0	0	0	0	0
TRDN	2	0	0	0	0	0
RP11-532N4.2	0	0	0	0	0	0
NKAIN2	0	1	0	4	0	2
STL	10	0	6	3	6	5
RNF217	623	539	600	469	418	359
TPD52L1	891	760	859	692	683	505
LOC100126584	0	0	0	0	2	0
HDDC2	681	656	692	661	636	545
LOC102723327	0	3	1	3	2	1
LOC102723341	0	0	0	0	0	0
RP1-293L8.2	0	0	0	0	0	0
HEY2	8	7	9	3	6	4
TRNAE19	0	0	0	0	0	0
NCOA7	1409	1156	1304	1190	1099	871
HINT3	790	631	848	649	621	514
TRMT11	514	419	475	509	455	323
LOC102723353	6	2	6	8	5	4
LOC101928096	6	5	4	3	7	3
CENPW	532	445	595	465	454	376
MIR588	0	0	0	0	0	0
RSPO3	2	0	1	0	1	0
RNF146	469	392	450	505	427	363
ECHDC1	1403	1172	1489	1438	1317	1093
SOGA3	3	5	9	9	8	11
KIAA0408	0	0	0	0	0	0
LOC101928121	0	1	0	0	0	0
C6orf58	3	0	3	4	2	1
THEMIS	0	0	0	0	0	0
PTPRK	0	0	0	0	0	0
RP11-103C16.2	0	0	0	0	0	0
LAMA2	140	119	159	148	143	91
LOC102723409	0	0	0	2	1	0
ARHGAP18	786	632	820	818	703	652
TMEM244	0	0	0	0	0	0
L3MBTL3	436	361	440	375	329	315
SAMD3	0	0	0	0	0	0
TMEM200A	1	2	5	3	6	4
SMLR1	1	0	1	1	1	0
EPB41L2	2465	2171	2778	2607	2474	2089
LOC102723445	0	0	0	0	0	0
AKAP7	239	190	267	198	187	174
ARG1	1	0	1	4	0	0
MED23	984	825	1083	1039	918	770
ENPP3	3	2	1	2	1	4
OR2A4	0	0	0	0	0	0
CTAGE9	4	6	5	6	6	3
MIR548H5	0	0	0	0	0	0
ENPP1	131	116	162	141	131	120
CTGF	184	151	171	297	299	231
MIR548AJ1	0	0	0	0	0	0
LINC01013	0	0	0	0	0	0
MOXD1	36	34	41	28	34	18
STX7	1236	1065	1256	1243	1102	852
TAAR9	0	0	0	0	0	0
TAAR8	0	0	0	0	0	1
TAAR6	0	0	0	0	0	0
TAAR5	0	0	0	0	0	0
TAAR3	0	0	0	0	0	0
TAAR2	0	0	0	0	0	0
TAAR1	0	0	0	1	0	0
VNN1	0	0	3	3	1	2
VNN3	0	0	0	0	0	0
VNN2	0	0	0	0	0	0
SLC18B1	722	684	789	771	649	580
RPS12	12217	11454	13883	13265	11439	9606
SNORD101	5	12	14	16	5	2
SNORD100	3	4	4	4	4	2
SNORA33	14	8	14	12	12	14
LINC00326	0	0	0	0	0	0
LOC102724752	0	0	0	0	0	0
EYA4	4	3	3	2	9	1
RP3-323P13.2	6	2	4	10	3	6
MGC34034	3	4	1	0	0	0
TCF21	0	0	0	0	1	0
TBPL1	492	397	501	529	434	418
SLC2A12	68	94	102	78	94	70
HMGA1P7	0	0	0	0	0	0
SGK1	482	552	591	695	601	562
LOC102723463	0	0	0	0	0	0
LOC101928231	0	0	2	0	0	0
LINC01010	5	5	3	2	7	2
LOC101928249	0	0	0	0	0	0
RP11-557H15.4	0	0	0	0	0	0
LOC101928277	0	0	0	0	0	0
ALDH8A1	0	3	4	11	7	2
HBS1L	2174	1866	2299	2356	2088	1682
MIR3662	1	0	3	0	0	0
MYB	50	46	48	27	33	23
MIR548A2	0	0	0	0	0	0
AHI1	553	496	581	501	502	421
LINC00271	3	6	2	1	8	3
LOC101928326	0	0	0	0	0	0
PDE7B	2	3	5	2	1	2
LOC101928373	0	1	1	0	1	0
RP13-143G15.3	0	0	0	0	0	0
MTFR2	302	267	334	284	292	196
BCLAF1	8271	6741	8722	8156	7736	6661
MAP7	1444	1191	1465	1393	1214	1048
MAP3K5	59	56	51	64	48	44
RP3-325F22.3	0	0	0	0	0	0
LOC101928429	0	0	0	0	0	0
PEX7	92	58	112	81	70	74
SLC35D3	0	0	0	2	3	3
NHEG1	0	0	0	0	0	0
IL20RA	32	18	37	30	15	20
IL22RA2	0	0	1	0	1	1
IFNGR1	1631	1342	1525	1609	1468	1250
LOC102723633	0	0	0	0	0	0
OLIG3	0	0	0	0	0	0
LOC102723649	8	3	5	5	5	6
RP11-356I2.4	18	12	11	24	23	25
TNFAIP3	947	847	962	1182	1114	882
PERP	10366	9094	10686	11045	9937	8377
KIAA1244	933	820	1009	1019	890	753
PBOV1	0	0	0	1	1	0
HEBP2	1019	905	1117	1063	877	691
NHSL1	743	674	889	859	737	552
MIR3145	0	0	0	0	1	0
FLJ46906	44	23	24	26	28	11
LOC100507462	21	20	26	27	18	20
CCDC28A	289	278	325	338	309	247
ECT2L	16	9	14	15	18	5
REPS1	1476	1212	1651	1423	1206	1043
ABRACL	1219	948	1235	1111	990	878
HECA	812	741	770	759	650	520
TXLNB	0	0	0	0	0	0
LOC102723690	0	0	0	0	0	0
CITED2	1018	758	841	823	791	595
RP11-12A2.3	0	0	0	0	0	0
LOC100132735	0	0	0	0	0	0
RP3-332B22.1	0	0	0	0	0	0
MIR3668	0	0	0	0	0	0
MIR4465	0	0	0	0	0	0
LOC102723724	6	5	18	7	5	3
NMBR	1	0	0	0	0	0
VTA1	2146	1770	2104	1914	1870	1525
GPR126	3163	2524	3123	2810	2540	2052
RP11-440G9.1	0	0	0	0	2	0
HIVEP2	1197	939	1122	1225	1105	845
RP11-439L18.3	1	9	1	1	0	1
AIG1	680	591	680	608	520	422
ADAT2	283	249	252	205	174	154
PEX3	572	416	567	616	487	390
FUCA2	2925	2519	3273	3012	2661	2100
RP11-436I24.1	1	1	5	1	2	1
PHACTR2	1570	1323	1745	1659	1477	1163
LTV1	1101	968	1278	1113	1011	865
ZC2HC1B	0	0	0	2	0	0
PLAGL1	758	623	747	963	790	678
HYMAI	2	8	4	0	1	0
SF3B5	939	845	1165	967	832	660
STX11	19	15	6	6	9	4
TRNAL29	0	0	0	0	0	0
UTRN	974	826	1088	1001	896	705
TRNAQ32	0	0	0	0	0	0
EPM2A	95	105	127	104	94	93
RP11-545I5.3	8	7	6	9	14	3
FBXO30	882	756	849	773	720	534
SHPRH	757	612	740	702	603	549
LOC101928598	2	1	2	2	0	2
GRM1	4	2	2	4	5	3
RAB32	259	224	349	310	255	181
RP11-715G15.1	0	0	0	0	0	0
ADGB	0	0	0	0	0	0
KATNBL1P6	6	15	10	12	8	17
STXBP5-AS1	7	13	13	4	3	7
STXBP5	1231	1010	1251	1268	1231	1036
SAMD5	91	83	84	160	120	110
SASH1	502	396	476	521	488	371
UST	269	194	280	276	233	182
RP11-162J8.2	0	1	0	0	0	1
LOC101928683	0	1	1	1	2	4
TAB2	2922	2420	3205	2968	2737	2160
SUMO4	5	2	3	5	3	8
ZC3H12D	3	0	4	2	2	0
PPIL4	1320	1099	1357	1334	1274	1015
GINM1	1241	1076	1325	1213	1093	909
RPS18P9	138	169	138	124	128	154
KATNA1	673	491	683	585	473	439
LATS1	2478	2029	2527	2333	2222	1737
LOC645967	2	2	5	6	5	4
NUP43	2112	1859	2413	2284	2097	1717
PCMT1	2236	1970	2535	2408	2240	1741
LRP11	1940	1731	2021	1692	1571	1240
RAET1E-AS1	0	0	0	0	0	2
RAET1E	65	70	56	31	42	38
RAET1G	2	10	9	3	11	4
ULBP2	289	281	287	344	295	243
ULBP1	97	76	99	93	88	66
RAET1K	8	15	20	16	20	14
RAET1L	13	5	5	1	8	6
ULBP3	114	93	123	111	131	88
PPP1R14C	95	106	121	133	111	93
IYD	0	0	0	0	0	0
PLEKHG1	71	69	119	87	92	68
MTHFD1L	3583	3235	4195	3162	2757	2221
LOC102723831	0	0	0	0	0	0
AKAP12	4042	4093	5490	5897	5431	4223
ZBTB2	1380	1231	1664	1313	1242	993
RMND1	301	251	338	288	273	199
C6orf211	1116	953	1205	1154	1037	803
CCDC170	10	3	1	4	9	6
ESR1	260	222	280	258	234	216
SYNE1	83	60	91	83	77	50
MYCT1	1	0	2	0	0	1
VIP	0	0	0	0	0	0
FBXO5	1037	803	1034	1056	883	785
MTRF1L	591	540	664	636	644	521
RGS17	52	60	63	42	41	26
LOC100996290	0	0	0	0	0	0
OPRM1	3	0	4	4	3	1
IPCEF1	3	2	0	1	0	2
CNKSR3	65	77	88	61	88	62
LOC101928868	8	6	9	5	13	1
SCAF8	2419	1998	2535	2392	2256	1907
MIR1273C	0	1	0	0	0	0
TIAM2	7	18	18	27	12	12
LOC101928899	0	0	0	3	2	0
TFB1M	133	96	126	121	111	100
CLDN20	1	1	3	6	5	4
NOX3	0	0	0	0	0	0
LOC101928923	0	1	0	0	0	0
MIR1202	0	0	0	0	0	0
ARID1B	3303	2635	3455	3008	2875	2259
MIR4466	0	0	0	0	0	0
TMEM242	543	460	539	560	516	433
LOC101928946	8	3	9	11	5	3
ZDHHC14	255	204	283	311	259	204
MIR3692	1	0	0	0	0	0
SNX9	2309	2088	2553	2321	2191	1708
SYNJ2	1634	1485	1962	2042	1775	1462
SYNJ2-IT1	0	0	0	0	1	0
SERAC1	148	128	191	191	142	133
GTF2H5	643	556	701	728	626	582
TULP4	1351	1137	1494	1296	1212	945
TMEM181	2795	2239	2892	2882	2549	2131
MIR7161	19	16	14	18	15	11
DYNLT1	1245	1097	1427	1215	1115	1000
SYTL3	15	21	13	20	14	12
MIR3918	0	0	0	0	0	0
EZR	6046	5385	7207	7144	6148	5377
EZR-AS1	0	0	0	0	1	1
OSTCP1	1	0	2	4	2	0
C6orf99	6	2	4	8	5	6
RSPH3	193	162	194	221	204	161
TAGAP	4	1	2	4	3	3
LOC101929094	0	0	0	0	0	0
RP11-13P5.2	0	0	0	0	0	0
FNDC1	0	0	0	0	0	0
LOC102724053	0	0	0	0	0	0
LOC101929142	0	0	0	0	0	0
FLJ27255	0	0	0	0	1	0
SOD2	2670	2563	3159	2586	2446	1997
WTAP	2713	2095	2794	2704	2404	2061
LOC100129518	4	4	5	3	5	7
ACAT2	542	548	719	745	595	487
TCP1	11227	9450	12437	11242	10083	8234
SNORA20	5	3	4	12	6	4
SNORA29	7	2	6	11	9	6
MRPL18	1573	1246	1659	1438	1273	1124
PNLDC1	5	2	7	8	10	6
MAS1	0	0	0	1	1	2
IGF2R	4605	4078	5069	4825	4429	3636
AIRN	0	0	0	0	0	0
LOC729603	27	34	33	35	25	27
SLC22A1	9	7	5	15	13	12
SLC22A2	0	0	0	1	0	2
SLC22A3	13	20	26	14	14	19
LPAL2	35	33	29	45	48	49
LPA	0	1	2	2	0	1
PLG	1	1	3	0	1	0
LOC102724087	0	0	0	0	0	0
MAP3K4	1133	986	1411	1061	972	785
AGPAT4	220	220	285	226	196	177
AGPAT4-IT1	7	8	6	4	10	2
PARK2	11	15	6	6	4	4
PACRG	2	1	1	0	1	1
RP1-257A15.1	0	0	0	0	0	0
LOC729658	0	0	0	0	0	0
PACRG-AS1	0	0	0	0	0	0
DKFZp451B082	1	0	0	0	0	0
CAHM	8	11	3	8	10	6
QKI	4470	3713	4495	3905	3649	2868
LOC102724152	0	0	0	0	0	0
C6orf118	3	2	0	0	0	0
PDE10A	59	48	77	67	81	52
LINC00473	9	4	5	11	4	7
LINC00602	0	0	0	0	0	0
T	1	0	0	0	1	0
PRR18	7	5	15	5	6	3
SFT2D1	1177	960	1266	1162	1009	842
LOC102724169	13	18	20	23	14	23
LOC100289495	12	7	22	21	21	8
MPC1	266	250	278	242	236	221
RPS6KA2	25	22	26	45	29	22
RPS6KA2-IT1	0	0	0	0	1	0
MIR1913	0	0	0	0	0	0
RPS6KA2-AS1	0	1	0	0	0	0
RNASET2	174	136	150	164	156	111
MIR3939	2	2	7	10	6	1
FGFR1OP	377	320	463	486	444	358
CCR6	9	4	8	12	14	8
GPR31	0	0	0	0	0	0
TCP10L2	0	0	0	0	0	0
LOC102724205	0	0	0	0	0	0
LOC102724220	0	0	0	0	0	0
UNC93A	0	0	0	0	0	0
TTLL2	3	5	6	0	3	0
TCP10	0	0	0	0	0	0
LOC401286	0	0	0	0	0	0
C6orf123	0	0	0	0	0	0
LOC441179	2	0	0	0	0	0
MLLT4-AS1	18	10	24	19	17	15
MLLT4	3697	3273	4129	3892	3527	2933
LOC101929844	4	3	5	1	6	5
HGC6.3	0	0	0	2	0	0
KIF25-AS1	0	0	0	1	1	0
KIF25	0	0	0	0	1	0
FRMD1	0	0	0	2	0	0
RP11-503C24.4	0	0	0	0	0	0
DACT2	0	0	0	0	0	0
SMOC2	4	2	3	4	4	3
LOC101929442	2	0	0	2	0	0
LOC101929460	0	0	1	0	0	0
LOC102724357	0	0	0	0	0	0
LOC101929484	6	6	10	17	3	5
RP11-417E7.2	1	3	4	3	5	5
LOC101929523	23	16	21	31	20	25
THBS2	43	15	32	51	38	34
DKFZp686L13185	28	26	34	24	27	17
WDR27	308	234	313	270	230	194
C6orf120	708	638	816	732	678	588
PHF10	619	554	644	603	555	476
TCTE3	0	0	0	0	0	0
ERMARD	0	0	0	0	0	0
LINC00242	0	0	0	0	0	0
LINC00574	0	0	0	0	0	0
LOC100131532	0	0	0	0	0	2
LOC102724475	0	2	0	1	2	0
LOC101929614	70	93	72	83	54	61
LOC102724511	5	0	3	4	10	2
RP5-1086L22.1	0	0	0	0	1	0
FLJ38122	0	1	1	1	0	0
DLL1	0	0	1	0	0	0
FAM120B	0	0	0	0	0	0
MIR4644	0	0	0	0	0	0
LOC101929670	0	0	0	0	0	0
LOC101929891	0	0	0	0	0	0
PSMB1	2753	2510	3143	3047	2686	2222
TBP	548	468	617	538	508	385
PDCD2	1328	1227	1552	1405	1227	1040
LOC101929692	0	0	0	1	0	0
LOC102723872	0	0	0	1	0	0
LOC102723672	0	0	0	0	0	0
LOC100507642	0	0	0	0	0	0
FAM20C	174	163	230	159	136	134
LOC100996433	2	6	3	2	6	4
WI2-2373I1.2	0	0	0	1	0	0
AC226118.1	2	2	0	5	0	0
LOC100131372	5	3	5	3	3	3
PDGFA	646	561	666	553	461	381
FLJ44511	22	13	31	36	16	17
PRKAR1B	920	809	1023	1007	850	750
LOC101927000	0	1	3	3	1	1
AC147651.4	0	0	0	0	0	0
HEATR2	905	727	989	809	683	607
SUN1	3061	2491	3184	2771	2459	2133
LOC102723743	0	2	4	2	3	1
GET4	666	630	742	667	605	451
ADAP1	457	406	426	293	299	210
COX19	279	265	302	291	263	231
CYP2W1	46	39	31	11	5	2
C7orf50	656	658	867	718	575	467
MIR339	0	0	0	0	0	0
GPR146	8	7	7	7	5	8
GPER1	71	77	72	73	60	48
LOC102723758	2	4	1	1	2	1
ZFAND2A	86	65	85	81	91	72
AC091729.9	194	179	188	208	163	159
UNCX	0	0	0	0	0	0
MICALL2	350	302	398	415	288	249
INTS1	2093	1882	2508	2271	1967	1621
MAFK	196	176	229	186	162	135
LOC100128653	13	10	14	11	9	16
TMEM184A	334	268	310	313	297	245
PSMG3	436	419	516	428	317	321
PSMG3-AS1	45	38	33	45	36	26
TFAMP1	7	14	10	17	16	28
LOC102723800	0	0	0	0	0	0
ELFN1	4	4	0	1	2	0
LOC401296	0	0	0	0	0	0
LOC101927125	0	0	0	0	0	0
MAD1L1	446	386	477	437	425	383
LOC100128374	0	0	0	1	0	1
MIR4655	0	0	0	0	0	0
FTSJ2	716	604	793	778	625	540
NUDT1	193	178	225	212	214	195
SNX8	383	354	487	458	442	314
MIR6836	0	0	0	0	0	0
EIF3B	6320	5355	7157	6264	5237	4572
CHST12	220	213	244	297	196	168
LOC101927181	41	25	25	31	34	22
LFNG	100	184	209	188	145	155
MIR4648	0	0	0	0	0	0
BRAT1	392	409	464	493	421	343
IQCE	509	406	534	532	453	359
TTYH3	1775	1606	1960	1729	1557	1186
AMZ1	4	5	8	12	18	9
GNA12	1186	1081	1351	1248	1054	829
LOC102723871	0	0	0	0	1	0
CARD11	389	326	413	436	422	328
LOC101927256	1	0	1	0	0	0
LOC102723892	0	0	0	2	0	0
LOC100129603	0	0	0	0	0	0
SDK1	40	53	82	55	66	34
FOXK1	2179	1968	2618	2146	1859	1286
AP5Z1	192	207	229	262	216	187
MIR4656	2	1	0	0	0	0
RADIL	42	42	56	36	31	23
PAPOLB	0	2	1	0	4	0
MMD2	0	0	0	0	0	0
RNF216P1	132	125	170	155	91	105
RBAK-RBAKDN	0	0	0	0	0	0
RBAK	846	738	912	995	869	716
RBAKDN	0	0	0	0	0	0
ZNF890P	0	2	0	1	1	3
WIPI2	1238	1067	1297	1229	1201	902
SLC29A4	14	25	18	23	19	8
TNRC18	3905	3568	4287	3804	3370	2764
FBXL18	731	657	802	804	735	577
MIR589	1	2	3	4	0	1
ACTB	89544	78755	102749	87167	74586	61240
FSCN1	5999	5545	7166	6543	5403	4195
RNF216	868	793	1024	884	830	676
RNF216-IT1	0	0	0	0	0	0
LOC101927301	0	0	0	2	0	0
MIR6874	0	1	0	0	0	0
ZNF815P	39	27	42	26	33	16
OCM	0	0	2	1	0	0
CCZ1	468	410	470	446	400	296
RSPH10B	0	2	2	3	5	7
PMS2	476	438	553	540	580	420
AIMP2	480	390	527	477	387	255
EIF2AK1	3209	2706	3565	3363	2891	2444
ANKRD61	14	13	11	15	19	6
USP42	659	522	713	557	443	426
CYTH3	1838	1731	2209	2180	2014	1486
FAM220A	437	378	529	460	398	373
RAC1	9299	7704	9761	8976	8111	6539
DAGLB	338	312	432	386	296	259
KDELR2	6789	5998	7220	7641	6568	5224
GRID2IP	7	4	8	5	3	4
LOC101927325	1	1	4	0	0	2
ZDHHC4	891	793	1041	888	819	696
C7orf26	348	313	417	412	350	278
ZNF853	103	112	176	150	153	98
ZNF316	1203	983	1249	1205	996	772
ZNF12	1074	920	1140	1013	976	741
LOC102723953	3	2	2	3	5	0
PMS2CL	78	68	96	89	86	75
RSPH10B2	0	1	0	0	0	3
LOC102723965	0	3	5	2	0	2
CCZ1B	382	313	370	353	322	290
MIR3683	0	0	0	0	0	0
LOC100131257	5	5	3	3	5	3
C1GALT1	502	377	448	552	455	395
LOC101927354	0	0	0	0	0	1
COL28A1	59	38	62	59	60	45
RP5-1159O4.2	25	18	20	28	30	16
MIOS	837	709	790	789	748	608
RPA3	1001	885	1124	961	804	665
RPA3-AS1	364	328	373	361	291	240
AC009473.1	0	2	2	2	2	1
GLCCI1	131	102	148	148	152	105
ICA1	152	125	149	107	123	104
LOC100505938	0	3	3	0	0	1
NXPH1	1	0	2	4	0	0
LOC102723978	0	0	0	0	0	0
PER4	0	0	0	0	0	0
LOC100131472	0	0	0	0	0	0
NDUFA4	1944	1827	2298	2122	1940	1437
PHF14	1616	1278	1635	1731	1566	1357
THSD7A	0	0	0	0	2	0
TMEM106B	1768	1491	1643	1572	1578	1389
VWDE	513	497	596	422	384	348
SCIN	8	13	6	10	4	17
ARL4A	452	319	488	385	359	319
ETV1	122	106	109	157	119	101
DGKB	0	0	0	1	0	0
AGMO	0	0	1	0	0	3
MEOX2	0	0	0	0	0	0
AC005550.4	1	0	0	0	0	0
LOC101927558	0	0	0	0	0	0
ISPD	25	34	15	32	35	25
ISPD-AS1	0	1	0	2	5	2
SOSTDC1	0	0	0	0	0	1
LRRC72	0	0	0	0	0	0
ANKMY2	770	699	880	776	698	613
BZW2	2741	2496	3035	2645	2494	2065
LOC101927585	7	3	15	3	3	6
TSPAN13	1621	1406	1714	1840	1720	1396
AGR2	9	7	7	11	7	15
AGR3	0	0	0	0	0	0
LOC101927609	0	1	0	2	1	1
AHR	1587	1287	1429	1255	1306	953
LOC102659288	0	0	0	0	0	0
AC017060.1	1	0	0	0	0	0
SNX13	1673	1539	1832	1739	1538	1351
PRPS1L1	2	0	1	0	2	0
HDAC9	95	74	100	113	115	90
MIR1302-6	0	0	0	0	0	0
LOC102724098	0	0	1	0	0	0
LOC102724089	0	0	0	0	0	0
TWIST1	80	110	110	88	92	84
LOC102724115	0	0	0	0	0	0
FERD3L	0	0	0	0	0	0
TWISTNB	1570	1555	1751	1791	1686	1358
MIR3146	0	2	0	0	1	0
TMEM196	0	0	0	0	0	0
AC005062.2	0	0	0	2	1	0
MACC1	344	302	414	532	437	383
MACC1-AS1	0	0	0	0	0	0
LOC100506098	25	21	24	38	34	31
AC099342.1	0	0	0	0	0	0
LOC101927811	18	9	20	16	15	14
ITGB8	1948	1720	1838	1457	1411	1091
ABCB5	0	0	2	0	0	0
SP8	103	81	116	29	30	21
RPL23P8	129	152	160	163	134	202
SP4	588	444	610	473	447	372
MIR1183	0	0	0	0	0	0
DNAH11	43	38	41	32	32	26
CDCA7L	1284	1079	1485	1253	1101	944
LOC102724143	3	2	3	4	5	2
RAPGEF5	863	821	997	733	653	562
STEAP1B	5	6	3	3	1	0
AC002480.3	0	1	0	8	5	1
LOC102724162	0	0	0	0	0	0
LOC401312	0	0	0	0	0	0
IL6	30	20	29	38	39	29
TOMM7	1647	1517	1846	1680	1315	1150
LOC101927841	205	206	272	182	206	157
SNORD93	19	10	17	12	8	8
FAM126A	2938	2420	3018	3165	2926	2364
KLHL7-AS1	38	28	26	33	28	26
KLHL7	1116	971	1117	1230	1128	939
NUPL2	898	734	913	906	812	583
LOC101927890	0	0	0	1	2	0
GPNMB	1271	1143	1348	1074	1034	838
MALSU1	282	271	348	280	245	239
IGF2BP3	893	692	943	819	755	607
RPS2P32	4	1	4	6	3	5
TRA2A	2278	1938	2302	2488	2233	1941
CLK2P	8	8	5	8	4	11
CCDC126	129	120	149	180	145	93
FAM221A	26	16	34	25	30	15
STK31	58	44	57	55	57	39
NPY	0	0	0	0	0	0
MPP6	794	663	931	764	747	563
DFNA5	142	155	198	172	164	96
OSBPL3	1024	879	1140	941	837	706
CYCS	5398	4623	5807	5719	5341	4148
C7orf31	83	74	88	87	77	52
NPVF	0	0	0	0	0	0
LOC646588	5	2	4	11	5	2
LOC100506236	0	0	0	0	0	0
MIR148A	0	0	0	0	0	0
NFE2L3	339	295	431	177	212	184
LOC101928025	1	3	2	9	7	2
HNRNPA2B1	45806	38394	48107	42233	37636	33961
CBX3	8086	7193	8874	8334	7492	6259
SNX10	585	509	641	573	490	435
LOC101930332	7	12	4	11	10	14
LOC441204	1	1	1	2	1	2
KIAA0087	0	0	0	0	0	0
LOC100506289	0	0	0	0	1	0
LOC101928077	4	1	1	4	3	3
C7orf71	0	0	0	0	0	0
SKAP2	1663	1352	1577	1675	1453	1257
HOXA1	169	160	193	229	217	190
HOTAIRM1	149	154	186	165	112	116
HOXA2	137	118	147	156	133	120
HOXA3	241	202	224	310	279	220
HOXA-AS2	62	38	70	77	53	45
HOXA4	110	112	120	94	118	72
HOXA-AS3	4	3	5	6	5	4
HOXA5	179	154	193	219	222	158
HOXA6	46	21	22	32	31	11
HOXA7	78	64	99	71	69	71
HOXA10-HOXA9	0	0	0	0	0	0
HOXA9	24	20	21	22	20	11
HOXA10-AS	12	15	18	19	20	16
MIR196B	0	0	0	0	0	0
HOXA10	341	344	396	359	295	282
HOXA11	137	140	147	120	128	102
HOXA11-AS	34	40	41	47	33	30
HOXA13	24	25	20	27	16	20
HOTTIP	0	0	1	4	2	5
EVX1	0	0	0	1	0	0
LOC102724477	0	0	0	0	0	0
HIBADH	974	913	1146	926	819	696
TAX1BP1	3106	2722	3291	3142	2967	2701
JAZF1	226	231	319	244	202	192
JAZF1-AS1	3	0	0	0	0	1
CREB5	105	104	141	118	112	86
TRIL	1	3	4	3	2	0
LOC100506497	0	0	0	0	1	0
CPVL	557	429	529	640	607	501
LOC101928168	0	0	0	0	0	0
LOC644086	6	10	11	15	3	13
CHN2	37	41	35	31	49	31
LOC102724484	0	0	0	1	0	0
PRR15	98	92	82	24	27	23
LOC646762	316	247	293	249	245	189
LOC102724549	0	0	0	0	0	0
MIR550A3	0	0	0	0	0	0
ZNRF2P2	0	0	0	0	0	0
DPY19L2P3	3	1	1	8	3	2
LOC102724565	0	1	0	2	1	0
LOC101928208	0	0	0	0	0	1
WIPF3	144	104	146	103	111	78
SCRN1	3560	3024	3949	3633	3021	2456
FKBP14	802	734	876	806	765	582
PLEKHA8	737	652	741	722	645	523
MTURN	63	81	99	127	89	98
ZNRF2	616	550	723	618	581	464
MIR550B1	0	0	0	0	0	0
MIR550A1	0	0	0	0	0	0
DKFZP586I1420	131	100	168	114	97	79
LINC01176	19	14	19	19	23	12
NOD1	172	199	199	164	109	133
LOC101928268	0	2	6	2	0	3
GGCT	1859	1560	1975	1851	1682	1419
LOC401320	58	61	77	69	54	55
GARS	4994	4548	5735	3940	3634	2930
CRHR2	15	12	12	6	11	8
INMT-FAM188B	0	0	0	0	0	0
INMT	0	4	2	4	4	1
FAM188B	1	1	0	0	0	0
AQP1	6	0	0	10	4	5
GHRHR	0	0	0	0	0	0
ADCYAP1R1	0	0	0	0	0	0
LOC101928310	0	0	0	0	0	0
NEUROD6	0	0	0	0	0	0
CCDC129	0	0	1	0	0	0
PPP1R17	0	0	0	0	0	0
PDE1C	16	9	18	18	12	8
LOC100130673	12	11	9	5	7	12
LSM5	1328	1096	1382	1324	1103	943
AVL9	790	709	904	730	695	605
DPY19L1P1	30	29	29	27	34	34
ZNRF2P1	12	22	25	13	14	13
MIR550B2	0	0	0	0	0	0
MIR550A2	0	0	0	0	0	0
LINC00997	109	91	116	104	110	93
LOC102724668	1	3	0	4	2	4
KBTBD2	1074	876	1171	1106	998	830
RP9P	90	76	113	61	78	56
FKBP9	1952	1643	2182	1907	1635	1400
NT5C3A	1082	922	1201	1042	1083	825
LOC101928355	3	0	1	0	0	0
RP9	50	64	72	70	55	59
BBS9	104	62	73	95	63	55
FLJ20712	0	0	0	0	0	0
BMPER	9	10	7	4	6	6
NPSR1-AS1	0	0	0	0	1	0
NPSR1	3	4	1	2	5	4
DPY19L1	1293	1108	1288	1246	1155	893
MIR548N	0	0	0	1	0	0
LOC102724723	0	1	0	0	1	0
DPY19L2P1	30	37	34	39	34	19
TBX20	0	0	0	0	0	0
LOC401324	0	0	0	0	0	0
LOC101928421	2	1	4	4	1	1
HERPUD2	849	708	928	784	714	631
AC018647.3	0	0	0	0	0	1
AC007551.3	17	10	14	9	10	11
SEPT7	8013	6663	8198	8253	7496	6478
LOC101928618	0	0	0	0	0	0
EEPD1	69	64	84	102	85	45
KIAA0895	470	372	483	444	398	286
ANLN	8323	6910	8887	8171	7414	6322
AOAH	2	3	2	2	3	2
AOAH-IT1	0	0	0	0	0	0
ELMO1	231	174	253	262	221	183
MIR1200	0	0	0	0	0	0
ELMO1-AS1	0	0	0	0	0	0
GPR141	0	0	0	0	0	0
LOC101928643	0	0	0	0	0	0
NME8	0	0	0	0	0	0
SFRP4	5	0	0	0	2	6
EPDR1	1218	1012	1341	1294	1100	913
STARD3NL	1526	1364	1700	1379	1297	1181
TARP	0	0	0	0	0	0
LOC102724797	0	0	0	1	1	0
TRG-AS1	1	0	3	3	2	2
AMPH	4	2	5	2	4	4
FAM183B	2	1	2	2	0	1
VPS41	1861	1621	1979	1776	1612	1409
POU6F2	40	25	21	34	25	26
POU6F2-AS2	12	21	18	25	33	23
POU6F2-AS1	0	0	0	0	0	0
YAE1D1	242	194	258	244	232	209
RALA	1964	1697	2122	1993	1785	1462
LINC00265	77	81	96	97	75	58
LOC101928688	0	0	0	0	0	0
LOC102724836	0	0	0	0	0	0
LOC101929264	55	35	34	45	39	27
CDK13	1950	1663	1991	2076	1936	1613
MPLKIP	678	678	778	583	513	442
SUGCT	77	87	106	85	70	57
LOC101928716	0	0	0	0	0	1
AC005029.1	0	0	0	0	0	0
AC005022.1	1	0	0	0	0	0
INHBA	11	5	11	18	14	7
INHBA-AS1	0	1	1	0	0	0
GLI3	609	448	667	607	507	429
AC027269.2	0	0	0	0	0	0
C7orf25	354	302	390	309	323	280
PSMA2	3524	3192	4107	3923	3439	2644
MRPL32	613	494	665	648	617	486
HECW1	33	19	32	26	26	32
MIR3943	0	0	0	0	0	0
LOC102724911	14	10	10	10	7	9
LOC102724903	0	0	0	0	0	0
AC011738.4	6	11	11	16	22	9
STK17A	2470	2211	2498	2275	1991	1506
COA1	1263	1084	1438	1247	1070	952
LOC101928860	0	0	1	2	0	0
BLVRA	589	567	686	573	534	430
LOC102724946	1	0	0	0	1	0
URGCP-MRPS24	0	0	0	0	0	0
MRPS24	0	2	4	4	0	2
URGCP	1023	925	1071	992	874	723
UBE2D4	251	209	277	242	224	193
POLR2J4	131	113	132	130	126	95
SPDYE1	32	19	23	32	35	18
RASA4CP	2	1	2	4	2	4
LINC00957	2	5	6	7	3	3
DBNL	1992	1770	2133	2271	2004	1642
MIR6837	2	0	0	1	0	0
PGAM2	14	15	13	13	13	13
POLM	195	152	184	213	190	151
MIR6838	0	0	0	0	0	0
LOC102724964	4	2	6	0	7	6
AEBP1	1	0	2	7	7	4
MIR4649	0	0	0	0	0	0
POLD2	3370	2828	3663	3473	3025	2518
MYL7	1	5	0	2	1	0
GCK	0	0	0	0	0	0
YKT6	3028	2715	3504	3223	2870	2288
CAMK2B	14	10	5	22	20	12
NUDCD3	2052	1701	2297	2021	1787	1443
NPC1L1	0	1	2	6	7	6
DDX56	2124	1932	2380	2367	1997	1533
TMED4	1036	899	1201	1254	1101	845
LOC102723307	2	5	7	5	6	2
OGDH	4549	3905	4960	5228	4478	3594
ZMIZ2	2060	1708	2282	2114	1785	1520
PPIA	35545	29629	39538	35444	30745	25013
H2AFV	4303	3810	4816	4645	4237	3357
LOC101929301	0	0	0	0	0	0
PURB	4140	3655	4474	4823	4348	3406
MIR4657	0	0	0	0	0	0
LOC102723959	0	0	0	0	0	0
MYO1G	4	1	0	0	3	0
LOC101928927	16	9	19	22	20	15
SNHG15	237	191	241	247	253	195
SNORA9	0	0	0	0	0	0
LOC102723334	1	2	2	0	1	1
CCM2	817	729	920	786	733	558
LOC100128364	2	3	4	3	1	0
NACAD	3	13	11	9	11	11
TBRG4	1951	1753	2249	1941	1672	1241
SNORA5A	2	3	3	1	5	4
SNORA5C	3	2	4	4	2	4
SNORA5B	3	3	1	4	1	2
RAMP3	0	0	0	0	0	0
ADCY1	755	637	823	825	796	675
SEPT7P2	154	151	185	172	153	153
LOC101930567	22	18	34	25	28	21
LOC101929008	14	8	5	23	14	15
LOC101928976	24	25	21	40	30	24
LOC101929038	21	17	15	20	20	9
IGFBP1	0	0	0	0	0	0
IGFBP3	1703	1367	1685	1665	1424	1268
LOC102723446	0	0	0	2	0	0
LOC730338	0	0	0	0	2	0
TNS3	4428	3435	4381	3280	2826	2255
LOC102723974	0	0	0	1	1	0
AC095067.1	1	2	0	1	0	2
C7orf65	1	0	3	0	0	1
LINC00525	14	14	9	21	8	11
PKD1L1	8	6	3	5	6	6
C7orf69	0	0	0	0	0	0
HUS1	499	405	484	538	484	377
SUN3	0	0	0	0	0	0
C7orf57	4	0	7	2	6	5
UPP1	420	395	473	428	402	242
ABCA13	25	11	16	13	21	4
CDC14C	2	7	6	2	1	6
VWC2	2	2	3	1	0	1
ZPBP	0	0	0	0	0	0
C7orf72	0	0	0	0	0	0
IKZF1	106	86	124	77	80	57
LOC102723522	0	0	0	0	0	0
FIGNL1	1084	942	1166	1111	1081	774
DDC	1	0	0	2	1	1
AC018705.5	0	0	0	0	0	0
GRB10	1088	1062	1045	539	455	336
COBL	551	504	650	574	519	413
LOC102723533	0	0	0	0	0	0
LOC101928257	0	0	0	0	0	0
POM121L12	0	0	0	0	0	0
LOC102723559	42	54	61	53	45	65
FLJ45974	0	0	0	0	0	0
HPVC1	0	0	0	0	0	0
LOC102723605	0	0	0	0	0	0
LOC101928285	0	0	0	0	0	0
VSTM2A	1	0	1	0	0	0
GS1-18A18.1	0	0	0	0	0	0
SEC61G	1304	1225	1574	1479	1413	1154
RP11-745C15.2	0	0	0	2	0	1
EGFR	11604	10033	12718	11321	9924	8038
LOC102723622	20	23	22	31	27	24
EGFR-AS1	10	12	12	10	10	14
LOC102724011	0	2	5	7	5	3
LANCL2	923	727	1033	1016	937	838
VOPP1	2042	1788	2254	1995	1826	1408
FKBP9L	40	44	46	48	36	40
LOC101060341	13	11	10	14	7	5
LOC102723656	13	8	2	5	7	4
SEPT14	0	1	2	0	0	0
ZNF713	100	76	85	88	78	67
MRPS17	493	404	565	522	434	369
GBAS	4140	3482	4578	3959	3487	2950
PSPH	1648	1529	1943	1798	1459	1179
CCT6A	14992	12941	16635	16170	14392	12076
SNORA15	0	0	0	1	0	0
SUMF2	1171	1012	1214	1096	1015	801
PHKG1	41	25	18	36	27	16
CHCHD2	7622	6832	8688	8023	6870	5587
NUPR1L	0	2	0	0	0	0
LOC101930109	0	0	0	0	0	0
LOC650226	0	0	0	0	0	0
LOC100240728	0	0	0	0	0	0
DKFZp434L192	0	0	0	0	0	0
LOC101928401	0	0	0	0	0	0
LOC102723684	0	0	0	0	0	0
LOC401357	0	0	1	0	0	0
LOC101928587	0	0	0	0	0	0
LOC101060183	0	0	0	0	0	1
LOC100130849	0	0	0	0	0	0
LOC100287294	0	0	0	0	0	0
MIR4283-1	0	0	0	0	0	0
ZNF479	0	0	1	0	0	0
GUSBP10	2	0	0	0	0	0
LOC100653233	0	0	0	0	0	0
MIR3147	0	0	0	0	0	0
ZNF716	0	0	0	0	0	0
LOC100128575	0	0	0	0	0	0
LOC101928654	0	0	0	0	0	0
LOC102723842	0	0	0	0	0	0
LOC102724134	0	0	0	0	0	0
ZNF733P	0	0	0	0	0	0
LOC102724738	0	0	0	0	0	0
LOC100287704	0	0	0	0	0	0
LOC101929114	0	0	0	0	0	0
LOC101929088	0	0	0	0	0	0
LOC101929050	0	0	0	0	0	0
LOC101929022	0	0	0	1	0	0
LOC100287834	0	0	0	0	0	0
MIR4283-2	0	0	0	0	0	0
LOC402269	0	0	0	0	0	0
LOC101060128	0	0	0	0	0	0
LOC101929190	0	0	0	0	0	0
LOC100996414	0	0	0	0	0	0
LOC100996365	0	0	0	0	0	0
LOC100996428	0	0	0	0	0	0
LOC102724777	0	0	0	0	0	0
LINC01005	0	0	0	0	0	0
ZNF727	0	1	1	2	0	0
ZNF735	0	0	0	0	0	0
ZNF679	0	0	0	0	1	0
ZNF736	274	261	310	280	262	214
YWHAEP1	43	62	47	43	37	60
ZNF680	747	623	787	825	752	577
LOC100128885	0	0	0	0	0	0
LOC641746	3	8	5	4	2	5
ZNF107	1078	867	1133	1184	1091	892
MIR6839	0	0	0	0	2	1
ZNF138	430	341	429	400	416	359
RP11-797H7.5	0	0	0	0	0	0
ZNF273	367	342	444	414	375	329
ZNF117	115	98	111	120	128	110
ERV3-1	107	88	95	147	108	106
LOC102724798	0	0	0	0	0	0
CCT6P3	91	86	59	74	63	82
LOC101929266	2	1	1	6	3	0
LOC101929381	13	13	5	11	14	7
LOC101929360	5	1	3	5	4	1
INTS4L1	7	10	13	7	3	8
ZNF92	830	798	957	930	827	707
LOC101929322	0	0	1	0	0	1
LOC441242	54	50	59	63	61	35
INTS4L2	4	3	7	9	3	2
CCT6P1	103	121	129	130	94	76
SNORA22	4	1	0	4	3	6
LOC101929414	15	11	10	21	14	11
LOC102724918	10	5	3	5	8	6
DKFZP434F142	13	28	32	25	28	23
VKORC1L1	3432	2981	3949	3324	2974	2456
GUSB	1615	1444	1760	1533	1402	1191
ASL	536	524	659	684	537	471
CRCP	1252	1095	1324	1352	1186	977
TPST1	507	407	475	541	419	404
LINC00174	122	106	143	126	107	107
LOC101929463	29	15	23	29	16	21
LOC100289098	37	52	59	32	42	20
LOC493754	227	207	258	204	185	166
KCTD7	526	479	638	471	534	378
RP4-756H11.3	18	8	15	17	10	4
RABGEF1	994	978	1120	1155	943	826
GTF2IRD1P1	1	2	2	3	4	3
LOC101929580	48	30	57	44	55	31
LOC101929619	17	11	19	19	18	15
LOC101929647	12	13	20	14	22	11
LOC644794	77	79	92	82	73	52
TMEM248	4400	3731	4675	4389	3847	3020
SBDS	3838	3160	4167	4277	3802	3152
TYW1	893	757	920	838	778	618
MIR4650-1	0	0	0	0	0	0
PMS2P4	64	47	76	62	64	39
STAG3L4	182	172	238	229	204	139
RP11-166O4.5	9	4	20	13	8	5
LOC102723427	0	0	0	0	0	0
LOC100507468	0	0	0	0	0	0
AUTS2	40	48	55	26	24	22
WBSCR17	0	0	0	0	0	0
MIR3914-1	0	0	0	0	0	0
MIR3914-2	0	0	0	0	0	0
CALN1	0	0	0	0	0	0
TYW1B	478	361	497	525	504	408
MIR4650-2	0	0	0	0	0	0
SBDSP1	745	624	839	845	722	597
SPDYE7P	0	0	1	0	0	0
POM121	3448	2978	3943	3376	3026	2499
NSUN5P2	23	13	34	26	18	14
TRIM74	3	7	3	7	3	0
LOC100101148	7	9	11	9	2	0
STAG3L3	150	133	178	114	98	102
LOC100996746	0	0	0	0	0	0
LOC100093631	495	355	441	378	387	296
NCF1B	2	5	1	2	0	1
NSUN5	1117	955	1166	1045	915	711
TRIM50	0	0	0	0	0	0
FKBP6	1	1	2	2	0	0
LOC101930310	0	3	2	3	5	2
FZD9	5	6	8	12	11	10
BAZ1B	12072	10110	12861	11635	10579	8806
BCL7B	1827	1694	2193	1983	1777	1528
TBL2	1492	1224	1582	1413	1270	989
MLXIPL	37	64	74	39	51	34
VPS37D	3	5	8	13	4	5
DNAJC30	328	271	310	333	337	248
WBSCR22	1868	1684	2156	1871	1675	1407
STX1A	118	110	121	127	98	105
MIR4284	0	1	1	0	0	0
LINC00035	5	7	2	3	6	3
ABHD11	236	195	275	257	260	178
CLDN3	11	21	22	43	42	34
CLDN4	1771	1646	2093	2010	1876	1580
WBSCR27	64	56	66	55	60	37
WBSCR28	6	7	9	15	12	4
ELN	9	12	9	35	24	23
LIMK1	3267	2884	3867	3534	3312	2523
EIF4H	16080	13693	17688	15638	13946	11297
MIR590	12	15	13	14	15	7
LAT2	59	60	73	97	64	54
RFC2	1899	1733	2203	2054	1665	1475
CLIP2	1595	1488	1648	1735	1519	1232
GTF2IRD1	1588	1379	1739	1371	1209	985
GTF2I	2635	2239	2749	2398	2258	1883
LOC101926943	8	3	5	2	6	4
NCF1	72	47	39	29	38	17
GTF2IRD2	16	22	8	29	15	18
STAG3L2	399	317	398	326	291	258
PMS2P5	87	65	95	118	61	53
GATSL2	111	96	133	122	116	105
WBSCR16	2616	2283	2940	2666	2511	1955
GTF2IRD2B	145	130	140	182	165	118
NCF1C	22	19	20	13	14	6
GTF2IP1	267	331	246	291	227	270
PMS2L2	22	6	10	9	21	14
STAG3L1	54	56	61	52	53	53
LOC541473	2	0	0	1	2	0
TRIM73	0	2	1	0	0	3
NSUN5P1	221	200	254	209	182	119
POM121C	3049	2600	3483	3170	2643	2077
SPDYE5	19	26	27	29	42	29
PMS2P3	148	115	153	145	111	106
HIP1	2219	1987	2366	2059	1896	1501
LOC102723662	0	0	0	2	0	0
LOC102723650	0	0	0	0	0	0
CCL26	12	11	13	14	17	11
CCL24	2	2	3	2	1	1
RHBDD2	2435	2029	2649	2211	2066	1606
POR	3270	2789	3564	3115	2646	2132
MIR4651	2	2	1	2	0	1
SNORA14A	0	2	1	4	2	1
TMEM120A	169	174	206	209	168	155
STYXL1	1014	849	1152	1112	919	831
MDH2	8301	7406	9453	8503	7213	5926
LOC101927160	4	2	3	5	7	2
LOC101927126	5	8	0	3	4	1
LOC101927105	2	1	1	9	5	5
SRRM3	30	22	26	23	28	11
HSPB1	7996	6802	8486	7116	5993	4829
YWHAG	17757	14859	19210	17240	15372	12637
SRCRB4D	53	82	104	93	106	63
ZP3	85	89	121	96	98	49
DTX2	469	333	466	403	324	235
FDPSP2	14	28	19	20	13	23
UPK3B	61	69	91	96	61	58
LOC102723555	0	0	0	0	1	0
LOC100133091	0	0	0	0	0	0
POMZP3	1	2	3	2	2	2
LOC102723781	0	0	0	0	0	0
DTX2P1-UPK3BP1-PMS2P11	27	28	41	41	38	21
LOC102723849	0	0	1	0	1	1
LOC100132832	11	11	15	16	13	15
LOC100505767	5	1	6	3	2	3
CCDC146	152	106	153	116	138	100
FGL2	3	2	1	1	2	2
LOC102723791	1	0	1	0	0	1
GSAP	145	97	171	95	124	99
RP5-899E9.1	2	1	0	0	0	0
PTPN12	4773	3953	4940	4297	4012	3289
RSBN1L-AS1	291	241	284	254	207	190
RSBN1L	1095	879	1164	1168	876	776
TMEM60	460	380	486	373	274	252
PHTF2	2928	2641	3119	2940	2554	2067
MAGI2	86	59	70	43	39	30
RPL13AP17	0	0	0	0	0	0
MAGI2-AS2	0	0	0	0	0	0
MAGI2-AS3	0	3	3	1	1	1
GNAI1	1447	1316	1712	1267	1193	947
AC004862.6	0	0	0	0	0	0
GNAT3	0	0	0	1	0	0
CD36	7	3	11	9	4	4
SEMA3C	5977	5549	6632	5615	5172	4244
AC010091.1	0	0	0	0	0	0
HGF	0	0	0	0	1	0
CACNA2D1	558	448	502	568	496	388
AC006145.4	0	0	1	1	0	0
PCLO	396	302	366	393	400	262
SEMA3E	147	138	207	181	160	141
SEMA3A	1068	958	1240	931	825	637
AC003984.1	0	0	0	0	0	0
SEMA3D	453	365	394	196	212	182
GRM3	3	5	5	14	10	6
KIAA1324L	1795	1723	2176	1825	1768	1435
LOC101927420	25	20	21	17	19	19
DMTF1	1291	1121	1310	1359	1103	960
TMEM243	496	467	566	456	389	346
TP53TG1	152	99	130	93	92	69
CROT	811	713	808	770	660	604
ABCB4	6	2	3	6	3	1
ABCB1	77	66	101	103	97	84
RUNDC3B	100	88	119	102	94	84
SLC25A40	1749	1509	1824	1532	1443	1137
DBF4	2143	1861	2298	1878	1854	1486
ADAM22	825	668	827	860	781	659
SRI	2162	1916	2213	1712	1612	1303
LOC102723885	2	2	4	3	3	2
STEAP4	189	148	197	303	308	184
ZNF804B	0	0	0	2	0	0
C7orf62	0	0	0	0	0	0
STEAP2-AS1	0	0	0	0	0	0
DPY19L2P4	3	1	0	0	0	0
STEAP1	143	117	170	119	93	70
STEAP2	163	135	169	114	117	81
C7orf63	71	50	68	72	65	56
LOC101927446	1	0	0	0	0	0
GTPBP10	1963	1595	2067	1835	1822	1402
LOC101409256	5	0	2	8	7	8
CLDN12	2073	1789	2191	1783	1726	1288
LOC102723899	8	7	9	4	7	5
CDK14	588	515	661	552	473	403
FZD1	645	513	593	650	562	453
LOC101927473	2	2	1	1	2	2
MTERF	805	659	821	853	732	655
AKAP9	8178	6799	8385	8352	7763	6649
CYP51A1	11150	9461	11872	10495	9596	7658
LRRD1	3	4	3	4	5	1
KRIT1	2298	1799	2201	2040	1868	1626
MIR1285-1	3	0	1	5	1	1
ANKIB1	5277	4437	5587	4608	3946	3450
GATAD1	2841	2518	3044	2819	2484	2081
ERVW-1	5	3	4	0	0	5
PEX1	926	786	881	762	745	599
RBM48	542	452	567	503	495	446
MGC16142	45	45	49	56	39	47
FAM133B	1015	847	1055	945	934	792
CDK6	6249	5396	6831	5582	5161	3865
RNU6-10P	0	0	0	0	0	0
AC002454.1	4	10	7	5	11	4
SAMD9	12933	11421	11864	5767	5413	4740
SAMD9L	804	744	714	367	331	306
HEPACAM2	0	0	0	0	0	0
CCDC132	1196	1008	1244	1111	1065	874
CALCR	2	3	4	2	3	3
MIR653	0	0	0	0	0	0
MIR489	0	0	0	0	0	0
MIR4652	0	1	0	2	0	0
TFPI2	1397	1276	1727	1837	1620	1342
GNGT1	20	8	10	10	7	5
GNG11	220	187	251	210	185	150
BET1	901	745	895	787	720	577
LOC102723946	0	0	0	1	0	0
LOC101927525	0	0	0	0	0	0
COL1A2	0	0	0	3	0	1
CASD1	986	806	930	917	911	698
SGCE	1454	1191	1596	1262	1143	920
PEG10	5286	4212	5668	4270	4064	3453
PPP1R9A	2	1	2	1	0	0
PON1	0	2	0	1	1	0
PON3	31	20	30	34	28	11
PON2	1180	1013	1270	1106	968	852
ASB4	9	4	4	2	7	1
PDK4	8	5	12	17	5	12
DYNC1I1	63	55	67	80	55	56
SLC25A13	1576	1417	1785	1392	1250	974
MIR591	0	0	0	0	0	0
C7orf76	4	0	0	1	2	0
RP11-682N22.1	3	5	5	3	3	3
SHFM1	2648	2455	2878	2536	2386	2031
DLX6-AS1	45	42	55	54	34	30
DLX6	135	130	158	148	138	106
DLX5	7	4	12	17	8	5
ACN9	556	475	552	556	469	404
TAC1	0	0	0	0	0	1
ASNS	3228	3128	4184	2726	2368	1874
LOC102723975	2	5	2	5	2	6
MIR5692A1	0	0	0	1	0	0
MIR5692C2	0	0	1	0	0	0
MGC72080	162	158	160	189	191	133
OCM2	0	0	0	0	0	0
LMTK2	2772	2284	3066	2765	2649	2062
BHLHA15	3	2	7	15	6	4
TECPR1	414	354	442	335	333	260
BRI3	709	659	840	604	523	427
BAIAP2L1	2026	1699	2233	1928	1673	1395
NPTX2	0	0	0	0	0	0
TMEM130	1	0	2	1	1	0
TRRAP	6546	5711	6987	6394	5829	4400
MIR3609	0	1	1	0	0	0
AC004893.11	67	47	51	59	36	53
SMURF1	1283	1097	1512	1140	1040	956
LOC102723992	17	17	22	24	16	13
KPNA7	2	7	9	6	11	3
MYH16	15	14	11	21	19	16
ARPC1A	4895	4252	5587	5003	4406	3380
ARPC1B	2884	2785	3141	2813	2487	1960
PDAP1	4511	3914	4830	4276	3909	3361
BUD31	728	619	784	673	592	548
ATP5J2-PTCD1	0	0	0	0	0	0
PTCD1	5	3	3	2	5	0
CPSF4	1200	1027	1425	1086	940	763
ATP5J2	796	719	822	779	640	583
TRNAW6	0	0	0	1	0	0
ZNF789	72	85	82	58	72	70
LOC102724006	104	82	100	103	94	53
ZNF394	393	321	434	425	343	268
ZKSCAN5	818	612	737	744	715	664
FAM200A	248	212	253	254	239	180
ZNF655	2283	1905	2543	2143	2037	1710
GS1-259H13.2	29	36	26	36	27	16
ZSCAN25	453	378	502	477	437	381
CYP3A5	20	18	13	19	24	21
CYP3A7-CYP3AP1	0	0	0	0	0	0
CYP3A7	0	0	0	1	0	0
CYP3A4	0	2	1	1	2	3
CYP3A43	0	0	0	0	0	1
OR2AE1	0	0	0	0	0	0
TRIM4	787	771	896	793	684	564
LOC101927610	19	19	8	8	3	5
GJC3	0	0	0	1	0	3
AZGP1	0	0	0	2	0	0
AZGP1P1	0	0	0	0	0	0
ZKSCAN1	3858	3188	3849	3844	3406	2980
ZSCAN21	96	56	71	67	51	75
ZNF3	612	537	655	593	522	474
COPS6	2722	2428	3083	2707	2422	2036
MCM7	10543	9199	11842	9509	8296	6821
MIR25	25	13	19	17	19	6
MIR93	2	0	5	0	8	2
MIR106B	2	3	1	1	1	0
AP4M1	103	91	137	126	119	86
TAF6	1947	1692	2211	1860	1638	1345
CNPY4	67	36	67	63	68	42
MBLAC1	57	52	68	48	55	44
LAMTOR4	826	797	937	830	748	534
C7orf43	253	207	295	260	238	177
MIR4658	0	0	0	0	0	0
GAL3ST4	8	0	8	10	5	4
GPC2	24	17	24	28	22	17
STAG3	20	16	16	13	12	13
GATS	79	80	65	83	59	50
PVRIG	44	50	27	50	39	38
SPDYE3	57	45	56	65	40	41
PMS2P1	220	196	247	214	174	164
STAG3L5P-PVRIG2P-PILRB	337	285	340	362	295	249
STAG3L5P	0	2	5	6	2	4
PVRIG2P	0	0	0	0	0	0
MIR6840	17	8	17	12	15	10
PILRB	25	30	24	35	20	32
PILRA	13	13	9	7	14	8
ZCWPW1	159	160	177	167	169	119
MEPCE	2305	1910	2458	2366	2179	1841
PPP1R35	234	203	269	217	203	161
LOC101927632	4	0	7	4	4	2
C7orf61	8	9	27	9	5	6
TSC22D4	1187	997	1279	1140	946	747
NYAP1	71	68	66	56	72	53
AGFG2	757	676	844	795	664	576
SAP25	53	52	56	40	49	32
LRCH4	702	609	880	806	727	627
FBXO24	6	12	6	4	6	3
PCOLCE-AS1	3	2	0	2	6	2
PCOLCE	132	98	150	137	105	88
MOSPD3	256	222	231	213	186	152
TFR2	198	161	214	172	135	110
ACTL6B	0	2	1	0	0	0
GNB2	5706	4984	6561	5648	4965	3777
GIGYF1	1747	1606	2077	1713	1421	1225
POP7	636	543	683	544	495	435
EPO	0	2	0	2	0	1
ZAN	1	0	0	0	5	0
EPHB4	2202	1916	2452	2068	1715	1422
SLC12A9	525	417	566	588	450	337
TRIP6	2927	2421	3182	3147	2604	1966
MIR6875	0	0	0	0	0	0
SRRT	6413	5123	6522	6311	5556	5003
UFSP1	19	13	27	35	13	21
ACHE	7	7	6	6	8	2
MUC3A	3	2	3	1	1	0
MUC12	5	1	2	6	1	1
LOC102724094	3	7	6	4	5	4
MUC17	0	0	0	0	0	0
TRIM56	1295	1103	1370	1120	1008	748
SERPINE1	551	541	784	610	509	372
AP1S1	1541	1249	1566	1402	1167	985
MIR4653	4	3	4	5	1	1
VGF	23	19	17	30	27	17
NAT16	0	0	0	0	0	0
MOGAT3	0	1	0	3	0	1
PLOD3	1289	1156	1515	1482	1201	1020
ZNHIT1	986	928	1260	1101	929	786
CLDN15	93	66	98	70	69	59
FIS1	1008	937	1193	1017	839	712
LOC101927721	0	0	0	0	0	0
RP11-132A1.4	162	145	185	141	129	132
RABL5	556	516	618	555	536	438
COL26A1	22	33	14	7	15	8
LINC01007	0	0	0	0	0	0
MYL10	0	0	0	0	0	0
CUX1	2732	2375	2925	2948	2668	2095
LOC101927772	1	3	1	3	3	2
SH2B2	28	41	31	21	22	15
SPDYE6	9	11	8	24	15	14
LOC100630923	0	0	0	0	0	0
LOC100289561	8	3	8	6	5	4
PRKRIP1	4	4	11	7	8	5
MIR548O	0	0	0	0	1	0
ORAI2	566	559	754	720	603	473
ALKBH4	199	202	255	252	227	161
LRWD1	455	378	498	460	456	336
MIR5090	0	0	2	0	0	0
MIR4467	0	2	0	2	0	3
POLR2J	766	647	897	747	687	540
RASA4B	3	4	5	2	5	0
LOC102724172	12	10	11	6	12	5
POLR2J3	70	62	78	69	68	56
LOC102724187	4	6	9	16	9	1
SPDYE2	18	20	15	20	18	17
LOC102724229	0	0	1	0	0	0
RASA4	4	4	2	3	1	1
LOC101929837	0	0	0	0	0	0
LOC102724254	19	7	22	11	16	7
POLR2J2	28	23	31	35	26	29
UPK3BL	1	0	0	0	0	0
SPDYE2B	12	11	3	14	9	3
FAM185A	157	136	122	128	114	88
LOC102724268	0	1	4	0	0	0
FBXL13	11	6	9	8	10	14
LRRC17	5	14	5	11	7	5
NFE4	0	0	0	0	0	0
ARMC10	360	305	392	303	293	242
NAPEPLD	8	13	11	16	14	16
RPL19P12	51	87	75	65	62	64
DPY19L2P2	43	46	45	31	40	27
PMPCB	1859	1576	1864	1538	1515	1226
DNAJC2	1597	1283	1850	1623	1482	1305
PSMC2	3156	2437	3223	3111	2681	2401
SLC26A5	0	2	1	3	0	0
LOC101927870	0	0	0	0	0	0
RELN	3	2	0	1	4	5
ORC5	554	441	582	561	450	394
LHFPL3	0	0	0	0	0	0
LHFPL3-AS1	0	0	0	0	0	0
LOC102724284	0	0	0	1	1	0
LHFPL3-AS2	0	3	0	0	0	1
LOC101927902	0	0	1	1	0	0
LINC01004	158	149	140	121	107	118
KMT2E-AS1	73	67	102	69	70	55
KMT2E	3711	2963	3652	3207	3043	2451
SRPK2	2942	2606	3265	2769	2564	2097
PUS7	1724	1537	1994	1599	1427	1176
RINT1	764	647	764	812	724	617
EFCAB10	23	13	10	14	11	8
ATXN7L1	194	205	208	173	220	184
CDHR3	7	8	10	11	4	6
SYPL1	6008	5359	6251	4855	4478	3551
NAMPT	3489	3232	4048	3217	2919	2487
LOC102724339	0	1	0	0	0	1
CCDC71L	654	546	629	606	572	453
PIK3CG	0	1	1	2	3	0
PRKAR2B	283	245	304	296	245	235
HBP1	562	511	575	515	448	403
COG5	1999	1695	2105	1758	1639	1332
GPR22	4	1	9	0	0	0
DUS4L	306	298	342	291	252	208
BCAP29	2188	1823	2229	2014	1980	1712
SLC26A4-AS1	1	1	5	2	1	0
SLC26A4	4	6	4	2	6	7
LOC101927974	33	24	42	28	37	34
CBLL1	1563	1247	1620	1324	1313	1095
SLC26A3	3	2	1	2	0	0
DLD	5698	4773	6222	5594	5039	4407
LAMB1	3234	2766	3338	2884	2622	2162
LAMB4	0	3	3	2	1	2
NRCAM	131	171	176	99	87	77
LOC102724363	0	0	0	0	2	0
PNPLA8	900	756	959	880	742	643
THAP5	1068	893	1072	965	979	730
DNAJB9	255	190	213	242	226	206
C7orf66	0	0	0	0	0	0
EIF3IP1	0	1	0	0	0	0
IMMP2L	134	133	144	144	110	77
LRRN3	4	0	0	0	0	0
DOCK4	37	37	39	61	77	41
DOCK4-AS1	0	0	0	0	0	0
ZNF277	441	345	511	412	370	315
IFRD1	1043	874	1226	1139	1050	840
LSMEM1	35	35	43	45	31	26
LOC100996249	0	0	0	0	0	0
AC002463.3	0	0	0	0	0	0
TMEM168	806	678	863	863	729	653
C7orf60	420	350	408	375	323	283
AC018464.3	0	0	0	0	0	0
GPR85	80	79	100	85	79	41
LINC00998	1578	1180	1641	1351	1142	969
PPP1R3A	0	0	0	0	0	0
FOXP2	25	28	35	26	9	10
MIR3666	0	0	0	0	0	0
MDFIC	1383	1122	1412	1218	993	902
LOC102724386	5	9	1	3	2	0
LOC100506489	0	0	0	0	0	0
LOC102724407	0	0	0	0	0	0
TFEC	0	0	5	0	1	0
LOC102724424	0	0	0	0	0	0
TES	2339	2041	2448	1922	1622	1397
LOC102724434	0	0	2	0	0	0
LOC101928117	53	46	58	55	39	36
CAV2	13658	11876	13852	10460	9672	8158
CAV1	38370	32231	41223	32852	29745	24493
LOC100996266	1	0	0	0	0	2
MET	5773	5147	6604	5700	4980	4042
CAPZA2	4337	3785	4470	4092	3770	3040
ST7-AS1	31	20	23	12	8	13
ST7	408	379	434	419	316	340
ST7-OT4	1	3	2	6	3	0
MIR6132	0	0	0	0	0	0
ST7-AS2	2	0	0	1	2	1
ST7-OT3	1	0	0	0	1	0
WNT2	0	0	0	0	0	0
ASZ1	0	0	0	0	0	0
CFTR	1	0	0	0	0	2
CTTNBP2	19	16	26	14	14	11
LSM8	1463	1232	1525	1343	1281	1078
ANKRD7	2	0	0	0	0	0
LOC102724495	0	0	0	0	0	0
KCND2	32	38	24	33	28	22
TSPAN12	301	264	289	284	259	216
ING3	462	378	519	461	413	348
CPED1	5	8	10	19	19	13
LOC102724514	0	0	0	0	0	0
WNT16	2	0	1	2	0	0
FAM3C	2916	2553	3161	3036	2614	2216
PTPRZ1	60	61	38	8	4	4
AASS	772	651	734	523	493	399
LOC102724527	1	0	1	0	0	0
FEZF1	17	10	8	14	14	12
FEZF1-AS1	31	41	35	45	20	24
CADPS2	298	224	320	194	203	137
RNF133	1	0	0	1	4	0
RNF148	0	0	0	0	1	1
LOC102724540	0	0	0	0	0	0
TAS2R16	0	0	0	0	0	0
SLC13A1	0	0	0	0	0	0
IQUB	6	6	7	8	7	4
NDUFA5	1746	1424	1841	1565	1545	1355
LOC102724567	0	0	0	0	0	0
ASB15	0	0	0	0	0	0
LOC102724555	0	0	0	0	0	0
LMOD2	0	0	0	2	0	0
WASL	3111	2614	3216	2706	2519	1993
HYALP1	0	0	0	0	0	0
HYAL4	0	0	0	3	0	0
SPAM1	0	1	0	0	0	0
TMEM229A	0	0	0	0	0	0
RP5-921G16.2	0	0	0	0	0	0
LOC102724577	0	0	0	0	0	0
GPR37	66	44	47	50	50	40
LOC154872	1	0	0	0	0	0
POT1	1718	1392	1779	1448	1238	1127
RP11-3B12.2	21	7	8	13	12	6
RP11-3B12.3	0	0	0	0	0	0
LOC100506664	1	0	0	0	0	0
GRM8	5	5	4	3	1	2
LOC101928357	0	0	0	0	0	0
MIR592	0	0	0	0	0	0
AC000099.1	0	0	0	0	0	0
ZNF800	1120	885	1224	1051	1009	798
AC000124.1	0	0	1	0	0	0
GCC1	947	831	1054	890	733	626
ARF5	2515	2259	2913	2420	2129	1721
FSCN3	2	0	2	1	3	4
PAX4	0	0	0	0	0	0
SND1	8140	7194	9165	7833	6639	5639
SND1-IT1	7	4	10	5	9	3
LRRC4	4	8	9	11	14	11
MIR593	0	1	6	0	0	1
LOC101928423	0	0	0	2	0	0
MIR129-1	0	0	0	0	0	0
LEP	0	0	0	1	0	0
MGC27345	465	410	529	459	448	298
RBM28	1747	1344	1867	1611	1438	1272
PRRT4	12	12	16	35	13	17
IMPDH1	1594	1465	1855	1518	1298	1052
HILPDA	263	257	338	242	189	169
LOC102724660	30	25	21	12	13	17
METTL2B	568	503	647	476	458	360
LOC101928451	512	478	542	516	397	401
LINC01000	1954	1743	2093	1822	1660	1348
FAM71F2	11	13	15	18	23	22
FAM71F1	1	2	4	9	11	17
CALU	6514	5428	7004	6557	5696	4933
OPN1SW	3	1	0	1	0	0
TRNAP15	0	0	0	0	0	0
CCDC136	98	78	76	112	108	80
FLNC	338	322	399	507	479	376
ATP6V1F	697	583	781	735	625	516
LOC100130705	29	37	39	39	37	28
KCP	100	83	99	87	52	56
IRF5	579	585	717	574	432	367
TNPO3	4700	4131	5244	4663	4025	3480
TPI1P2	47	51	56	70	62	49
LOC407835	27	22	40	27	22	35
TSPAN33	127	99	135	149	123	90
SMO	224	263	264	279	224	174
AHCYL2	866	761	913	830	833	628
STRIP2	440	414	479	443	417	346
SMKR1	32	34	43	50	45	25
NRF1	735	640	823	630	556	472
MIR182	0	0	0	0	0	0
MIR96	0	0	0	0	0	0
MIR183	0	0	0	0	0	0
UBE2H	6654	6019	7324	5590	5031	4146
ZC3HC1	618	597	695	615	553	492
KLHDC10	2156	1982	2514	2231	2045	1569
LOC100128325	0	0	0	0	0	0
TMEM209	1638	1412	1752	1743	1487	1242
SSMEM1	0	0	0	1	0	0
CPA2	4	0	6	7	1	7
CPA4	437	417	605	833	693	534
CPA5	0	5	5	7	7	3
LOC101928632	3	3	6	7	4	3
CPA1	0	0	0	2	0	0
CEP41	917	814	998	745	680	575
MEST	3961	3583	4780	3857	3461	2675
MESTIT1	8	6	7	5	5	4
MIR335	0	0	0	0	0	0
COPG2	2137	1829	2296	1762	1512	1291
COPG2IT1	25	23	24	27	17	23
LOC102724837	0	0	0	0	0	0
TSGA13	0	0	0	0	0	3
KLF14	8	13	16	13	10	11
MIR29A	0	0	0	1	0	0
MIR29B1	1	0	0	0	0	0
AC058791.1	50	40	55	83	50	50
LOC100506860	19	12	16	20	17	10
LINC-PINT	58	35	58	42	49	41
MKLN1	3175	2878	3264	2907	2693	2211
MKLN1-AS	48	43	73	49	36	34
PODXL	1074	1014	1036	386	360	266
AC009518.4	0	0	0	0	0	0
PLXNA4	6	8	5	2	2	2
LOC101928807	0	0	0	0	0	0
LOC102724906	0	0	0	0	0	0
FLJ40288	0	0	0	1	0	0
LOC100506937	0	2	0	0	0	0
CHCHD3	2452	1914	2617	2454	2095	1793
MIR3654	49	45	45	30	41	12
EXOC4	2719	2297	2853	2327	2116	1797
MIR6133	0	0	0	0	0	0
LRGUK	10	5	7	7	10	10
SLC35B4	1309	1142	1408	1085	1027	848
AKR1B1	4176	3746	4650	3971	3476	2575
AKR1B10	27	23	25	16	15	11
AKR1B15	0	0	0	1	0	0
BPGM	261	241	259	260	225	184
LOC102724947	0	0	0	0	0	0
CALD1	4001	3482	4498	3849	3662	2850
AGBL3	34	21	37	28	31	14
TMEM140	214	171	236	203	141	166
C7orf49	599	511	620	538	469	380
WDR91	259	198	250	295	214	199
MIR6509	0	0	0	0	0	0
STRA8	0	0	0	0	0	0
CNOT4	1103	897	1146	1146	1015	823
NUP205	8064	6948	8799	7881	7093	5617
C7orf73	1598	1458	1749	1553	1301	1130
SLC13A4	26	18	31	23	27	26
FAM180A	6	4	11	6	16	12
LOC101928915	2	1	0	1	2	0
LUZP6	0	0	0	0	0	0
MTPN	0	0	0	0	0	0
CHRM2	1	1	0	0	1	0
AC009264.1	8	4	10	5	2	4
MIR490	0	0	0	0	0	0
PTN	0	2	2	0	1	0
DGKI	0	0	0	2	0	0
CREB3L2	805	737	907	868	718	612
AC022173.2	0	0	0	0	0	0
AKR1D1	0	0	0	0	1	0
MIR4468	0	0	0	0	0	0
TRIM24	1009	818	989	904	902	783
SVOPL	32	13	17	11	22	12
ATP6V0A4	4	2	2	5	1	1
TMEM213	0	0	0	0	0	1
KIAA1549	452	452	548	519	472	369
ZC3HAV1L	96	88	119	96	87	64
ZC3HAV1	7351	6581	7363	4099	3810	3102
TTC26	856	785	829	683	600	520
UBN2	1239	1022	1187	897	753	662
LUC7L2	389	321	410	381	336	306
C7orf55	9	8	16	13	7	9
TRNAR27	0	0	0	0	1	0
C7orf55-LUC7L2	0	0	0	0	0	0
LOC100129148	0	1	1	2	0	2
KLRG2	22	29	26	31	32	25
CLEC2L	146	164	169	128	119	72
HIPK2	2395	2237	2854	2135	2145	1664
LOC101928984	0	0	0	0	0	0
TBXAS1	3	2	7	3	2	2
PARP12	622	537	589	379	331	266
KDM7A	286	229	300	272	219	213
JHDM1D-AS1	42	45	34	34	44	33
SLC37A3	1202	1056	1284	1121	995	900
RAB19	74	59	66	68	88	49
MKRN1	3145	2663	3422	2985	2665	2324
DENND2A	6	3	4	13	6	9
ADCK2	732	673	837	921	754	643
NDUFB2-AS1	30	18	17	24	20	18
NDUFB2	652	549	682	653	572	431
BRAF	2379	1902	2341	2191	2144	1671
MRPS33	875	796	1013	910	804	613
TMEM178B	25	14	22	22	17	11
AGK	352	348	387	373	366	307
KIAA1147	0	0	0	0	0	0
WEE2-AS1	0	0	0	0	0	0
WEE2	0	0	0	0	0	0
SSBP1	797	661	860	764	640	581
TAS2R3	1	5	2	0	0	1
TAS2R4	3	6	5	3	1	3
TAS2R5	5	3	0	3	4	1
PRSS37	0	1	0	0	0	0
MGAM	3	0	2	0	8	2
OR9A4	0	0	0	2	0	0
CLEC5A	0	1	2	1	0	0
TAS2R38	9	6	8	11	12	6
LOC93432	0	0	0	0	0	0
TRY2P	0	0	0	0	0	0
MTRNR2L6	0	0	0	0	0	0
PRSS2	0	0	0	0	0	0
EPHB6	8	16	16	14	14	14
TRPV6	2	5	3	3	3	7
TRPV5	0	0	0	0	0	0
C7orf34	0	0	0	0	0	0
KEL	0	0	0	0	0	0
OR9A2	0	0	0	0	0	0
OR6V1	0	0	0	0	0	0
OR6W1P	0	0	0	0	0	0
PIP	0	0	0	0	0	0
TAS2R39	0	0	0	0	0	0
TAS2R40	0	0	0	0	0	0
GSTK1	587	490	615	543	428	440
TMEM139	10	6	5	10	6	4
CASP2	2383	1997	2574	2205	2031	1641
CLCN1	9	1	0	2	5	3
FAM131B	14	17	13	21	14	14
LOC101928397	0	0	0	0	1	0
LOC100507507	155	109	157	157	135	100
ZYX	3943	3548	4754	4226	3514	2842
MIR6892	0	0	0	0	0	0
EPHA1	997	913	1009	857	837	655
EPHA1-AS1	7	8	6	11	7	4
TAS2R60	0	0	0	0	0	1
TAS2R41	0	0	0	0	0	0
CTAGE15	8	12	15	22	9	20
LOC101928466	0	1	0	0	1	0
LOC101928422	0	0	1	0	0	0
FAM115C	61	41	53	42	33	39
CTAGE6	1	1	0	0	1	1
LOC154761	2	2	6	5	3	1
FAM115A	2318	1915	2383	2070	1855	1582
OR2F2	0	0	0	0	0	0
OR2F1	0	0	0	0	0	0
OR6B1	0	0	0	0	0	0
OR2A5	0	0	0	0	0	0
OR2A25	0	0	0	0	1	0
OR2A12	0	0	1	0	0	0
OR2A2	0	0	3	0	0	1
OR2A14	0	0	0	0	0	0
CTAGE4	14	11	26	20	25	19
ARHGEF35	226	192	216	219	198	201
OR2A42	0	0	1	0	0	0
OR2A20P	0	1	0	0	0	0
OR2A7	6	8	4	4	1	3
ARHGEF34P	194	158	184	171	149	109
CTAGE8	18	28	32	30	20	33
OR2A9P	0	1	0	0	0	1
OR2A1-AS1	9	9	20	19	15	15
OR2A1	0	0	0	0	0	0
ARHGEF5	654	499	686	559	476	461
LOC101928652	1	1	0	0	1	1
NOBOX	0	0	0	0	0	0
TPK1	64	51	51	57	59	41
CNTNAP2	0	0	4	0	0	0
AC006004.1	0	0	0	0	0	0
MIR548F4	0	0	0	0	0	0
C7orf33	0	0	0	0	0	0
CUL1	3957	3449	4417	3561	3234	2795
EZH2	2105	1775	2388	1933	1807	1680
RNY5	1	1	0	0	0	1
RNY4	0	1	0	0	0	0
RNY3	0	0	0	0	0	0
RNY1	0	0	1	0	0	0
PDIA4	10057	8661	11245	9824	8331	6870
ZNF786	352	253	423	384	319	246
ZNF425	91	80	110	143	141	91
ZNF398	939	828	983	836	726	575
ZNF282	1159	1087	1229	1217	1027	873
ZNF212	448	434	505	449	431	296
ZNF783	503	435	548	388	408	306
LOC155060	62	68	78	72	60	35
TRNAC10	0	0	0	0	0	0
TRNAC28	0	0	0	0	0	0
TRNAC23	0	0	0	0	0	0
TRNAC4	0	0	0	0	0	0
TRNAC21	0	0	0	0	0	0
LOC101928733	0	0	0	0	1	0
TRNAC2	0	0	0	0	0	0
ZNF777	574	446	602	517	414	358
ZNF746	688	597	752	580	463	396
TRNAC11	3	5	1	1	0	0
ZNF767	344	263	361	291	220	210
TRNAC3	1	1	2	1	4	0
TRNAC19	0	0	1	0	1	0
TRNAC8	0	0	0	0	0	0
TRNAC15	1	0	0	1	0	1
TRNAC22	0	0	0	3	0	0
TRNAS28	2	0	1	2	0	0
TRNAC13	0	0	3	1	1	0
TRNAC26	0	0	0	0	0	0
TRNAC6	0	0	0	0	0	0
TRNAC25	0	0	0	0	0	0
TRNAC20	0	0	0	0	0	0
TRNAC27	0	0	0	0	0	0
KRBA1	274	240	326	257	211	208
ZNF467	90	90	112	93	100	85
SSPO	1	5	11	24	23	12
ZNF862	110	95	138	103	117	93
ATP6V0E2-AS1	38	21	38	29	41	24
ATP6V0E2	200	170	231	239	184	149
LOC102723581	4	6	6	9	1	5
LOC100134040	1	1	0	1	2	0
ACTR3C	112	95	137	124	108	75
LRRC61	514	470	588	468	442	322
ZBED6CL	223	202	267	226	210	148
RARRES2	10	5	10	7	4	8
REPIN1	1901	1681	2115	1889	1593	1294
ZNF775	65	56	57	41	58	22
LOC101928806	0	2	3	5	0	0
LOC728743	23	21	29	16	18	13
LINC00996	0	0	0	0	0	0
GIMAP8	2	0	0	3	0	0
GIMAP7	0	0	0	0	2	0
GIMAP4	0	0	0	0	0	0
GIMAP6	0	0	0	1	0	0
GIMAP2	15	14	18	11	10	11
GIMAP1-GIMAP5	0	0	0	0	0	0
GIMAP1	0	1	0	0	0	0
GIMAP5	0	0	0	0	0	0
TMEM176B	6	1	7	5	5	1
TMEM176A	0	0	1	0	0	0
AOC1	2	4	3	5	1	2
KCNH2	5	2	8	4	7	10
NOS3	5	3	2	6	3	4
ATG9B	1	1	4	5	2	1
ABCB8	449	420	478	498	379	318
ASIC3	30	17	48	29	15	24
CDK5	426	351	434	415	340	310
SLC4A2	3821	3339	4391	4038	3408	2703
FASTK	907	774	892	860	756	542
TMUB1	822	701	950	747	635	532
AGAP3	2218	2030	2547	2162	1891	1543
GBX1	0	0	0	0	1	0
ASB10	0	0	0	0	0	0
LOC102723607	0	0	0	3	2	2
IQCA1P1	0	0	0	0	0	1
ABCF2	3727	3169	4299	3844	3376	2813
CHPF2	1320	1079	1422	1374	1267	931
MIR671	0	0	0	0	0	0
SMARCD3	308	250	264	241	252	199
NUB1	2917	2396	2900	2436	2288	1893
WDR86	12	10	7	15	12	9
WDR86-AS1	0	1	0	0	0	0
CRYGN	0	1	0	1	0	0
MIR3907	0	0	0	0	0	0
RHEB	4381	3835	4944	4128	3769	3134
PRKAG2	1079	950	1231	1142	1041	811
LOC644090	0	0	0	2	0	0
PRKAG2-AS1	16	18	23	19	13	14
GALNTL5	0	0	0	0	0	1
GALNT11	844	695	973	814	823	645
KMT2C	6612	5838	7207	6999	6653	5361
FABP5P3	2	5	1	2	2	2
LINC01003	167	144	166	109	82	80
XRCC2	1104	913	1191	1095	1001	834
ACTR3B	522	444	588	548	508	381
LOC101929087	0	0	0	0	0	0
LOC102723686	3	3	0	0	0	0
DPP6	0	0	0	1	1	0
LOC101929998	0	0	0	0	0	0
PAXIP1-AS2	42	58	63	39	27	51
PAXIP1	838	748	1013	852	788	653
PAXIP1-AS1	268	235	293	204	205	138
HTR5A-AS1	0	0	0	0	0	0
HTR5A	0	0	0	0	0	0
LOC102723715	0	0	0	0	0	0
INSIG1	3135	2675	3448	3218	2859	2334
BLACE	0	0	0	0	0	0
LOC100286906	0	0	0	0	0	0
EN2	155	122	143	111	109	79
CNPY1	0	1	0	0	0	3
LOC100506302	149	118	143	108	91	91
RBM33	3232	2674	3506	3339	2904	2348
SHH	1	0	1	9	7	15
LOC389602	0	0	1	2	2	2
AC073133.1	0	0	1	1	1	1
LINC01006	2	2	2	0	7	6
LINC00244	0	0	0	0	0	0
C7orf13	150	125	151	118	111	98
RNF32	82	59	68	65	59	68
LOC101927858	23	22	20	24	19	14
LMBR1	4142	3608	4470	4228	3873	3032
LOC102723795	1	0	2	5	4	1
NOM1	2753	2254	3082	2633	2419	1872
MNX1	200	162	195	178	190	133
MNX1-AS1	42	31	42	42	55	40
UBE3C	7354	6344	8219	7733	6929	5530
DNAJB6	5369	4431	5509	5415	4559	4127
AC006372.4	7	3	4	5	10	3
LOC100506557	1	0	0	4	3	2
PTPRN2	44	14	35	34	43	28
MIR153-2	0	0	0	0	0	0
AC011899.9	0	0	1	0	0	0
LOC101927962	0	0	0	0	0	0
MIR595	0	0	0	0	0	0
MIR5707	0	0	0	0	0	0
NCAPG2	5625	4905	6168	5454	4968	4144
ESYT2	4992	4169	5254	4663	4451	3549
WDR60	462	399	489	472	387	354
LINC00689	2	7	4	9	10	6
VIPR2	38	36	40	25	20	24
LOC101927982	0	0	0	0	0	0
LOC101927506	2	2	0	1	2	4
OR4F21	0	0	0	0	0	0
RPL23AP53	67	47	66	75	51	55
ZNF596	15	5	6	9	9	4
LOC101927566	2	0	2	1	2	2
LOC101927595	16	13	12	16	16	8
FAM87A	1	10	7	3	2	5
FBXO25	449	409	445	434	396	327
TDRP	363	339	367	352	316	215
ERICH1	474	428	539	478	422	408
LOC389607	1	3	2	6	4	3
ERICH1-AS1	0	0	0	0	0	0
LOC401442	0	0	0	0	0	0
DLGAP2	0	0	0	0	0	0
LOC102723691	0	0	0	0	0	0
LOC286083	0	0	0	0	0	0
LOC102723676	0	0	0	1	0	0
RP11-666I19.2	0	0	0	0	0	0
CLN8	0	0	0	0	0	0
LOC101927752	0	0	0	0	0	0
MIR3674	0	0	0	0	0	0
MIR596	0	0	0	0	0	0
ARHGEF10	0	0	0	0	0	0
LOC100131395	0	0	0	0	0	0
LOC101928058	0	0	0	0	0	0
KBTBD11	0	0	0	0	0	0
MYOM2	12	2	15	9	16	15
MIR7160	0	0	0	0	0	0
RP11-378A12.1	0	0	0	0	0	0
RP11-134O21.1	0	0	0	0	0	0
CSMD1	0	0	0	0	0	0
LOC100287015	99	69	102	58	46	33
MCPH1	692	633	831	740	687	513
ANGPT2	8	3	14	7	11	8
LOC100507530	11	10	8	3	2	5
MIR8055	0	1	1	0	1	0
LOC102723801	15	15	15	12	11	5
AGPAT5	2969	2652	3344	3149	2728	2279
MIR4659A	0	0	0	0	0	0
MIR4659B	0	0	0	0	0	0
XKR5	1	0	0	2	0	0
GS1-24F4.2	0	0	0	0	0	0
DEFB1	0	0	0	0	0	0
DEFA6	0	0	0	0	0	0
DEFA4	0	0	0	0	0	0
DEFA8P	0	0	0	0	0	0
DEFA9P	0	0	0	0	0	0
DEFA10P	0	0	0	0	0	0
DEFA1	0	0	0	0	0	0
DEFT1P	0	0	0	0	0	0
DEFA1B	0	0	0	0	0	0
DEFT1P2	0	0	0	0	0	0
DEFA3	0	0	0	0	0	0
DEFA11P	0	0	0	0	0	0
DEFA5	0	0	0	0	0	0
LINC00965	0	0	0	0	0	0
FAM66B	7	3	8	3	3	4
DEFB109P1B	0	0	0	0	0	0
USP17L1P	0	0	0	0	0	0
USP17L4	0	0	0	0	0	0
ZNF705G	0	0	0	0	0	0
DEFB4B	0	0	0	0	0	0
DEFB103B	0	0	0	0	0	0
SPAG11B	0	0	0	0	0	0
DEFB104B	0	0	0	0	0	0
DEFB106B	0	0	0	0	0	0
DEFB105B	0	0	0	0	0	0
DEFB107B	0	0	0	0	0	0
PRR23D1	0	0	0	0	0	0
FAM90A7P	0	0	0	0	0	0
FAM90A10P	0	0	0	0	0	0
PRR23D2	0	0	0	0	0	0
DEFB107A	0	0	0	0	0	0
DEFB105A	0	0	0	0	0	0
DEFB106A	0	0	0	0	0	0
DEFB104A	0	0	0	0	0	0
SPAG11A	0	0	0	0	0	0
DEFB103A	0	0	0	0	0	0
DEFB4A	0	0	0	0	0	0
ZNF705B	0	0	0	0	0	0
FAM66E	0	0	0	0	0	0
USP17L8	0	0	0	0	0	0
USP17L3	0	0	0	0	0	0
MIR548I3	0	0	0	0	0	0
FAM86B3P	51	68	58	48	36	37
SGK223	592	542	672	709	605	458
CLDN23	58	54	68	57	63	51
MFHAS1	1230	1196	1552	1169	1038	787
ERI1	2048	1711	2140	2027	1869	1449
MIR4660	0	0	0	1	1	0
PPP1R3B	340	328	373	379	321	236
LOC102724880	9	4	6	4	3	1
RP11-10A14.5	2	2	3	7	2	2
LOC101929167	0	0	0	0	0	0
RP11-115J16.1	0	0	0	0	0	0
TNKS	2530	2122	2688	2730	2665	2107
MIR597	0	0	0	0	1	0
LINC00599	0	0	0	0	0	0
MIR124-1	0	0	0	0	0	0
MSRA	285	227	258	333	240	195
LOC101929191	5	3	1	1	5	2
PRSS55	0	0	0	0	0	0
RP1L1	16	31	30	20	15	12
MIR4286	0	0	0	0	0	0
C8orf74	0	1	0	0	0	1
SOX7	842	652	776	597	545	436
LOC102723313	7	7	4	2	3	1
PINX1	317	307	422	368	337	264
LOC102724974	3	0	6	4	2	5
MIR1322	0	0	0	0	0	0
LOC101929229	3	0	0	0	0	0
LOC101929248	0	0	0	0	0	0
XKR6	0	0	0	0	0	0
MIR598	0	0	0	0	0	0
LOC101929269	0	0	0	0	0	0
MTMR9	481	387	452	418	438	350
LOC101929290	3	16	7	8	3	6
SLC35G5	0	1	1	0	0	0
TDH	0	0	0	1	5	1
C8orf12	1	0	2	0	0	0
FAM167A	31	42	35	43	46	46
BLK	0	0	2	2	0	0
LINC00208	0	0	0	1	0	0
GATA4	345	334	435	354	283	266
LOC101929490	0	0	0	0	0	0
C8orf49	8	13	16	13	14	10
NEIL2	410	363	444	425	336	274
FDFT1	5887	5121	6513	6301	5229	4555
CTSB	2737	2497	3043	2559	2374	1987
DEFB136	0	0	0	0	0	0
DEFB135	0	0	0	0	0	0
DEFB134	0	0	0	0	0	0
LOC100133267	0	0	0	0	0	0
ZNF705D	1	0	0	2	1	0
FAM66D	17	5	17	20	15	13
LOC392196	1	0	1	3	1	1
USP17L7	0	0	1	1	2	4
USP17L2	3	0	1	3	0	0
FAM90A2P	1	0	0	0	0	0
LOC101929313	1	1	0	0	0	0
FAM86B1	13	12	22	12	9	17
FAM85A	6	5	6	4	3	5
DEFB130	0	0	0	0	0	0
FAM66A	2	0	1	0	0	0
LOC649352	0	0	0	0	0	0
DEFB109P1	0	1	0	0	0	0
FAM90A25P	0	0	0	0	2	0
FAM86B2	4	6	9	4	3	1
LOC100506990	70	69	90	67	73	49
LOC101928998	0	0	0	1	0	1
LOC729732	6	5	1	12	5	1
MIR5692A2	0	0	0	0	0	0
LONRF1	435	387	444	358	289	252
MIR3926-1	0	0	0	0	0	0
MIR3926-2	0	0	0	0	0	0
RP11-252C15.1	0	0	0	0	0	0
LINC00681	0	0	0	0	0	0
KIAA1456	25	15	12	27	15	10
LOC102724803	0	0	0	0	0	0
DLC1	80	68	87	139	120	90
C8orf48	0	0	0	0	0	0
SGCZ	0	0	3	1	0	1
MIR383	0	0	0	0	0	0
TUSC3	3009	2543	3148	2869	2828	2188
MSR1	7	9	8	7	5	8
LOC101929028	8	18	16	9	15	5
FGF20	0	0	1	2	0	0
MICU3	246	192	252	281	225	181
ZDHHC2	859	774	933	851	786	629
CNOT7	4229	3672	4753	4313	4009	3292
VPS37A	929	814	957	1009	928	777
MTMR7	59	29	51	43	37	33
LOC102724838	0	0	0	0	0	0
SLC7A2	184	179	191	181	143	119
PDGFRL	38	24	58	43	34	38
MTUS1	1307	1208	1502	1125	1092	806
MIR548V	1	0	1	0	0	0
LOC101930275	4	15	7	4	8	2
FGL1	10	12	10	10	4	10
PCM1	5084	4202	5509	5068	4712	3859
ASAH1	2075	1731	2158	2065	1794	1605
NAT1	214	209	220	271	222	226
NAT2	2	0	0	2	5	0
PSD3	741	769	948	757	631	516
LOC101929092	0	0	0	0	0	1
RP11-1080G15.1	0	0	0	0	0	0
SH2D4A	969	746	949	918	842	660
LOC102724881	12	2	15	9	12	3
CSGALNACT1	73	68	113	80	76	76
INTS10	1651	1491	1799	1670	1404	1260
LPL	0	0	0	0	0	0
SLC18A1	0	0	0	0	0	0
ATP6V1B2	2046	1775	2321	2146	1946	1606
LZTS1	64	84	78	27	31	22
LZTS1-AS1	0	0	0	0	0	0
RP11-421P23.1	0	0	0	0	0	0
RP11-24P4.1	0	0	0	0	0	0
GFRA2	0	1	0	2	2	0
DOK2	0	0	0	0	0	0
XPO7	4995	4338	5575	4715	4088	3232
NPM2	41	37	42	38	20	23
FGF17	10	5	7	5	9	10
DMTN	538	483	587	511	480	415
FAM160B2	931	871	1013	918	820	675
NUDT18	144	115	156	119	133	92
HR	1206	1040	1247	1002	819	703
REEP4	1411	1258	1545	1388	1218	966
LGI3	7	3	8	9	9	8
SFTPC	8	5	10	7	3	8
BMP1	1313	1128	1359	1316	1131	927
PHYHIP	44	50	64	78	51	49
MIR320A	2	2	1	2	0	0
POLR3D	888	775	964	821	818	631
LOC100507071	12	19	29	12	18	6
PIWIL2	5	4	5	13	14	12
SLC39A14	4122	3836	5106	4425	4009	3095
PPP3CC	182	154	223	222	148	155
LOC102724920	0	0	0	0	0	0
SORBS3	960	941	1213	1153	958	851
PDLIM2	395	309	409	590	445	395
C8orf58	56	48	48	79	47	38
LOC101929211	0	0	2	5	1	3
CCAR2	4409	3772	4699	4252	3711	3201
BIN3	387	347	386	350	336	296
BIN3-IT1	2	4	5	5	0	1
EGR3	284	213	280	438	408	313
PEBP4	2	0	2	6	2	3
RP11-87E22.2	0	0	0	1	1	0
RHOBTB2	1678	1296	1638	1760	1571	1328
TNFRSF10B	2060	1699	2051	2025	1697	1356
RP11-875O11.2	5	8	4	6	6	6
LOC254896	0	1	0	1	1	0
TNFRSF10C	0	0	0	0	1	0
TNFRSF10D	0	0	0	0	0	0
TNFRSF10A	0	0	0	0	0	0
LOC389641	0	0	0	1	0	0
CHMP7	1342	1079	1412	1190	1112	890
R3HCC1	216	177	233	165	167	152
LOXL2	3127	2642	3541	3088	2799	2205
LOC100507156	6	5	9	4	7	7
ENTPD4	1706	1516	1792	1768	1533	1288
SLC25A37	1440	1305	1524	1405	1085	1002
NKX3-1	454	400	514	408	430	347
NKX2-6	0	0	0	0	0	0
LOC101929258	0	0	0	0	0	0
STC1	93	61	84	305	280	238
ADAM28	2	4	0	2	4	5
RP11-624C23.1	0	0	0	0	0	0
ADAMDEC1	0	0	0	0	0	0
ADAM7	0	0	0	0	0	1
RP11-561E1.1	0	0	0	0	0	0
NEFM	23	24	27	38	39	22
NEFL	347	287	396	502	482	412
MIR6841	0	0	0	0	0	0
DOCK5	2844	2598	3324	3291	3025	2228
MIR6876	0	0	0	0	0	0
GNRH1	41	45	42	42	32	23
KCTD9	2611	2395	2852	2422	2248	1961
CDCA2	2440	2126	2795	2368	2183	1808
LOC102723395	0	0	0	0	1	0
EBF2	2	6	1	0	5	0
LOC100507236	0	0	0	0	0	0
PPP2R2A	2605	2176	2827	2591	2244	1958
LOC102723411	1	1	1	1	1	1
BNIP3L	2310	1903	2285	2086	1991	1497
PNMA2	1	3	3	4	1	2
DPYSL2	578	490	641	537	495	431
ADRA1A	4	3	6	1	4	1
MIR548H4	0	0	0	0	0	0
STMN4	1	0	0	0	2	0
TRIM35	431	410	506	451	391	308
PTK2B	894	795	950	904	811	609
MIR6842	0	0	1	0	0	0
CHRNA2	2	2	0	2	1	3
EPHX2	46	36	57	35	42	41
CLU	1406	1147	1445	1638	1457	1186
MIR6843	0	0	0	0	0	0
SCARA3	397	325	420	428	367	325
MIR3622B	0	0	0	0	0	0
MIR3622A	0	0	0	0	0	0
CCDC25	1483	1240	1519	1400	1348	1061
ESCO2	1963	1668	2051	2086	1852	1512
PBK	2334	2063	2587	2154	1959	1569
SCARA5	4	0	2	3	0	2
MIR4287	0	0	0	0	0	0
NUGGC	1	0	3	1	0	1
ELP3	1318	1104	1447	1254	1101	916
PNOC	0	0	1	0	0	0
ZNF395	1607	1464	1801	1256	1101	886
FBXO16	66	53	51	64	48	49
FZD3	775	763	842	662	606	509
MIR4288	0	0	0	0	0	0
EXTL3-AS1	3	4	4	1	3	1
EXTL3	2549	2404	2921	2284	2116	1477
INTS9	489	428	517	417	406	372
HMBOX1	1739	1678	1978	1860	1681	1373
KIF13B	1005	878	1121	1077	1010	845
LOC101929419	0	0	1	1	1	0
DUSP4	438	352	411	678	563	457
LINC00589	1	2	5	4	2	1
AC145110.1	0	0	0	0	0	0
LOC102723484	0	0	0	0	0	0
RP11-94H18.1	4	2	6	3	9	6
FAM183CP	0	0	0	0	0	1
MIR3148	0	0	0	0	0	0
TMEM66	3544	2969	3848	3845	3220	2741
LEPROTL1	1285	1097	1462	1354	1191	979
MBOAT4	3	1	7	6	6	4
DCTN6	1051	933	1107	995	921	838
RBPMS-AS1	1	1	1	1	2	3
RBPMS	95	107	76	105	105	79
LOC102723549	0	0	0	1	0	0
LOC102723535	3	1	0	3	8	7
GTF2E2	1187	1016	1208	1047	948	760
SMIM18	1	1	1	1	0	0
GSR	1634	1321	1685	1488	1309	1111
UBXN8	187	125	226	179	168	153
PPP2CB	2795	2539	3144	2890	2591	2110
TEX15	28	16	32	21	42	19
PURG	9	6	5	13	16	12
WRN	1780	1626	1923	1561	1462	1168
LOC101929492	0	0	0	0	0	0
NRG1	529	546	656	581	492	389
NRG1-IT1	0	0	0	0	0	0
NRG1-IT3	0	0	0	0	0	0
FUT10	277	235	327	307	281	199
MAK16	805	666	900	815	766	607
TTI2	383	318	386	390	337	250
SNORD13	0	5	0	2	0	1
RNF122	41	25	31	26	31	26
DUSP26	0	0	0	0	0	0
UNC5D	0	0	2	0	0	0
LOC101929550	0	0	0	0	0	0
KCNU1	2	0	0	0	0	0
LOC102723593	0	0	0	0	0	0
LOC100507403	0	0	0	0	0	0
LOC100507420	12	5	12	8	13	6
RP11-150O12.6	0	2	0	0	1	0
LOC101929604	0	0	0	0	0	0
ZNF703	49	31	57	75	64	41
RP11-863K10.2	0	0	0	0	0	0
LOC102723701	1	1	0	3	2	1
ERLIN2	1198	1023	1351	1155	1104	887
LOC728024	7	12	16	12	22	17
PROSC	1625	1473	1766	1625	1478	1200
GPR124	13	12	11	10	16	2
BRF2	180	168	199	178	205	129
RAB11FIP1	755	664	841	1013	902	679
GOT1L1	0	0	0	0	0	0
ADRB3	0	0	0	0	0	0
EIF4EBP1	422	392	559	383	319	252
ASH2L	858	688	870	900	805	705
STAR	4	4	4	3	5	1
LSM1	419	375	466	516	426	340
BAG4	598	561	647	628	590	473
DDHD2	561	534	641	569	440	419
PPAPDC1B	192	154	223	234	222	173
WHSC1L1	2189	1966	2282	2429	2122	1814
LETM2	42	22	35	47	33	37
LOC102723716	0	0	0	1	0	1
FGFR1	136	118	118	202	170	116
C8orf86	0	0	0	0	0	0
RNF5P1	27	32	22	26	31	35
TACC1	851	748	910	972	888	727
PLEKHA2	979	820	1156	1056	941	677
HTRA4	0	0	0	1	0	0
TM2D2	447	373	477	499	422	347
ADAM9	1700	1479	1926	1773	1519	1297
ADAM32	0	0	0	1	0	1
ADAM5	0	0	0	0	0	0
ADAM3A	0	0	0	0	0	0
LOC100130964	0	0	0	0	0	0
ADAM18	0	0	0	0	0	0
ADAM2	0	0	0	0	0	0
IDO1	5	3	4	0	0	0
IDO2	0	0	0	0	0	0
C8orf4	0	0	0	0	0	1
ZMAT4	0	0	0	0	0	0
SFRP1	3	0	0	0	2	0
MIR548AO	0	0	0	0	0	0
GOLGA7	1541	1302	1644	1585	1468	1254
GINS4	1078	963	1229	1338	1157	937
LOC102723729	3	3	2	1	1	2
AGPAT6	1883	1736	2097	2161	1971	1705
NKX6-3	0	0	0	0	0	0
ANK1	150	128	141	143	119	92
MIR486	0	0	0	0	0	0
MIR486-2	0	0	0	0	0	0
KAT6A	5293	4351	5530	5554	5191	4207
AP3M2	1494	1354	1720	1537	1330	1046
PLAT	370	339	399	584	557	442
LOC101929897	7	8	10	8	7	11
IKBKB	1337	1106	1249	1199	947	926
POLB	850	761	1045	977	949	736
DKK4	3	2	0	1	0	0
VDAC3	5836	5001	6319	6241	5576	4856
SLC20A2	3824	3219	4173	3968	3530	2887
SMIM19	721	691	847	696	681	576
CHRNB3	0	0	0	0	0	0
CHRNA6	0	0	1	3	1	4
THAP1	418	361	389	392	403	326
RNF170	414	340	439	395	393	297
MIR4469	0	0	0	0	0	0
HOOK3	2069	1802	2170	2156	2060	1637
FNTA	1193	1105	1386	1249	1106	950
POMK	354	314	394	363	341	238
HGSNAT	566	479	611	584	500	464
POTEA	0	0	0	0	0	0
LOC102724241	0	0	0	0	0	0
LINC00293	0	0	0	0	0	0
RP11-1134I14.8	3	4	17	10	12	11
LOC100996586	0	0	0	0	1	0
SPIDR	2040	1656	2041	1801	1517	1296
CEBPD	998	743	926	896	749	554
PRKDC	43027	38987	50198	48924	44324	35953
MCM4	17568	15205	19817	17444	16045	12594
UBE2V2	4859	3978	4986	4618	4582	3963
RP11-770E5.1	6	4	12	5	3	7
LOC101929217	0	0	0	0	0	0
EFCAB1	7	5	9	5	5	0
SNAI2	1530	1424	1871	1358	1366	1152
C8orf22	0	0	0	0	0	0
LOC100507464	0	0	0	0	0	0
LOC102724295	0	0	0	0	0	0
SNTG1	0	0	0	0	0	0
PXDNL	9	6	5	6	6	7
LOC102724313	0	0	0	0	0	0
PCMTD1	1184	986	1057	1012	962	854
LOC102724330	31	33	34	33	30	19
ST18	0	1	0	1	0	1
LOC101929341	0	0	0	0	0	0
FAM150A	0	1	0	0	0	0
RB1CC1	4297	3732	4557	4347	3957	3224
NPBWR1	18	18	25	25	19	16
OPRK1	2	6	4	2	3	2
LOC102724359	0	0	0	1	1	0
ATP6V1H	3072	2696	3358	3080	2795	2099
RGS20	647	589	764	527	414	322
TCEA1	14815	12915	15911	14864	13407	11118
LYPLA1	7871	6677	8210	8075	7325	5966
MRPL15	2697	2510	3072	2835	2574	2037
RNU105C	0	0	0	0	0	0
SOX17	17	15	20	18	19	4
LOC100129098	0	0	0	0	0	0
RP1	1	0	1	3	5	4
LOC100287651	0	0	0	0	0	0
XKR4	0	0	0	0	0	0
SBF1P1	0	1	1	0	0	0
TMEM68	1226	1018	1230	1076	1065	815
TGS1	2822	2361	2977	2714	2425	2032
LYN	2823	2443	3202	2528	2348	1896
RPS20	27332	23154	30106	29622	25806	21664
SNORD54	13	13	12	8	16	9
MOS	0	0	0	0	0	0
PLAG1	968	815	987	819	713	642
CHCHD7	1969	1622	2118	2167	1891	1725
SDR16C5	16	4	9	11	16	13
SDR16C6P	0	0	0	0	0	0
PENK	3	1	0	0	0	0
RP11-17A4.2	0	0	0	0	0	1
LOC101929398	0	0	0	0	0	0
LINC00968	0	0	1	0	0	0
IMPAD1	10210	8869	10860	10722	9803	8013
RP11-513O17.2	0	0	0	0	0	0
RP11-513O17.2_1	0	0	0	0	0	0
RP11-513O17.3	0	0	0	0	0	0
LINC00588	0	0	0	0	0	0
RP11-756K15.2	0	0	0	0	0	0
LOC286178	4	2	2	0	0	0
FAM110B	12	8	13	12	13	14
LOC101929528	0	0	0	0	0	0
UBXN2B	1983	1651	2165	1986	1950	1375
CYP7A1	0	1	0	0	2	0
SDCBP	9368	7852	9686	10118	8938	7424
NSMAF	4453	3893	4941	4479	4014	3237
TOX	27	37	45	38	23	27
LOC100505501	40	35	49	51	38	44
CA8	0	0	0	0	1	0
RP11-163N6.2	17	12	22	33	19	11
RAB2A	5145	4415	5589	4964	4615	3957
LOC102724496	1	0	0	2	1	0
CHD7	2909	2433	3135	2759	2477	2038
LOC101929576	3	0	3	0	1	1
LOC100130298	0	0	1	0	1	0
LOC101929593	1	1	0	0	0	2
CLVS1	0	2	2	7	6	4
ASPH	11477	10273	12547	10867	9946	8467
MIR4470	0	0	0	0	0	0
LOC101929610	0	0	1	0	0	0
LOC101929628	0	0	0	0	0	0
NKAIN3	1	2	3	1	2	2
UG0898H09	0	0	0	0	0	0
GGH	2447	2146	2567	2688	2300	1947
TTPA	57	59	59	46	58	41
YTHDF3-AS1	19	22	10	18	11	11
YTHDF3	4377	3634	4414	4705	4270	3531
LOC102724612	0	0	0	0	0	0
RP11-579E24.1	0	0	0	0	1	0
LOC102724623	0	0	0	0	0	0
LINC00966	0	0	0	0	0	0
MIR124-2	0	0	0	0	0	0
LOC101929675	0	0	0	0	0	0
LOC401463	0	0	0	0	0	0
BHLHE22	0	0	0	0	0	1
CYP7B1	208	181	209	314	236	213
LINC00251	0	0	0	0	0	0
LOC286186	0	0	0	0	0	2
ARMC1	2992	2506	3237	3027	2824	2358
MTFR1	2340	2074	2590	2354	2034	1668
PDE7A	1049	838	948	989	864	713
DNAJC5B	0	0	0	0	0	0
LOC101060153	0	1	1	0	3	0
TRNAY15	0	0	0	0	0	0
TRNAY6	0	0	0	0	0	0
TRNAA39	0	0	1	0	0	0
TRIM55	8	4	1	1	4	0
LOC101929722	0	0	0	0	0	0
CRH	0	0	1	0	0	0
LINC00967	0	0	0	0	0	0
LOC102724687	1	0	2	0	0	3
RP11-346I3.4	2	3	3	7	5	1
RRS1	1268	1025	1358	1173	1001	831
ADHFE1	41	23	32	34	34	34
C8orf46	0	1	4	11	6	2
MYBL1	720	601	744	828	819	688
VCPIP1	2591	2145	2743	2500	2306	1819
C8orf44-SGK3	3	0	0	0	0	0
C8orf44	149	140	134	118	119	102
SGK3	8	5	4	5	2	4
PTTG3P	15	20	13	25	17	31
MCMDC2	69	86	80	74	67	46
SNHG6	887	896	1063	819	689	578
SNORD87	13	21	19	7	10	15
TCF24	17	9	26	33	10	20
PPP1R42	4	1	14	1	2	7
COPS5	2756	2412	3130	2889	2547	2044
CSPP1	1595	1332	1628	1392	1307	1090
ARFGEF1	7282	6038	7395	6929	6244	5338
LOC102724708	10	6	12	7	3	3
CPA6	3	0	0	0	0	0
PREX2	4	4	6	4	0	2
LOC286189	1	0	0	0	0	0
C8orf34	0	0	0	0	0	2
RP11-600K15.1	3	1	4	1	2	2
RP11-744J10.3	0	0	0	0	0	0
SULF1	47	52	41	40	43	39
SLCO5A1	4	4	12	9	4	9
LOC101929759	3	1	3	3	1	1
PRDM14	0	0	0	0	0	0
NCOA2	4295	3635	4405	3898	3784	3075
RP11-333A23.4	0	0	0	0	0	0
TRAM1	7587	6380	7591	7259	6726	5427
LOC286190	3	2	1	5	6	0
LACTB2	560	372	474	474	478	418
XKR9	3	3	4	3	2	1
EYA1	175	169	168	125	117	108
LOC102724772	0	0	0	0	0	0
MSC	31	38	31	23	11	16
LOC100132891	148	156	182	105	105	78
TRPA1	6	10	5	10	8	7
LOC392232	7	1	3	7	1	1
KCNB2	54	54	64	79	67	56
RP11-313C15.1	0	0	0	0	0	0
TERF1	1567	1129	1519	1432	1282	1067
SBSPON	21	16	26	22	17	13
LOC100130301	0	0	0	1	0	2
RPL7	28989	24200	31451	28861	25915	21212
RDH10	405	331	402	501	440	313
STAU2-AS1	1	0	5	0	5	0
STAU2	2771	2286	2790	3022	2835	2363
UBE2W	2482	2148	2593	3010	2735	2227
NCRNA00249	0	0	1	2	2	1
TCEB1	2712	2293	2794	2869	2585	2222
TMEM70	986	852	1083	1123	989	829
LY96	3	4	1	9	10	9
JPH1	828	730	944	831	758	631
LOC101926965	0	0	0	1	1	0
GDAP1	915	818	1090	1038	879	732
MIR5681A	0	0	0	0	0	0
MIR5681B	0	0	0	0	0	0
FLJ39080	21	6	20	21	9	18
MIR2052	0	0	0	0	0	0
PI15	59	50	57	45	48	27
CRISPLD1	1000	911	1113	1170	1046	845
CASC9	366	258	326	297	296	227
HNF4G	130	123	165	88	70	63
LOC102724858	4	8	6	5	6	5
LINC01111	1	3	4	10	6	5
ZFHX4-AS1	4	0	0	1	0	0
ZFHX4	361	307	455	465	473	354
PEX2	1196	940	1352	979	910	803
LOC102724874	0	0	0	0	0	0
PKIA	409	390	468	504	396	365
RP11-594N15.2	3	3	1	8	7	3
ZC2HC1A	470	380	461	445	404	390
LOC101241902	9	6	6	3	7	8
IL7	30	28	30	29	23	9
STMN2	0	0	0	0	0	0
HEY1	25	9	33	27	22	24
RP11-26J3.1	2	4	4	7	4	3
RP11-27N21.3	1	2	2	0	2	2
LOC101927022	1	0	0	2	0	0
MRPS28	1014	801	1119	921	796	709
TPD52	3282	3040	3773	3361	3023	2600
MIR5708	0	0	0	0	0	0
ZBTB10	660	571	664	540	496	364
ZNF704	559	547	540	301	278	240
PAG1	173	101	163	237	195	154
LOC101927085	29	22	33	40	33	29
FABP5	1580	1304	1797	1500	1346	1203
PMP2	0	8	0	2	6	1
FABP9	2	1	0	0	1	0
FABP4	0	0	0	4	1	2
FABP12	0	0	0	0	0	0
LOC101927118	0	0	0	2	1	1
IMPA1	2304	1813	2242	2179	1995	1660
SLC10A5	9	5	7	17	12	7
ZFAND1	2008	1534	2004	1680	1660	1420
CHMP4C	1056	891	1117	1073	1046	840
SNX16	476	428	512	544	520	453
LOC101927141	0	0	0	0	0	0
RALYL	4	6	6	6	4	1
LRRCC1	1259	1061	1306	1001	959	743
LOC102723322	0	1	2	1	1	0
E2F5	186	164	178	162	111	130
C8orf59	999	858	1132	1008	853	838
LOC100507258	22	18	13	12	18	16
CA13	117	100	142	115	118	90
CA1	0	0	0	0	0	0
CA3	1	9	1	7	6	3
RP11-317J10.2	32	40	38	34	27	16
CA2	2258	2047	2349	2166	1905	1453
REXO1L1P	0	0	0	0	0	0
LOC101929601	0	0	0	0	0	0
LOC101929627	0	0	0	0	0	0
REXO1L2P	0	0	0	0	0	0
LOC100288562	0	0	0	0	0	0
PSKH2	1	0	0	0	0	0
ATP6V0D2	0	0	0	0	0	0
SLC7A13	0	0	0	0	0	0
WWP1	1964	1879	2345	2174	2001	1688
RMDN1	1308	1178	1422	1373	1207	1050
CPNE3	6244	5183	6598	6270	5665	4777
CNGB3	20	17	33	32	27	33
CNBD1	0	0	0	0	0	0
DCAF4L2	0	0	0	0	0	0
MMP16	156	155	171	165	134	118
RP11-37B2.1	13	18	11	13	16	10
LOC101929758	47	47	48	61	43	17
RIPK2	887	796	1057	939	876	707
OSGIN2	1425	1192	1456	1504	1414	1148
NBN	4781	4089	5299	4736	4236	3647
DECR1	922	758	920	801	760	657
CALB1	16	8	15	16	16	15
LINC00534	0	0	0	0	0	0
LOC101926899	0	0	0	0	0	0
LINC01030	0	0	0	0	0	0
TMEM64	1460	1217	1584	1430	1263	1018
LOC100506351	2	6	11	2	7	2
LOC102724670	0	0	0	0	0	0
NECAB1	7	9	14	11	5	10
C8orf88	6	2	15	4	1	3
TMEM55A	326	257	294	314	306	278
GS1-251I9.4	473	372	462	586	478	389
OTUD6B	1161	931	1212	1149	1033	925
LRRC69	35	28	35	28	37	33
MIR4661	0	0	0	0	0	0
SLC26A7	9	12	5	9	8	13
RUNX1T1	1	2	2	3	5	6
LOC102724688	0	0	0	0	0	0
LOC102724710	0	0	0	0	0	0
LOC101926956	0	0	0	0	0	0
FLJ46284	0	0	0	0	1	0
TRIQK	936	860	1027	842	854	712
MIR8084	0	0	0	0	0	0
C8orf87	0	0	0	0	0	0
LINC00535	2	3	8	0	1	0
FAM92A1	1058	929	1202	1082	1014	782
RBM12B	2286	1908	2181	1941	1779	1335
RBM12B-AS1	34	14	23	12	7	11
TMEM67	700	586	793	593	502	510
MIR378D2	4	0	1	3	0	2
PDP1	4075	3119	3782	3139	2679	1977
CDH17	0	1	1	4	1	1
GEM	108	79	101	96	91	84
RAD54B	1153	1068	1280	1122	1057	938
FSBP	0	0	0	0	0	0
KIAA1429	3800	3190	4098	4101	3695	2874
LOC101926977	13	11	24	9	16	8
LOC100288748	100	82	105	82	77	62
ESRP1	7654	6741	8444	7009	6179	4998
DPY19L4	3401	2782	3239	2908	2792	2255
INTS8	2931	2454	3070	2873	2578	2197
CCNE2	732	633	786	822	840	706
TP53INP1	97	98	91	140	147	107
LOC101927002	16	4	14	10	15	7
LOC100506538	59	28	50	44	45	30
NDUFAF6	660	628	779	633	609	522
MIR3150B	0	0	0	0	0	0
MIR3150A	0	0	0	0	0	0
PLEKHF2	1723	1520	1769	1487	1504	1184
C8orf69	0	0	0	0	0	0
C8orf37	291	259	289	272	249	198
LOC100616530	6	3	0	3	6	7
TRNAS20	1	0	1	1	0	2
LOC100500773	0	0	0	1	0	0
GDF6	225	174	267	200	181	143
UQCRB	4311	3503	4724	4333	3810	3497
LOC101927039	0	2	0	1	1	0
MTERFD1	987	838	1007	938	793	750
PTDSS1	4734	4121	5286	4890	4386	3574
LOC102724804	0	2	3	0	0	0
SDC2	359	310	368	483	393	330
CPQ	191	151	180	139	102	102
LOC101927066	0	0	0	0	0	1
TSPYL5	527	488	635	539	514	325
MTDH	15044	12964	16334	14858	13667	10906
LAPTM4B	9142	8527	10645	9517	8705	6753
MATN2	529	473	536	501	443	373
LOC100506558	0	0	0	0	0	1
RPL30	16869	15114	18799	17238	14977	12780
SNORA72	12	8	9	10	16	9
C8orf47	24	16	7	24	29	15
HRSP12	712	507	684	721	730	571
POP1	1335	1162	1507	1683	1452	1208
NIPAL2	960	814	925	965	864	719
KCNS2	3	1	1	4	2	0
STK3	1802	1410	1838	1899	1790	1467
OSR2	97	85	112	126	121	93
VPS13B	2643	2197	2707	2647	2270	1953
MIR599	0	0	0	0	0	0
MIR875	0	0	0	0	0	0
COX6C	1900	1649	2219	2126	1722	1437
RGS22	0	0	0	3	3	2
MIR1273A	0	0	0	0	0	0
FBXO43	139	104	123	98	98	98
POLR2K	2662	2288	2779	2756	2564	2101
SPAG1	902	707	943	1019	891	747
RNF19A	2261	1960	2368	2287	2069	1790
LOC102724867	5	0	5	4	2	3
MIR4471	0	0	0	0	0	0
ANKRD46	455	380	472	400	349	323
SNX31	0	4	2	5	4	3
PABPC1	113923	95048	123309	111562	98419	83427
MIR7705	0	0	0	0	0	0
YWHAZ	101304	86938	111780	97317	88129	71451
FLJ42969	37	32	44	70	45	52
ZNF706	3051	2628	3241	2683	2506	2051
NACAP1	55	65	58	56	45	69
LOC101927172	13	16	14	7	3	11
GRHL2	5751	4763	5892	5485	4715	3825
NCALD	10	13	12	17	15	14
MIR5680	0	0	0	0	0	0
RRM2B	3046	2546	3053	2766	2779	2148
UBR5	18014	16097	19933	19121	16769	14512
LOC101927201	9	13	7	8	8	2
ODF1	0	0	0	0	0	1
KLF10	6563	5678	7098	6410	5810	4897
LOC101927245	39	29	28	62	52	38
AZIN1	13024	10976	13597	11399	10388	8576
LOC100506753	31	34	59	34	26	31
LOC100996457	30	17	20	24	21	16
ATP6V1C1	4948	4304	5577	4935	4748	3779
LINC01181	1	1	0	3	0	1
BAALCOS	0	0	0	0	0	0
BAALC	9	5	4	2	5	2
MIR3151	0	1	0	0	0	0
RP11-318M2.2	9	7	11	6	5	5
FZD6	9086	8300	9753	8491	7745	6692
CTHRC1	100	106	90	101	100	68
SLC25A32	2744	2344	3001	2755	2454	1949
DCAF13	5147	4282	5729	5135	4531	3786
RIMS2	557	452	540	559	454	403
DCSTAMP	0	0	0	0	0	0
DPYS	4	2	1	15	4	6
MIR548A3	0	0	0	0	1	0
LRP12	1915	1775	2199	2060	2007	1669
LOC101927392	0	0	0	0	0	0
ZFPM2	7	8	5	5	7	7
LOC102723356	2	0	0	1	0	0
OXR1	3466	2962	3571	3112	2892	2357
ABRA	0	0	1	0	0	0
ANGPT1	6	4	13	17	8	3
RSPO2	1	1	0	9	11	9
EIF3E	15983	13825	17258	14470	12904	10587
EMC2	2252	1914	2284	2104	1793	1635
LOC102723368	0	0	0	0	0	0
TMEM74	120	88	138	129	123	104
LOC101927413	0	0	1	0	0	0
TRHR	0	0	0	0	1	0
NUDCD1	3086	2716	3413	3022	2808	2271
ENY2	3592	3135	3850	3627	3307	2903
PKHD1L1	0	5	0	5	3	4
EBAG9	1654	1378	1826	1596	1412	1193
SYBU	94	70	108	83	70	69
LOC100132813	0	0	1	0	0	0
KCNV1	71	62	80	43	33	36
RP11-946L20.2	0	0	0	0	0	0
RP11-946L20.4	0	0	0	0	0	0
CSMD3	1	3	4	5	2	5
MIR2053	0	0	0	0	0	0
TRPS1	1366	1139	1419	1223	1086	856
LINC00536	0	0	0	3	1	0
LOC102723447	0	0	0	1	0	0
EIF3H	12509	10729	13708	12046	10739	9186
UTP23	2399	1922	2503	2358	2139	1744
RAD21	32782	28328	35343	28273	25842	21682
RAD21-AS1	14	31	22	23	17	16
MIR3610	0	0	0	0	0	0
AARD	0	0	0	1	0	1
SLC30A8	0	0	0	0	0	1
MED30	1074	967	1341	1101	910	733
EXT1	4545	4234	5184	3787	3276	2733
SAMD12	3054	2616	2945	2587	2434	2006
SAMD12-AS1	20	16	23	28	21	20
TNFRSF11B	6	8	4	5	14	10
COLEC10	15	7	14	3	2	7
LOC101927513	0	0	0	0	1	0
MAL2	11662	10315	12824	11132	9623	7872
MIR548AZ	0	0	0	0	0	0
NOV	71	64	68	58	51	70
ENPP2	0	1	2	2	0	5
TAF2	5862	5081	6151	6167	5706	4601
DSCC1	1816	1689	2054	1956	1789	1480
DEPTOR	46	47	41	37	45	47
COL14A1	0	1	1	11	3	3
MRPL13	2952	2502	3141	2806	2523	2156
MTBP	1535	1307	1697	1524	1429	1158
SNTB1	134	101	108	150	127	104
LOC101927561	0	0	0	0	0	0
RP11-713M15.1	0	0	0	0	0	0
HAS2	92	89	125	94	97	91
HAS2-AS1	13	5	10	10	9	8
ZHX2	2328	1906	2397	1931	1756	1443
DERL1	5914	5155	6540	6313	5829	4646
TBC1D31	1171	1058	1336	1169	1053	846
TRNAM11	0	0	0	0	0	0
FAM83A	3773	3748	4527	3830	3385	2710
FAM83A-AS1	93	61	76	96	74	80
MIR4663	0	0	0	0	1	0
C8orf76	90	90	104	98	86	62
ZHX1-C8ORF76	22	21	21	16	12	10
ZHX1	5722	4524	5663	5413	4880	4183
ATAD2	17125	14231	18454	17653	16343	13983
MIR548AA1	0	0	0	0	0	0
MIR548D1	0	0	0	0	0	0
WDYHV1	1296	1247	1590	1263	1202	911
FBXO32	279	260	278	313	291	275
KLHL38	0	0	0	1	0	0
ANXA13	1	0	0	0	1	0
FAM91A1	9577	8251	10044	9837	9227	7293
FER1L6	3	1	5	9	12	6
FER1L6-AS1	0	0	0	0	0	0
FER1L6-AS2	0	0	0	0	2	0
RP11-37N22.1	2	0	0	3	0	1
TMEM65	1792	1381	1769	1764	1640	1346
TRMT12	662	536	684	589	537	470
RNF139-AS1	48	53	50	66	42	48
RNF139	2322	1940	2407	2179	2181	1730
TATDN1	1226	966	1312	1174	1042	905
MIR6844	0	0	0	0	0	0
NDUFB9	5268	4483	5838	5623	4942	4273
MTSS1	899	878	1054	902	739	710
MIR4662B	0	0	0	0	0	0
MIR4662A	0	0	0	0	0	0
LINC00964	0	1	0	1	1	3
ZNF572	396	379	451	367	377	348
SQLE	11301	9812	12192	11005	9762	8306
KIAA0196	4698	4034	5121	4210	3853	3169
NSMCE2	1173	1010	1280	1207	1103	861
LOC102723524	0	1	0	0	0	0
TRIB1	769	581	768	949	813	632
LOC101927634	0	0	0	0	0	0
LINC00861	0	0	0	0	0	0
RP11-65D17.1	0	2	1	4	2	3
FAM84B	4734	4134	4855	4368	3852	3070
PCAT1	11	3	7	7	6	3
PRNCR1	40	53	38	43	44	52
CCAT1	65	65	61	39	42	33
LOC101930033	65	71	85	90	57	52
CCAT2	0	2	1	3	0	1
POU5F1B	11	16	10	9	12	5
CASC8	6	2	4	3	3	2
CASC11	4	8	3	9	7	3
MYC	3662	3221	3656	2692	2558	2069
MIR1204	9	11	5	9	9	8
PVT1	352	328	385	371	292	253
TMEM75	1	7	8	8	3	4
MIR1205	0	0	0	0	0	0
LOC102723587	2	0	1	3	2	1
MIR1206	0	0	2	2	1	0
MIR1207	0	0	0	1	0	0
MIR1208	0	0	0	0	0	0
LOC101927774	1	0	0	0	0	0
LINC00977	0	0	0	0	0	0
MIR3686	0	0	0	0	0	0
GSDMC	127	96	115	173	124	109
FAM49B	6081	5189	6603	6076	5545	4599
MIR5194	2	0	1	0	0	0
ASAP1	3117	2825	3475	3663	3371	2867
ASAP1-IT2	6	0	2	6	2	6
ASAP1-IT1	0	0	0	0	0	0
ADCY8	0	0	0	0	0	0
EFR3A	14192	12123	14810	13821	12661	10614
OC90	0	0	0	2	5	0
HHLA1	1	0	0	0	2	0
KCNQ3	0	0	0	4	0	2
HPYR1	0	0	0	0	0	1
LRRC6	21	14	16	21	11	16
TMEM71	1	2	2	1	1	4
LOC102723614	2	0	2	1	3	6
PHF20L1	5277	4328	5178	4979	4946	3974
TG	12	6	5	42	25	25
SLA	4	1	0	3	1	0
MIR7848	0	0	0	0	0	0
WISP1	0	1	0	5	4	2
LOC102723635	0	0	0	1	0	1
NDRG1	2243	1856	2394	1791	1664	1395
ST3GAL1	2694	2592	3278	3825	3288	2701
LOC101927798	0	0	2	0	2	1
RP11-157E21.1	0	0	1	1	0	0
ZFAT	377	319	482	433	398	328
ZFAT-AS1	0	1	1	1	0	0
LOC102723677	1	2	0	1	0	0
MIR30B	1	0	0	0	1	0
MIR30D	0	0	0	0	0	0
LOC102723694	9	3	3	6	7	5
RP11-1057B8.2	0	0	0	0	0	0
RP11-452N4.1	0	0	0	0	0	0
LOC101927872	0	0	0	0	0	0
KHDRBS3	1	2	0	1	1	1
LOC101927892	0	0	0	0	0	0
LOC101927915	0	0	0	0	0	0
FLJ45872	0	0	0	0	0	0
FAM135B	0	0	0	0	0	0
LOC102724215	0	0	0	0	0	0
COL22A1	0	0	0	0	0	0
KCNK9	0	0	0	2	0	0
TRAPPC9	389	357	469	369	286	267
CHRAC1	1458	1155	1470	1502	1292	1069
AGO2	1184	1095	1522	1395	1125	981
PTK2	5009	4667	5729	4903	4459	3695
MIR151A	0	0	0	0	1	0
LOC101927963	13	9	6	5	14	13
DENND3	492	434	512	535	456	413
SLC45A4	347	282	299	330	277	249
LOC731779	0	0	0	0	0	0
GPR20	0	0	0	0	0	0
LOC101928037	0	0	0	0	0	0
LOC401480	0	0	0	0	0	0
PTP4A3	0	0	0	0	2	0
MROH5	0	0	0	0	0	0
MIR1302-7	0	0	0	0	0	0
MIR4472-1	0	0	0	0	0	0
LINC00051	0	0	0	0	0	0
TSNARE1	147	136	158	129	108	103
BAI1	5	3	6	9	9	8
ARC	3	4	3	16	9	8
LOC101928087	0	0	0	0	0	0
JRK	1290	1096	1265	1079	1022	845
PSCA	8	6	9	9	16	6
LY6K	49	54	69	101	87	72
LOC100288181	54	47	51	78	66	50
THEM6	399	346	437	382	301	237
SLURP1	0	3	0	1	1	3
LYPD2	0	1	0	1	1	0
LYNX1	11	2	5	7	9	5
LY6D	241	212	192	205	159	147
GML	0	0	0	0	2	0
CYP11B1	0	0	0	0	0	0
CYP11B2	0	0	0	0	0	0
LOC100133669	9	7	7	3	3	5
CDC42P3	9	12	14	9	8	4
LY6E	0	0	0	0	0	0
C8orf31	0	0	0	0	0	0
LOC101928108	0	0	0	0	0	0
LY6H	0	0	0	0	0	0
GPIHBP1	0	0	0	0	0	0
ZFP41	429	317	442	423	341	267
GLI4	51	60	46	54	44	34
LOC100507316	53	50	51	45	25	22
ZNF696	228	227	250	235	213	171
TOP1MT	1009	860	1147	834	739	631
RHPN1-AS1	28	36	39	37	37	34
RHPN1	560	393	522	611	416	346
MAFA	44	27	33	42	32	32
ZC3H3	283	239	275	213	212	161
GSDMD	0	0	0	0	0	0
MROH6	0	0	0	1	0	0
NAPRT1	0	0	0	0	1	0
EEF1D	4	1	1	0	0	0
TIGD5	0	0	0	0	0	0
PYCRL	0	0	0	0	0	0
TSTA3	0	0	1	0	0	0
ZNF623	21	16	24	35	16	19
ZNF707	0	0	0	1	0	0
BREA2	0	0	0	0	0	0
CCDC166	0	0	0	0	0	0
LOC101928160	0	0	0	0	0	0
MAPK15	0	0	0	0	0	0
FAM83H	0	0	0	0	0	0
MIR4664	0	0	0	0	0	0
FAM83H-AS1	0	0	0	0	0	0
LOC101928220	0	0	0	0	0	0
SCRIB	0	0	0	0	0	0
MIR937	0	0	0	0	0	0
PUF60	127	85	179	102	124	73
NRBP2	164	135	170	163	102	107
MIR6845	0	1	1	0	0	0
EPPK1	2182	2063	2252	2051	1806	1379
PLEC	17980	17618	23130	18473	16154	12910
MIR661	0	1	0	0	1	0
PARP10	465	442	482	347	296	230
GRINA	2101	1928	2551	2442	2042	1656
SPATC1	4	1	4	4	7	2
LOC102723931	0	0	0	0	1	0
SMPD5	5	1	2	5	0	4
OPLAH	152	160	165	145	162	95
MIR6846	0	0	0	0	0	0
EXOSC4	199	191	242	222	173	146
MIR6847	0	0	0	0	0	0
GPAA1	1078	970	1267	1218	1090	865
CYC1	2296	2001	2522	2342	1867	1521
SHARPIN	406	343	456	452	339	273
MAF1	2286	2011	2606	2100	1884	1509
KIAA1875	13	17	15	24	21	18
FAM203A	401	401	451	449	383	302
MROH1	625	540	571	557	545	391
BOP1	1812	1576	2028	1819	1504	1194
MIR7112-2	0	0	0	0	0	0
SCXB	69	47	41	41	44	39
HSF1	2342	2050	2689	2125	1929	1495
DGAT1	313	278	346	340	291	221
LOC101929012	0	0	0	0	0	0
MIR6848	0	0	0	0	0	0
SCRT1	3	5	2	5	2	5
TMEM249	2	4	8	5	1	1
FBXL6	253	226	273	305	224	196
SLC52A2	1110	1002	1247	1238	1110	725
LOC101928902	0	1	0	0	1	0
ADCK5	126	95	139	144	117	119
CPSF1	2219	1929	2408	2028	1770	1398
MIR939	0	0	0	0	0	0
MIR6849	0	0	0	0	0	0
SLC39A4	622	597	791	669	555	408
VPS28	400	340	393	375	307	269
TONSL	782	690	861	891	792	548
LOC100287098	22	14	16	16	21	15
MIR6893	0	0	0	0	0	0
CYHR1	613	461	642	574	465	436
KIFC2	281	319	384	360	315	253
FOXH1	1	5	3	4	5	4
PPP1R16A	513	424	548	455	420	360
GPT	20	21	24	15	10	19
MFSD3	207	177	238	230	176	145
RECQL4	908	791	986	885	752	516
LRRC14	366	284	393	388	322	246
LRRC24	0	0	0	0	0	0
C8orf82	402	354	445	332	303	282
ARHGAP39	600	538	680	605	531	389
LOC100996662	0	0	0	0	0	0
ZNF251	0	1	1	2	0	0
LOC102723988	2	2	1	3	4	1
ZNF34	96	70	82	98	113	69
RPL8	27265	23163	29794	24996	21772	18223
MIR6850	0	0	0	0	0	0
LOC101929051	9	8	9	5	3	5
ZNF517	75	58	79	103	83	65
ZNF7	403	342	413	334	320	299
COMMD5	287	243	295	273	261	197
ZNF250	144	134	161	130	132	114
ZNF16	280	213	319	269	237	189
ZNF252P	628	512	626	609	620	473
TMED10P1	133	150	115	109	157	151
ZNF252P-AS1	6	6	5	6	8	6
C8orf33	1512	1362	1734	1621	1420	1083
DDX11L5	7	6	6	6	4	4
WASH1	110	78	112	126	104	72
MIR1302-11	0	0	1	0	0	0
FAM138C	0	0	0	0	0	0
LOC101929157	0	0	0	0	0	0
RP11-143M1.2	0	0	0	0	0	0
RP11-143M1.3	0	0	0	0	0	0
FOXD4	12	14	17	7	13	18
CBWD1	945	776	998	969	844	728
C9orf66	31	23	35	27	27	30
DOCK8	160	145	145	198	182	135
KANK1	274	268	376	271	229	226
DMRT1	0	0	1	0	0	1
DMRT3	10	7	11	7	11	7
DMRT2	18	6	10	5	7	7
LOC102723793	0	0	0	0	0	0
LOC102723803	0	0	0	0	0	0
LOC101929228	0	0	0	0	0	0
SMARCA2	2540	2073	2455	2245	1989	1750
LOC102723835	0	0	0	0	0	0
LOC101930053	0	1	1	0	1	0
LOC101930048	0	0	0	0	0	3
VLDLR-AS1	4	3	8	8	3	4
VLDLR	206	167	205	167	163	121
KCNV2	0	2	2	0	1	1
KIAA0020	2323	2055	2661	2268	1997	1658
RP11-32F11.2	0	0	0	0	0	0
RFX3	342	247	276	207	223	169
DSERG1	0	2	0	0	0	1
RP11-509J21.1	3	7	4	6	10	8
GLIS3	26	16	21	19	21	17
GLIS3-AS1	0	0	0	0	2	0
LOC101929330	0	2	4	10	0	3
SLC1A1	50	40	43	56	31	59
SPATA6L	287	277	308	238	237	225
PPAPDC2	611	632	611	675	554	501
LOC101929351	23	19	38	29	32	25
CDC37L1	938	832	1077	873	829	696
AK3	7505	6534	7938	8520	7768	6642
LOC102723969	18	7	15	12	16	13
RCL1	1187	989	1255	1165	900	715
MIR101-2	0	0	0	0	0	0
JAK2	867	759	907	810	694	568
INSL6	2	0	0	0	0	0
INSL4	0	0	1	1	4	2
RLN2	69	58	57	63	85	54
LOC101929382	0	0	0	0	0	0
RLN1	28	24	13	27	22	23
PLGRKT	781	729	825	743	571	481
CD274	350	283	331	287	208	162
PDCD1LG2	19	15	11	9	13	9
KIAA1432	2708	2408	2966	2673	2477	1985
ERMP1	7935	7027	8411	7282	6334	5088
MLANA	34	33	51	56	53	37
KIAA2026	3295	2764	3401	2995	2744	2464
MIR4665	0	0	0	0	0	0
RANBP6	3688	3293	4101	4129	3485	3023
IL33	11	4	6	5	5	2
TPD52L3	0	0	0	0	1	0
UHRF2	4216	3680	4415	3984	3514	2837
GLDC	217	266	301	249	199	199
KDM4C	1502	1259	1536	1386	1236	1159
LOC102723994	0	0	0	0	0	0
TMEM261	1338	1296	1606	1222	1080	890
PTPRD	57	33	43	27	22	21
RP11-75C9.1	0	0	0	0	0	0
RP11-87N24.2	1	0	1	1	1	0
LOC102724027	0	0	0	0	0	0
LOC101929446	0	0	0	0	0	0
TYRP1	331	263	371	413	310	283
LOC101929467	2	4	5	0	2	0
LURAP1L	54	36	45	50	39	32
MPDZ	3858	3446	4152	3557	3361	2814
FLJ41200	0	0	0	0	0	0
LOC101929507	0	1	0	0	0	0
LINC00583	0	0	0	0	0	0
LOC101929489	0	0	0	0	0	0
NFIB	3751	3078	3821	3018	2788	2291
TRNAH5	0	0	0	0	0	0
ZDHHC21	3992	3579	4056	4309	3964	3321
CER1	0	0	0	0	0	0
FREM1	1	1	0	1	0	4
LOC389705	2	5	1	0	1	2
TTC39B	1235	1011	1208	868	744	678
SNAPC3	3442	2967	3678	3296	3071	2418
PSIP1	18898	15920	20199	17233	16006	13667
CCDC171	336	262	311	313	287	229
RNU6-14P	0	0	0	0	0	0
LOC100506331	2	0	1	3	2	0
C9orf92	0	0	0	0	0	0
BNC2	44	53	73	62	65	24
CNTLN	3268	2571	3218	2934	2790	2213
SH3GL2	209	212	218	220	206	174
ADAMTSL1	12	4	7	5	6	13
MIR3152	0	0	0	0	0	0
LOC102724102	2	0	0	1	2	0
FAM154A	51	46	53	47	40	39
RRAGA	1185	1073	1319	1193	1006	817
HAUS6	2141	1706	2461	2060	1746	1527
SCARNA8	1	0	3	1	2	3
PLIN2	751	624	780	679	594	474
DENND4C	2304	2113	2467	2169	1879	1540
RPS6	28137	25473	31515	25709	22785	20474
ACER2	86	73	98	86	94	71
LOC392288	0	1	0	0	1	2
SLC24A2	8	5	7	2	5	8
MLLT3	148	116	127	152	116	126
MIR4473	0	0	0	0	0	0
MIR4474	0	0	0	0	0	0
FOCAD	1295	1147	1394	1318	1141	878
LOC101929548	1	0	6	1	2	0
MIR491	0	0	0	0	0	2
PTPLAD2	33	27	45	45	23	27
IFNB1	0	0	0	0	0	0
IFNW1	0	2	0	0	0	0
IFNA21	0	0	0	1	0	0
IFNA4	0	0	0	0	0	0
IFNA7	0	0	0	0	0	0
IFNA10	0	0	0	0	0	0
IFNA16	0	0	0	0	0	0
IFNA17	0	0	0	0	0	0
IFNA14	0	0	0	0	0	0
IFNA22P	0	0	0	0	0	0
IFNA5	0	0	0	0	0	0
KLHL9	1324	1076	1344	1151	1144	807
IFNA6	0	0	0	0	0	0
IFNA13	0	0	0	0	0	0
IFNA2	0	0	0	0	0	0
IFNA8	0	0	0	0	0	0
IFNA1	1	0	1	0	8	3
MIR31HG	261	198	272	299	315	243
IFNE	30	29	19	22	21	18
MIR31	0	0	0	0	0	0
MTAP	2477	2219	2796	2282	2003	1616
C9orf53	5	1	2	5	5	0
CDKN2A	955	884	1066	804	668	630
CDKN2B-AS1	42	37	54	27	24	28
CDKN2B	290	231	251	355	300	195
LOC102724137	0	0	0	1	0	0
DMRTA1	30	20	30	34	17	20
FLJ35282	3	1	3	3	2	8
LOC101929563	13	10	10	14	15	13
ELAVL2	1289	1073	1494	1351	1249	1016
IZUMO3	0	0	0	0	0	0
TUSC1	405	351	399	366	282	281
RP11-33G16.1	0	0	0	0	0	0
LOC100506422	0	0	0	0	0	0
CAAP1	1019	806	898	920	838	679
PLAA	1428	1302	1556	1656	1456	1249
IFT74	452	396	439	372	357	262
LOC101929602	3	0	1	0	0	0
LRRC19	66	38	46	63	66	37
TEK	2	0	0	2	1	0
LINC00032	0	0	1	0	0	0
EQTN	0	0	0	0	0	0
MOB3B	358	268	339	275	272	190
IFNK	0	0	0	0	1	0
LOC102724192	1	1	2	1	0	5
C9orf72	259	244	287	218	224	192
LINGO2	22	15	29	11	12	13
MIR876	0	0	0	0	0	0
MIR873	0	0	0	0	0	0
LOC401497	0	0	0	0	0	0
LOC101929620	0	0	0	0	0	0
ACO1	1535	1415	1695	1798	1575	1335
DDX58	2226	1982	1853	279	256	228
TOPORS	1473	1189	1488	1387	1299	1133
TOPORS-AS1	23	19	15	18	18	20
NDUFB6	791	768	943	782	713	545
TAF1L	21	20	19	25	16	14
TMEM215	0	0	0	0	0	0
APTX	942	741	1016	799	769	597
DNAJA1	9496	7531	9571	8770	7952	7016
SMU1	2884	2269	3038	2677	2411	1943
B4GALT1	5344	4938	6115	5078	4679	3842
RP11-326F20.5	0	5	8	4	2	10
SPINK4	3	0	1	1	1	0
BAG1	558	441	640	500	454	411
CHMP5	1771	1435	1812	1776	1674	1401
NFX1	1926	1682	2120	2025	1598	1480
AQP7	1	0	0	2	1	4
AQP3	4748	4459	4641	4409	3867	3309
NOL6	2685	2429	3018	2783	2516	1890
MIR6851	0	0	0	0	0	0
SUGT1P1	49	37	52	56	29	20
ANKRD18B	406	314	428	379	389	330
PTENP1-AS	39	31	37	21	21	21
LOC102724216	0	1	0	1	0	0
LOC101929688	2	0	0	0	0	0
PRSS3	0	0	0	3	1	1
RP11-133O22.6	7	9	7	7	12	7
UBE2R2	3988	3455	4478	3782	3379	2747
UBAP2	1926	1630	2105	1958	1801	1463
SNORD121B	0	0	0	0	0	0
SNORD121A	1	0	2	0	2	0
DCAF12	2539	2175	2781	2490	2181	1713
UBAP1	1496	1244	1502	1386	1260	988
PRO2852	1	3	3	1	1	2
KIF24	658	573	728	544	529	406
NUDT2	199	179	247	180	146	118
KIAA1161	391	395	485	418	448	319
C9orf24	0	0	2	3	3	0
FAM219A	218	204	271	295	216	190
DNAI1	3	0	0	4	0	0
ENHO	3	1	1	0	2	1
CNTFR	0	0	0	0	0	0
CNTFR-AS1	0	0	0	0	0	0
RPP25L	284	238	318	229	191	167
DCTN3	650	549	690	594	548	425
ARID3C	4	1	0	1	1	1
SIGMAR1	2098	1746	2385	1875	1571	1302
GALT	229	181	251	273	229	177
IL11RA	53	54	59	42	47	39
CCL27	3	0	2	4	0	1
LOC101929761	39	36	37	32	25	30
CCL19	0	0	0	0	0	0
CCL21	0	0	0	0	1	0
FAM205A	1	0	0	2	0	0
FAM205B	0	0	0	0	0	0
KIAA1045	1	2	2	0	1	0
LOC101926900	0	0	0	0	2	0
DNAJB5	190	206	233	199	167	161
C9orf131	2	0	1	1	2	5
VCP	11991	10357	12955	11773	10653	8714
FANCG	1198	1114	1388	1282	1137	847
PIGO	1162	1036	1237	1088	994	795
STOML2	2852	2439	3162	2771	2339	1950
FAM214B	70	69	67	98	80	64
UNC13B	591	498	689	617	572	504
LOC102724286	0	0	2	1	0	0
ATP8B5P	10	14	5	11	15	26
RUSC2	332	333	408	365	354	273
FAM166B	5	4	3	3	3	4
TESK1	408	369	512	464	375	305
MIR4667	0	0	0	0	0	0
CD72	5	5	7	6	4	3
LOC101926948	0	4	3	2	1	2
SIT1	0	0	0	0	0	0
RMRP	69	62	91	67	61	42
CCDC107	8	9	11	22	6	8
ARHGEF39	353	279	417	276	309	215
CA9	7	1	9	1	1	2
TPM2	5046	4217	5696	5385	4553	4372
TLN1	7916	7105	9064	7909	7057	5701
MIR6852	0	0	0	0	0	0
CREB3	977	787	985	949	879	726
MIR6853	0	0	0	0	0	0
GBA2	1106	948	1220	1108	970	759
RGP1	713	632	747	720	615	478
MSMP	0	0	0	0	0	0
NPR2	100	96	101	97	88	76
SPAG8	5	5	8	4	5	4
HINT2	327	295	359	380	299	235
FAM221B	0	0	1	0	1	0
TMEM8B	159	130	176	124	102	84
LINC00950	12	5	6	6	5	8
OR13J1	0	0	0	0	0	0
HRCT1	2	2	0	1	5	3
LINC00961	0	1	2	0	0	0
OR2S2	0	0	0	0	0	0
RECK	104	86	109	121	92	74
GLIPR2	64	66	102	88	84	67
CCIN	0	1	0	0	0	1
CLTA	2966	2633	3220	2737	2497	2078
GNE	736	608	813	718	667	514
LOC102724322	10	6	14	10	11	10
RNF38	733	747	842	713	673	555
MELK	3265	2984	3691	3028	2802	2498
MIR4475	0	0	0	0	0	0
PAX5	1	3	1	2	1	0
MIR4540	0	0	0	0	0	0
MIR4476	0	0	0	0	0	0
LOC100130458	2	1	4	0	0	2
LOC100506710	1619	1386	1719	1515	1402	1066
ZCCHC7	502	455	543	447	414	331
GRHPR	1767	1541	1953	1626	1485	1232
ZBTB5	831	645	855	695	585	493
POLR1E	692	571	767	649	571	501
FBXO10	221	190	222	186	188	130
TOMM5	1905	1648	2108	1902	1516	1281
FRMPD1	5	2	1	4	8	6
TRMT10B	357	249	331	304	282	230
EXOSC3	918	782	1008	809	792	641
DCAF10	1324	1170	1347	1246	1151	882
SLC25A51	500	417	460	468	473	388
SHB	539	458	559	575	560	441
ALDH1B1	1653	1544	1928	1594	1368	1158
IGFBPL1	0	2	1	2	0	0
FAM220BP	1	0	0	1	0	0
FAM95C	66	46	64	54	66	41
ANKRD18A	267	185	261	252	227	208
FAM201A	136	102	173	102	132	91
LOC101927024	0	0	0	0	0	0
LOC101927042	0	0	0	0	0	0
CNTNAP3	266	229	285	245	237	199
SPATA31A1	0	0	0	0	0	0
FAM74A1	0	0	0	0	0	0
ZNF658B	10	11	4	11	15	9
GLIDR	223	171	256	211	194	160
KGFLP2	60	62	61	61	61	38
LOC102724431	0	0	0	0	0	0
LOC101927527	0	0	0	0	0	0
ANKRD20A2	0	0	1	0	0	0
LOC102724462	0	1	1	0	0	0
FAM95B1	0	0	0	0	0	0
LOC101928407	0	0	0	0	0	0
LOC101929959	4	14	18	8	8	8
LOC102724655	0	0	1	0	0	0
LOC102724580	0	0	0	0	0	0
LOC100132004	0	0	0	0	0	0
MIR1299	0	0	0	0	0	0
LOC100132352	257	273	283	227	189	185
PGM5P2	16	14	27	19	26	18
BX255923.3	1	1	1	0	0	0
FOXD4L6	0	0	0	1	0	0
CBWD6	39	39	33	53	34	48
LOC101927903	8	5	12	5	15	7
FAM27E2	0	6	1	1	0	0
LOC102724690	0	0	0	0	0	0
LOC101928906	1	2	0	0	0	0
LOC102724739	2	0	0	0	0	0
LOC101929860	0	0	0	0	0	0
CNTNAP3B	65	46	60	45	62	41
LOC101927737	0	0	0	2	1	0
SPATA31A6	0	0	0	0	0	0
FAM74A7	0	0	0	0	0	0
RP11-475I24.8	0	0	0	0	0	0
LOC102724818	0	0	0	0	0	2
LOC101927804	0	0	0	0	0	0
LOC101060026	0	2	3	0	2	0
LOC101928261	0	1	0	1	0	0
LOC102724904	0	0	0	0	0	0
SPATA31A5	0	0	0	0	0	0
LOC101927448	0	0	0	0	0	0
SPATA31A7	0	0	0	0	0	0
FAM74A4	0	0	0	0	1	0
LOC101927748	0	0	0	0	0	0
FAM27C	3	4	5	3	10	4
LOC102723678	0	0	0	0	1	0
LOC101930026	27	13	13	11	7	7
LOC102723720	0	1	2	0	2	1
LOC100132874	9	23	6	2	8	5
LOC102724238	1	2	0	2	0	0
KGFLP1	9	14	12	8	20	12
LINC01189	0	0	0	0	0	0
LOC100126582	14	20	9	15	13	13
LOC100132249	20	10	28	17	20	6
PTGER4P2-CDK2AP2P2	30	14	17	23	18	12
FLJ20444	0	1	1	2	1	2
RP11-381O7.3	0	1	0	0	0	0
AQP7P1	0	1	0	0	0	0
LOC100996643	0	2	5	1	0	2
MIR4477B	0	0	0	0	0	0
MIR4477A	0	0	0	0	0	0
LOC642236	213	133	227	155	180	142
FLJ43315	0	1	0	0	0	0
LOC102724270	0	0	0	0	0	0
LOC101929518	0	0	0	0	0	0
ANKRD20A4	0	1	0	1	0	0
LOC102724314	1	0	0	0	1	1
LOC101929583	1	6	1	0	2	1
LOC100132154	0	0	0	0	0	0
LOC102724507	0	0	0	0	0	0
FOXD4L5	0	0	0	0	0	0
LOC102724569	1	0	1	0	0	1
LOC102724581	57	55	72	42	31	53
LOC102724923	2	3	1	2	3	0
CBWD5	329	258	349	364	319	230
FOXD4L4	7	0	0	0	2	0
LOC101928381	0	0	0	1	0	0
LOC101928195	0	1	0	0	2	0
AQP7P3	2	0	0	0	0	0
ANKRD20A3	0	1	0	0	0	0
RP11-327I22.6	0	0	0	0	0	0
LOC102723397	0	0	0	0	0	0
LOC102723412	0	0	0	0	0	0
ZNF658	123	132	158	129	122	116
FAM74A3	0	0	0	0	0	0
SPATA31A3	0	0	0	0	0	0
LOC101927602	0	0	0	0	0	0
LOC102723709	5	1	0	0	1	1
FAM27E3	33	25	25	22	27	26
FAM27B	10	7	2	2	2	4
LOC102723731	0	0	0	0	0	0
LOC101928608	0	0	0	0	0	0
ANKRD20A1	2	0	0	0	1	0
LOC644249	0	0	0	0	0	0
CBWD3	64	55	60	61	48	45
FOXD4L3	1	1	0	4	1	1
LOC101929800	0	0	0	0	0	1
LOC102723624	0	0	0	0	0	0
PGM5-AS1	0	0	0	0	0	0
PGM5	1	3	6	3	1	2
TMEM252	0	0	0	0	0	0
RP11-274B18.2	0	0	0	0	0	0
PIP5K1B	11	8	2	6	12	7
FAM122A	836	690	879	795	802	613
LOC101927069	0	3	1	0	2	1
LOC100996482	0	0	0	0	0	1
PRKACG	0	1	2	0	1	2
FXN	840	695	872	829	724	603
TJP2	6183	5065	6504	6548	5819	4723
BANCR	2	0	1	0	0	1
FAM189A2	54	33	56	61	55	51
APBA1	8	7	14	7	5	2
PTAR1	2979	2483	2924	2800	2540	2116
C9orf135-AS1	0	0	0	0	1	1
C9orf135	0	0	0	0	0	0
MAMDC2	5	6	10	8	10	11
MAMDC2-AS1	0	0	0	0	0	0
SMC5-AS1	26	35	44	27	38	14
SMC5	5828	4902	6076	5790	5321	4458
KLF9	31	12	26	31	25	24
TRPM3	0	1	0	0	2	0
LOC101927086	0	1	1	0	0	0
MIR204	0	0	0	0	0	0
TMEM2	577	456	580	892	835	655
LOC102723702	1	0	0	1	0	0
ABHD17B	911	815	903	909	824	655
C9orf85	282	326	265	321	283	245
C9orf57	0	0	1	0	1	1
LOC101927108	1	1	0	1	0	1
GDA	2621	2202	2580	2837	2501	2092
LOC101927127	0	0	0	0	1	4
RP11-63P12.6	18	27	30	20	22	24
ZFAND5	4326	3715	4379	4703	4201	3290
LOC102724516	0	0	0	1	1	0
TMC1	1	2	7	14	5	7
LOC101927234	0	0	0	4	1	0
LOC101927191	4	0	0	7	2	0
LOC101927258	0	0	0	0	0	0
ALDH1A1	61	45	53	54	58	41
ANXA1	18332	16247	20405	16544	14913	12516
LOC101927281	0	0	0	0	0	0
LOC102723850	0	0	0	0	0	0
LOC101927304	0	0	0	0	0	0
LOC101927329	8	8	7	3	1	5
RP11-171A24.2	2	0	0	0	0	0
RORB	24	37	31	34	26	39
TRPM6	25	11	17	14	14	13
C9orf40	993	904	1166	936	909	697
C9orf41	2104	1706	2147	1790	1684	1420
LOC101927398	0	2	2	1	0	0
NMRK1	362	305	384	321	266	223
OSTF1	1805	1450	1920	1706	1521	1249
PCSK5	262	233	270	299	239	207
RFK	1691	1441	1720	1480	1326	1034
RPSAP9	35	31	17	34	22	30
GCNT1	672	592	768	495	475	395
PRUNE2	32	24	32	29	28	22
PCA3	0	0	0	0	0	0
FOXB2	0	0	0	0	0	0
VPS13A-AS1	0	0	0	0	0	0
VPS13A	5074	4606	5462	4809	4439	3785
GNA14	4	1	2	4	1	1
RP11-466A17.1	0	0	0	0	0	0
GNAQ	4661	3703	4660	4147	3965	3210
CEP78	2172	1807	2246	2076	1763	1534
PSAT1	6524	6052	7786	6097	4981	4030
RP11-165H23.1	0	0	0	0	0	0
LOC102723932	0	0	0	0	0	0
TLE4	203	199	250	203	223	145
RP11-394O9.1	0	0	0	0	0	0
TLE1	925	790	1007	780	690	493
RP11-154D17.1	0	0	0	1	1	0
SPATA31D5P	0	0	0	0	0	0
SPATA31D4	0	0	0	0	0	0
SPATA31D3	0	0	0	0	0	0
SPATA31D1	0	0	0	0	0	0
SPATA31B1	0	1	0	0	0	0
RASEF	1754	1463	1891	1646	1573	1334
LOC102723989	6	3	4	7	1	2
FRMD3	9	17	26	24	23	23
IDNK	186	123	225	162	172	126
UBQLN1	19037	16349	20389	18041	16166	13686
GKAP1	344	292	323	277	289	250
KIF27	349	357	378	285	260	231
RP11-575L7.4	1	2	2	0	3	2
LOC101927529	8	9	1	0	4	6
C9orf64	1822	1698	2037	1708	1599	1344
HNRNPK	40054	33608	42366	35897	32904	27892
MIR7-1	32	38	41	29	12	14
RMI1	2516	2240	2774	2190	1820	1560
RP11-158D2.2	0	0	1	0	1	3
SLC28A3	10	13	24	10	4	4
LOC102724036	0	0	0	0	0	0
NTRK2	59	54	64	77	81	71
LOC102724605	0	1	0	0	0	0
LOC101927603	2	3	1	7	1	4
AGTPBP1	3102	2908	3578	3108	2874	2509
LOC102724057	0	1	4	6	5	1
LOC389765	186	106	174	178	143	120
NAA35	4327	4126	5003	4396	4042	3494
GOLM1	7576	6510	8094	7334	6823	5740
LOC101927623	2	6	8	10	1	5
C9orf153	4	4	8	10	2	1
ISCA1	2689	2218	2974	2848	2605	1949
ZCCHC6	4240	3451	4058	4073	3740	3179
LOC102724080	0	0	0	0	0	0
GAS1	238	207	222	205	212	128
LOC102724090	0	0	0	2	0	3
RP11-276H19.1	10	7	13	2	9	9
LOC440173	450	361	478	344	315	262
LOC494127	5	4	4	0	1	5
C9orf170	11	9	6	18	9	8
DAPK1	85	73	76	105	92	59
LOC101927644	0	0	0	0	0	0
CTSL	3357	3063	3542	2790	2462	2074
CTSL3P	0	0	0	0	0	0
CTSLP8	0	0	0	0	0	0
LOC392364	0	0	2	0	0	0
SPATA31E1	0	0	0	0	0	0
SPATA31C1	0	0	1	0	0	1
LOC497256	0	0	0	0	0	0
CDK20	247	214	268	242	227	185
LOC101927680	4	1	0	2	3	3
LOC102724156	23	37	24	27	14	11
SPATA31C2	0	0	0	0	0	1
SPIN1	8062	6384	8339	7601	6893	5647
NXNL2	17	11	9	23	16	13
RP13-60M5.2	0	0	0	0	0	0
MIR4289	0	0	0	0	0	0
C9orf47	6	3	5	6	7	13
S1PR3	413	367	473	439	408	311
SHC3	66	58	63	67	76	57
CKS2	2362	1968	2560	2028	1839	1331
MIR3153	6	9	9	10	2	5
SECISBP2	2069	1877	2340	1985	1778	1488
SEMA4D	1133	949	1221	1048	953	775
GADD45G	6	7	12	12	9	4
UNQ6494	0	0	0	0	0	0
LOC102724237	0	0	0	0	0	0
LOC101927823	0	0	0	0	0	0
RP11-406A20.1	0	0	0	0	0	0
RP11-406A20.4	0	0	0	0	0	1
MIR4290	0	0	0	0	0	0
RP11-389K14.3	22	15	23	17	21	7
RP11-555F9.2	0	0	0	0	0	0
DIRAS2	0	0	3	2	0	0
SYK	1792	1601	1977	1566	1400	1220
LOC102724271	0	0	0	0	0	0
LOC100129316	0	0	0	0	0	0
LOC100507103	0	0	0	0	0	0
AUH	327	308	409	349	300	264
NFIL3	535	403	501	436	404	334
LOC101927916	0	0	0	0	0	0
MIR3910-1	0	0	0	0	0	0
MIR3910-2	0	0	0	0	0	0
ROR2	36	44	57	38	48	27
LOC101927935	0	1	0	0	0	0
SPTLC1	4737	3872	4858	4831	4394	3616
LOC100128076	1	0	0	1	0	0
LINC00475	3	0	2	2	0	0
IARS	13179	11526	14936	13072	11546	9384
MIR3651	0	0	0	0	0	0
SNORA84	0	1	0	0	0	0
NOL8	1667	1271	1629	1593	1510	1232
CENPP	148	114	152	179	134	131
OGN	3	3	1	2	2	3
OMD	0	0	0	0	2	0
ASPN	0	0	0	2	4	0
ECM2	30	28	49	24	31	17
MIR4670	0	0	2	0	0	0
IPPK	539	416	577	548	530	411
LOC100128361	55	55	49	63	38	49
BICD2	3497	2891	3874	3604	3251	2738
LOC101929748	4	2	9	8	10	12
ANKRD19P	47	45	65	40	60	41
ZNF484	629	591	656	529	483	350
FGD3	137	75	133	186	171	141
LOC101927954	1	1	6	1	3	1
SUSD3	93	95	106	88	76	66
LOC101927993	0	3	0	0	0	0
C9orf89	224	213	222	222	193	154
NINJ1	415	345	491	422	386	305
WNK2	620	544	726	603	535	461
C9orf129	8	10	12	14	15	15
FAM120AOS	1143	969	1274	1320	1227	1047
FAM120A	17170	14390	18164	17619	15848	12889
PHF2	3015	2703	3245	3056	2789	2287
MIR548AU	0	0	0	0	0	0
LOC101929519	16	8	10	8	10	24
MIR4291	0	0	0	0	0	0
LOC101928014	0	0	0	0	0	0
BARX1	8	9	11	15	14	11
LOC101928040	1	4	0	0	0	0
PTPDC1	487	465	599	575	504	447
MIRLET7A1	0	0	2	1	0	0
MIRLET7F1	2	1	2	0	1	0
MIRLET7DHG	50	54	55	47	54	32
MIRLET7D	10	12	10	4	8	5
ZNF169	106	109	130	123	117	81
NUTM2F	1	1	4	2	1	6
RP11-307E17.8	17	12	22	20	17	14
LOC728026	185	304	181	198	169	290
HIATL1	3937	3331	4363	3607	3132	2597
RP11-342C23.4	137	121	126	120	130	107
FBP2	8	4	10	12	8	6
FBP1	8	3	8	6	19	7
C9orf3	211	180	240	208	187	140
MIR2278	0	0	0	0	0	0
RP11-54O15.3	0	2	1	1	3	3
MIR6081	0	0	0	0	0	0
MIR23B	3	0	0	0	1	0
MIR27B	1	2	2	2	3	0
MIR3074	0	0	0	0	0	0
MIR24-1	0	0	0	0	0	0
FANCC	1245	1078	1352	1253	1124	887
PTCH1	336	307	434	353	314	219
LOC100507346	0	0	0	0	1	0
LOC102724478	0	0	0	0	0	0
LOC101930476	1	0	1	5	2	0
LINC00476	433	350	381	352	348	355
ERCC6L2	554	426	529	612	548	396
LOC101928170	1023	792	979	1004	944	824
LINC00092	1	0	0	0	0	0
RP11-569G13.2	0	1	1	0	0	0
LOC158434	0	0	0	0	0	0
HSD17B3	0	0	1	2	0	2
SLC35D2	394	309	379	336	348	263
ZNF367	1091	1036	1205	1186	1055	880
HABP4	243	223	291	240	191	160
CDC14B	1241	1121	1288	1337	1259	942
AAED1	466	407	495	490	423	316
LOC100996557	0	0	0	0	0	0
LOC441455	3	3	3	2	5	1
ZNF510	796	679	849	870	791	654
ZNF782	256	203	245	262	229	202
LOC100132781	2	0	3	3	11	1
LOC441454	10	10	9	13	14	15
NUTM2G	23	16	22	36	31	22
HIATL2	129	124	137	135	117	81
CTSV	1646	1558	1948	2479	2239	1928
LOC340508	9	11	11	9	12	8
LOC101926917	8	13	4	10	9	2
ANKRD18CP	3	3	4	1	0	1
LOC100499484-C9ORF174	0	0	0	0	0	0
LOC100499484	12	4	5	9	9	5
CCDC180	0	0	0	0	0	0
MIR1302-8	0	0	1	0	0	1
LOC286359	0	1	1	0	0	0
TDRD7	1263	1188	1336	946	845	677
TMOD1	34	27	20	30	31	29
TSTD2	639	498	682	633	576	476
NCBP1	3633	2908	3685	3731	3266	2746
XPA	308	298	317	298	271	245
LOC102724595	0	4	0	1	0	0
RP11-23B15.1	1	6	5	7	0	1
FOXE1	493	433	513	509	438	380
LOC101928360	3	2	6	7	4	3
C9orf156	272	270	352	292	287	229
HEMGN	0	0	0	0	1	0
ANP32B	15351	13135	16593	12899	11693	10900
LOC101928408	24	26	43	48	32	40
LOC101928382	10	4	14	7	11	15
TRIM14	2437	2200	2469	1350	1235	964
NANS	1432	1141	1644	1655	1463	1184
CORO2A	620	567	644	499	468	387
TBC1D2	759	534	704	625	542	402
MIR6854	0	0	0	0	0	0
GABBR2	1	1	1	2	1	2
ANKS6	1174	1055	1341	1188	1030	802
GALNT12	403	373	520	381	384	298
LOC102724684	0	0	0	0	0	0
COL15A1	0	0	1	1	1	0
TGFBR1	1246	1187	1442	1373	1250	1033
ALG2	1199	966	1179	1244	1096	924
SEC61B	1896	1610	2060	1918	1766	1514
NAMA	0	0	0	3	1	0
RP11-554F20.1	3	5	6	1	5	12
NR4A3	99	55	78	123	107	83
LOC102724685	2	1	0	2	1	0
RP11-60I3.5	12	6	10	7	4	9
STX17	1696	1403	1721	1489	1438	1166
ERP44	2467	2146	2719	2477	2244	1904
INVS	746	690	781	770	639	554
TEX10	625	553	719	612	542	464
MSANTD3	657	666	809	686	689	497
MSANTD3-TMEFF1	0	0	0	0	0	0
TMEFF1	0	0	0	0	2	0
MURC	27	31	24	34	24	24
LPPR1	0	0	0	0	0	0
BAAT	0	1	1	2	2	4
MRPL50	666	506	734	688	642	442
ZNF189	420	409	537	523	465	368
ALDOB	0	1	1	1	0	0
RP11-490D19.6	0	0	0	0	0	0
TMEM246	11	6	3	7	11	1
RNF20	1631	1383	1663	1547	1435	1269
GRIN3A	11	3	7	10	8	8
PPP3R2	0	0	0	2	0	0
LINC00587	0	0	0	0	0	0
CYLC2	0	0	0	0	0	0
RP11-341A22.2	0	0	0	0	0	1
LOC101928523	0	2	1	3	0	3
RP11-82L2.1	6	5	7	11	12	9
SMC2	5955	4860	6247	5961	5336	4485
OR13F1	0	0	0	0	0	0
OR13C4	0	0	0	0	0	0
OR13C3	0	0	0	0	0	0
OR13C8	0	0	0	0	0	0
OR13C5	0	0	0	0	0	0
OR13C2	0	0	0	0	0	0
OR13C9	0	0	0	0	0	0
OR13D1	1	0	0	0	0	0
NIPSNAP3A	628	575	634	521	490	381
NIPSNAP3B	4	4	4	1	0	1
LOC286367	0	0	0	0	0	0
ABCA1	153	112	126	116	104	95
LOC102724761	0	0	0	0	0	0
LOC101928579	1	0	0	1	2	0
LOC101928609	3	4	5	4	2	2
SLC44A1	5405	5008	5899	5000	4531	3655
FSD1L	129	127	196	134	118	103
RALGAPA1P	62	77	46	62	71	82
FKTN	776	585	788	761	686	568
TAL2	1	2	0	3	1	2
TMEM38B	1191	1127	1267	1082	988	845
MIR8081	0	0	0	0	0	0
RP11-308N19.4	0	0	0	0	0	0
ZNF462	2316	1727	2288	2327	2146	1615
RP11-508N12.2	0	2	5	2	0	0
RAD23B	11474	9888	12472	10809	9667	8080
RP11-363D24.1	0	0	0	0	0	0
KLF4	835	726	784	275	273	183
ACTL7B	0	0	1	0	0	0
ACTL7A	0	0	0	0	0	0
IKBKAP	1812	1501	1984	1690	1671	1326
FAM206A	779	656	823	783	677	582
CTNNAL1	1570	1335	1911	1659	1465	1160
TMEM245	2613	2328	2900	2663	2412	1995
MIR32	0	0	0	0	0	0
FRRS1L	0	0	0	0	0	0
EPB41L4B	615	480	568	541	491	465
PTPN3	1147	973	1160	1097	997	870
MIR3927	0	0	0	0	0	0
PALM2	85	41	55	42	40	32
PALM2-AKAP2	0	0	0	1	0	0
AKAP2	0	0	1	0	0	0
TRNAR6	0	0	0	0	0	0
C9orf152	5	1	2	3	9	5
TXN	4226	4046	4927	4373	3762	3078
TXNDC8	0	0	0	0	0	0
SVEP1	290	242	315	209	180	140
MUSK	2	4	5	5	7	8
LPAR1	486	399	432	421	351	301
MIR7702	0	0	0	0	0	0
OR2K2	0	0	0	0	0	0
KIAA0368	4548	4075	5025	4433	4189	3381
ZNF483	106	94	129	121	105	77
PTGR1	1420	1128	1556	1232	1104	1009
LRRC37A5P	0	0	0	0	0	0
LOC101929953	0	1	3	0	0	4
DNAJC25-GNG10	0	0	0	0	0	0
DNAJC25	190	178	204	193	205	175
GNG10	4	5	7	1	4	0
C9orf84	99	83	108	114	86	88
UGCG	983	848	1116	1211	1027	780
MIR4668	0	0	0	0	0	0
SUSD1	623	537	670	768	725	504
PTBP3	14144	11767	14068	13061	12455	9728
HSDL2	1782	1440	1844	1752	1505	1333
LOC102724882	1	2	5	7	1	2
KIAA1958	501	418	515	520	518	343
INIP	744	618	728	716	667	567
SNX30	1134	1011	1248	1205	1102	919
SLC46A2	1	2	7	1	8	3
ZNF883	0	0	0	1	0	0
ZFP37	98	84	129	120	101	113
FAM225B	0	0	1	0	4	1
FAM225A	13	8	11	13	2	10
SLC31A2	134	117	144	125	115	85
FKBP15	1435	1098	1387	1501	1263	1047
SLC31A1	1979	1747	2364	2209	2093	1660
CDC26	476	415	507	456	424	409
PRPF4	2425	2005	2718	2366	2152	1781
RNF183	1	0	0	3	1	0
LOC102724894	0	0	0	0	0	0
WDR31	120	113	148	130	121	103
BSPRY	74	71	97	85	81	52
HDHD3	300	236	316	307	314	213
ALAD	647	502	684	611	597	492
POLE3	3487	3084	3823	3852	3358	2805
C9orf43	32	26	45	45	59	32
RGS3	450	448	494	398	382	309
ZNF618	2870	2433	3068	2485	2257	1816
AMBP	0	1	0	0	0	1
KIF12	5	17	10	6	3	5
COL27A1	1289	1028	1292	1239	1118	926
MIR455	0	0	0	0	0	0
ORM1	0	0	0	0	0	0
ORM2	0	0	0	0	0	0
AKNA	205	201	254	174	133	103
DFNB31	73	63	76	72	51	56
ATP6V1G1	1267	1086	1414	1341	1246	1047
C9orf91	603	520	706	535	482	359
RP11-402G3.3	0	0	0	0	0	0
TNFSF15	95	86	96	154	86	92
TNFSF8	0	0	0	0	0	0
TNC	546	510	659	579	479	453
RP11-523L1.2	0	0	0	0	0	0
DEC1	0	0	0	0	0	0
LOC101928775	0	0	0	0	0	0
LINC00474	0	0	0	0	0	0
PAPPA	0	0	0	1	1	0
PAPPA-AS1	0	0	0	0	0	0
ASTN2	1	1	1	3	1	2
RP11-264C15.2	0	0	0	0	0	0
TRIM32	503	453	638	520	470	343
SNORA70C	0	0	0	0	0	0
RP11-500B12.1	0	0	0	0	0	0
TLR4	0	0	0	0	0	0
LOC101928826	29	29	25	28	31	30
LOC102724929	0	0	0	0	0	0
LOC101928849	0	0	0	0	0	0
BRINP1	0	0	0	0	0	0
LOC102724966	2	0	0	0	0	0
MIR147A	0	0	0	0	0	0
CDK5RAP2	2089	1727	2190	1915	1705	1357
LOC102723309	0	1	3	1	0	1
MEGF9	488	471	579	536	481	362
FBXW2	2511	2176	2671	2535	2280	1834
LOC100288842	86	41	58	68	54	44
PSMD5	2354	1926	2458	2498	2123	1785
PSMD5-AS1	161	140	154	121	111	111
PHF19	1618	1479	1915	1432	1348	1076
TRAF1	53	41	40	61	54	42
C5	23	21	26	12	32	22
CNTRL	1506	1264	1667	1104	986	928
RAB14	5516	4898	5808	5543	5127	4241
GSN	454	382	501	573	473	375
GSN-AS1	4	3	9	2	2	0
STOM	4364	3813	4972	4004	3454	2865
LOC102723324	2	1	2	1	0	3
LOC101928876	0	0	0	0	0	0
GGTA1P	0	0	0	0	0	2
DAB2IP	3523	3038	3691	2309	2117	1709
TTLL11	167	147	160	182	126	87
LOC102723349	0	0	0	0	0	0
MIR4478	0	0	0	0	0	0
NDUFA8	1075	904	1104	1044	882	721
MORN5	0	0	0	1	1	0
LHX6	59	56	123	73	58	62
RBM18	1121	998	1151	1052	954	762
MRRF	1157	1000	1328	1104	1058	835
PTGS1	1666	1598	1769	1633	1376	1105
OR1J2	1	4	2	1	2	1
OR1J1	0	1	0	0	0	0
OR1J4	0	0	0	0	0	0
OR1N1	0	0	0	0	0	0
OR1N2	0	0	0	0	0	0
OR1L8	0	0	0	0	0	0
OR1Q1	0	0	0	0	0	0
OR1B1	0	0	0	0	0	0
OR1L1	0	0	0	0	0	0
OR1L3	0	0	0	2	0	0
OR1L4	0	0	0	0	0	0
OR1L6	0	0	0	0	0	0
OR5C1	0	0	1	0	0	0
OR1K1	0	0	0	0	0	0
PDCL	987	810	1032	1000	878	729
RC3H2	3071	2673	3475	3095	2870	2266
LOC101928928	0	0	0	0	0	0
SNORD90	0	0	0	0	0	0
ZBTB6	1020	941	1103	1003	957	720
ZBTB26	352	271	367	295	267	222
RABGAP1	3792	3240	4043	3700	3397	2935
GPR21	3	1	0	0	3	0
MIR600HG	44	40	53	70	59	56
MIR600	0	0	0	0	0	0
STRBP	1867	1450	1923	1775	1635	1354
CRB2	6	7	3	7	11	6
DENND1A	648	554	656	667	560	474
MIR601	0	0	0	0	0	0
LOC102723374	0	0	0	0	0	0
MIR7150	0	0	0	0	0	0
LOC100505588	0	0	0	0	0	0
LHX2	120	95	141	148	170	107
NEK6	1204	1150	1457	908	866	699
PSMB7	1466	1395	1700	1573	1439	1187
LOC100129034	1005	979	1212	760	674	536
GPR144	5	9	8	14	5	2
NR5A1	1	1	1	4	0	1
NR6A1	350	293	349	271	256	201
MIR181A2HG	12	5	4	6	15	1
MIR181A2	0	0	2	1	2	0
MIR181B2	0	0	0	0	0	1
OLFML2A	757	706	967	952	833	615
WDR38	2	3	1	4	0	1
RPL35	7248	6338	8198	7325	6216	5430
ARPC5L	1310	1095	1510	1396	1309	1058
GOLGA1	1100	835	1039	1068	909	778
LOC102723420	1	2	2	2	3	3
SCAI	834	720	893	929	787	666
PPP6C	3440	2862	3710	3617	3201	2613
RABEPK	778	594	846	778	683	577
HSPA5	17032	15534	19678	17670	15867	13101
GAPVD1	2623	2342	2958	2731	2567	2106
LOC101929014	29	22	26	7	17	14
MAPKAP1	2053	1776	2416	2564	2233	1873
LOC101929040	3	0	2	3	2	0
LOC102723468	0	0	3	2	0	0
RP11-423C15.3	5	1	0	2	2	0
PBX3	230	165	211	224	219	175
RP11-343J18.1	0	0	0	0	0	0
MVB12B	211	158	239	162	157	132
NRON	0	0	0	1	1	0
LMX1B	258	157	258	255	260	185
ZBTB43	727	663	822	677	689	570
ZBTB34	567	578	683	499	443	300
RALGPS1	86	84	97	99	88	79
ANGPTL2	2	0	0	6	2	1
GARNL3	34	25	21	40	26	32
SLC2A8	176	162	213	184	132	117
ZNF79	163	175	190	220	168	138
RPL12	17098	14792	19758	16689	14948	13037
SNORA65	5	2	2	2	5	2
LRSAM1	566	475	622	559	438	476
FAM129B	2588	2523	3108	2898	2491	2101
STXBP1	408	383	461	516	484	367
MIR3911	0	0	2	0	1	0
C9orf117	29	37	44	45	30	30
PTRH1	78	54	58	89	63	37
TTC16	0	0	0	0	1	0
TOR2A	227	189	215	173	192	169
SH2D3C	5	5	1	8	10	4
MIR3960	1	0	0	0	0	0
MIR2861	0	0	0	0	0	0
CDK9	1439	1249	1600	1581	1339	1055
FPGS	840	794	1067	874	788	625
ENG	606	573	714	638	547	457
LOC102723566	19	19	20	18	10	13
AK1	560	459	602	597	539	490
MIR4672	0	0	0	0	0	0
ST6GALNAC6	246	247	317	230	197	147
ST6GALNAC4	98	103	134	106	89	80
PIP5KL1	6	6	8	7	8	5
DPM2	411	367	457	444	311	265
FAM102A	799	703	895	819	749	536
NAIF1	279	288	300	309	253	231
SLC25A25	414	341	481	484	422	330
RP11-395P17.3	97	109	102	104	107	66
PTGES2	956	846	1005	858	723	633
PTGES2-AS1	17	3	12	9	4	5
LCN2	348	384	326	317	332	310
C9orf16	648	557	701	582	486	415
CIZ1	3572	3048	3877	3693	3394	2813
DNM1	117	107	126	144	103	79
MIR199B	0	0	0	0	0	0
MIR3154	0	1	0	0	0	0
GOLGA2	2317	1926	2495	2277	1966	1706
SWI5	337	304	298	312	340	278
TRUB2	697	692	825	721	581	596
COQ4	396	376	474	456	399	282
TRNAR12	0	0	0	0	1	0
SLC27A4	940	809	1016	817	771	585
URM1	1002	793	1129	959	779	711
LOC101929249	0	0	0	1	1	1
MIR219-2	0	0	0	0	0	0
MIR2964A	0	0	0	0	0	0
CERCAM	251	211	309	293	258	200
ODF2	1909	1560	2024	1589	1498	1359
GLE1	1982	1738	2137	1876	1737	1460
LOC101929270	14	5	8	4	6	5
SPTAN1	1555	1365	1859	1748	1673	1319
WDR34	1398	1230	1538	1216	1090	818
SET	28386	23627	30935	26585	24054	20193
PKN3	560	470	627	543	501	378
ZDHHC12	355	325	406	355	297	248
LOC100506100	59	79	54	79	70	60
ZER1	957	844	950	931	817	668
TBC1D13	677	619	748	773	608	503
ENDOG	52	55	44	37	36	19
C9orf114	517	477	614	557	489	396
CCBL1	232	217	267	213	156	148
LRRC8A	2354	2157	2696	2599	2323	1757
LOC101929291	6	8	14	9	10	6
PHYHD1	3	4	5	13	0	6
DOLK	487	405	554	525	432	355
NUP188	3722	3437	4363	4044	3456	3019
LOC101929314	0	0	0	0	0	0
SH3GLB2	1003	869	1089	953	734	601
FAM73B	413	328	439	453	403	342
DOLPP1	682	580	782	670	597	516
CRAT	31	21	14	28	16	17
PPP2R4	4168	3866	4669	4220	3660	2923
IER5L	492	433	492	443	409	306
RP11-344B5.2	10	9	10	9	10	14
C9orf106	1	0	0	1	0	0
RP11-65J3.1	335	340	467	379	283	233
LINC00963	248	191	290	192	121	113
NTMT1	282	249	358	298	244	196
C9orf50	0	0	0	0	2	0
ASB6	474	449	519	465	448	311
PRRX2	0	3	0	3	0	0
LOC101929437	0	0	0	0	0	0
PTGES	978	893	1031	1053	940	798
TOR1B	638	567	770	818	708	559
TOR1A	1253	1117	1412	1373	1121	1022
C9orf78	1589	1373	1682	1726	1556	1348
USP20	475	397	501	499	500	379
MIR6855	0	0	0	0	0	0
FNBP1	817	649	885	1032	869	733
GPR107	4020	3527	4409	3880	3680	2975
FLJ46836	0	0	0	0	0	0
NCS1	1041	966	1174	943	845	649
HMCN2	3	4	0	6	4	3
ASS1	1973	1894	2229	1793	1595	1309
LOC100272217	29	21	34	11	16	16
FUBP3	3209	2653	3350	3221	3079	2500
MIR6856	0	0	0	2	0	0
PRDM12	9	2	8	12	4	5
EXOSC2	958	821	1044	926	849	640
ABL1	2280	2028	2648	2299	1983	1752
LOC102723787	0	0	0	0	0	0
LOC101927986	9	2	10	10	5	3
QRFP	2	1	3	0	2	3
FIBCD1	25	21	22	36	31	29
LAMC3	1	4	3	5	4	2
AIF1L	616	604	720	794	713	554
NUP214	2349	2103	2671	2483	2324	1878
FAM78A	64	66	89	85	83	68
PPAPDC3	0	0	0	1	0	0
PRRC2B	19904	17809	22049	19651	17592	14102
SNORD62A	5	4	7	3	7	4
SNORD62B	42	53	45	46	42	32
POMT1	648	565	661	715	659	532
UCK1	1161	932	1216	1351	1088	879
LOC102723804	3	0	1	2	3	1
RAPGEF1	3307	3076	3842	3270	3004	2337
MED27	1637	1329	1727	1791	1543	1372
NTNG2	7	10	6	11	3	6
SETX	9419	8251	10401	10235	9404	7575
TTF1	1562	1301	1653	1629	1585	1341
C9orf171	0	2	1	2	2	0
BARHL1	5	0	1	2	1	0
DDX31	1593	1409	1753	1618	1498	1226
GTF3C4	4139	3587	4559	4269	3892	3135
AK8	29	38	32	20	30	28
C9orf9	255	217	257	246	193	201
TSC1	3251	2859	3349	3508	3220	2694
MIR548AW	0	0	0	0	1	0
GFI1B	0	0	0	2	0	1
GTF3C5	3608	2898	3938	3859	3194	2726
MIR6877	0	0	0	0	2	0
LOC100996574	25	31	16	45	33	24
CEL	342	279	368	345	322	291
LOC101928006	0	0	0	0	0	0
CELP	0	0	0	0	1	0
RALGDS	1012	870	1046	1044	937	655
GBGT1	52	22	37	49	45	37
LOC101928193	0	0	0	0	0	0
OBP2B	0	0	1	0	0	0
ABO	460	338	408	337	296	312
SURF6	1906	1510	1936	1955	1605	1508
MED22	2869	2654	3329	2897	2568	2079
RPL7A	56280	49059	63419	56640	50448	42738
SNORD24	9	6	11	11	10	12
SNORD36B	3	4	8	1	5	0
SNORD36A	61	67	65	62	44	45
SNORD36C	17	13	17	14	26	14
SURF1	1083	1004	1297	1139	1051	829
SURF2	618	490	689	752	643	546
SURF4	12272	10750	13540	13495	12042	9789
C9orf96	21	10	23	22	18	16
REXO4	2283	1895	2470	2416	2057	1602
ADAMTS13	111	75	77	132	121	82
CACFD1	163	141	169	141	160	101
SLC2A6	350	312	411	491	394	326
LOC102723855	0	0	0	0	0	0
TMEM8C	0	0	0	0	0	0
ADAMTSL2	0	1	0	0	0	0
FAM163B	0	0	1	1	3	0
DBH	0	3	2	3	5	2
DBH-AS1	1	0	3	5	8	5
SARDH	12	9	6	14	12	10
VAV2	4791	4091	5557	5315	4621	3705
LOC101928038	5	2	3	0	3	3
LINC00094	752	620	826	757	695	520
BRD3	4277	3863	4589	4525	3970	3270
RP11-374P20.4	25	32	44	35	41	35
WDR5	5827	5108	6460	6220	5627	4665
LOC101928109	0	0	0	0	1	0
RNU6ATAC	7	2	3	9	14	3
LOC101928384	0	0	0	0	0	0
RXRA	9259	7770	9369	7495	6718	5329
MIR4669	0	0	0	0	0	0
LOC100506532	0	4	0	0	1	0
COL5A1	186	145	154	172	163	140
LOC101448202	0	0	0	0	0	0
MIR3689C	0	0	0	0	0	0
MIR3689A	0	0	0	0	0	0
MIR3689D1	0	0	0	0	0	0
MIR3689B	0	0	0	0	0	0
MIR3689D2	0	0	0	0	0	0
MIR3689E	0	0	0	0	0	0
MIR3689F	0	0	0	0	0	0
FCN2	0	0	0	0	0	0
FCN1	0	0	0	0	0	0
LOC102723937	0	0	0	0	0	0
OLFM1	7	4	14	14	20	11
LOC102723948	0	0	0	0	0	0
LOC401557	0	0	0	0	0	0
C9orf62	0	0	0	0	0	0
PPP1R26-AS1	160	111	138	183	131	160
PPP1R26	4274	3770	4861	4482	3864	3254
C9orf116	78	69	93	101	110	90
MRPS2	1454	1309	1822	1654	1374	1131
RP11-426A6.5	4	1	4	3	8	2
LCN1	0	0	0	1	2	0
OBP2A	0	0	0	0	0	0
PAEP	1	2	1	0	3	5
RP11-98L5.2	0	0	0	0	0	0
LOC102723971	0	0	0	0	0	0
LOC102723979	0	0	0	0	0	0
GLT6D1	0	0	0	0	1	2
LCN9	0	0	0	1	0	0
SOHLH1	1	0	0	0	0	0
KCNT1	36	24	42	41	51	25
CAMSAP1	3334	2793	3698	3640	3104	2706
LOC101928552	9	1	1	9	5	4
LOC102724037	97	82	78	93	94	65
UBAC1	2850	2356	3008	2867	2534	1981
NACC2	2093	1823	2499	2521	2221	1812
C9orf69	2140	1972	2361	1936	1692	1285
LOC101928645	21	26	28	23	32	22
LHX3	21	25	26	31	13	25
QSOX2	3309	3000	3838	3688	3213	2514
ESP33	2	0	1	1	2	4
LOC101928722	1	2	1	5	3	1
MGC50722	1	10	4	7	3	4
DKFZP434A062	1	1	2	3	1	0
GPSM1	392	390	510	518	437	280
DNLZ	519	478	597	582	488	425
CARD9	45	25	34	38	40	20
SNAPC4	1216	1040	1297	1263	1155	931
SDCCAG3	3173	2632	3600	3711	3418	2786
PMPCA	3387	2940	3877	3742	3326	2550
INPP5E	1192	1035	1344	1226	1101	825
SEC16A	10178	8926	11265	11617	10378	8391
C9orf163	27	21	29	18	24	17
NOTCH1	4293	3563	4721	4136	3762	2841
MIR4673	0	0	0	1	0	0
MIR4674	0	0	0	0	0	0
RP11-611D20.2	30	21	37	36	19	25
LOC101928581	19	7	13	12	9	9
HCCAT4	0	2	2	0	3	0
LOC102724193	0	3	0	0	0	0
LOC101928612	0	0	0	0	0	0
EGFL7	613	598	734	673	653	466
MIR126	1	3	0	1	0	1
AGPAT2	1695	1533	2031	2025	1720	1387
FAM69B	120	111	156	174	154	112
SNHG7	935	817	1110	920	905	675
SNORA43	0	0	0	0	0	0
SNORA17	0	0	0	0	0	0
LCN10	0	0	1	1	3	4
LCN6	0	0	0	0	0	0
LOC100128593	0	1	0	1	0	0
MIR6722	0	0	0	0	0	0
LCN8	0	0	0	1	0	0
LCN15	0	0	0	0	0	1
TMEM141	875	764	959	939	846	722
CCDC183	19	21	27	43	19	15
CCDC183-AS1	18	17	29	47	40	34
RABL6	7580	6875	8827	8547	7322	6058
MIR4292	26	21	24	39	33	17
C9orf172	32	29	32	38	36	27
PHPT1	1803	1550	2071	1868	1676	1364
MAMDC4	128	132	145	164	157	95
EDF1	5010	4378	5376	5099	4454	3915
TRAF2	1791	1565	1921	1932	1587	1259
MIR4479	7	3	10	8	11	2
FBXW5	2657	2199	2832	2978	2593	2106
C8G	9	7	9	19	10	16
LCN12	11	10	15	25	13	19
LOC101928638	0	0	0	1	1	0
PTGDS	0	0	2	0	0	0
LCNL1	0	0	0	2	1	1
C9orf142	929	847	1058	995	815	652
CLIC3	40	38	45	92	60	45
ABCA2	1695	1590	1845	1628	1462	1137
C9orf139	0	0	2	4	3	1
FUT7	0	0	0	0	1	0
NPDC1	945	766	1033	1002	807	597
ENTPD2	95	76	97	124	99	86
SAPCD2	2442	2055	2899	2395	1959	1503
UAP1L1	365	336	433	400	365	297
MAN1B1-AS1	150	136	173	127	117	86
MAN1B1	2202	1931	2399	2356	1986	1634
LOC101930307	124	88	104	126	112	94
DPP7	2101	1872	2342	2033	1833	1456
GRIN1	4	0	2	3	1	1
LRRC26	0	0	3	1	0	4
MIR3621	0	0	0	0	0	0
TMEM210	2	0	0	0	2	0
ANAPC2	1201	994	1305	1289	1085	908
SSNA1	675	592	738	654	550	466
TPRN	335	301	368	511	398	330
TMEM203	1260	1079	1228	1204	1084	860
NDOR1	1536	1299	1733	1889	1503	1235
RNF208	46	57	66	65	79	58
C9orf169	101	138	126	233	183	144
RNF224	20	9	24	26	30	13
SLC34A3	23	15	30	18	15	17
TUBB4B	20948	17664	23586	22201	19210	15976
FAM166A	2	2	3	2	2	3
LOC100129722	5	1	1	2	1	1
C9orf173	3	4	3	5	4	2
NELFB	3432	3002	3881	3309	2810	2264
TOR4A	2046	1787	2186	2283	1965	1453
NRARP	4691	3814	4797	3600	3161	2775
EXD3	279	260	264	267	208	194
NOXA1	107	98	122	93	88	80
ENTPD8	14	14	20	22	31	20
NSMF	1779	1594	2160	2181	1855	1410
MIR7114	0	0	0	0	0	0
PNPLA7	25	29	24	37	34	31
MRPL41	1039	985	1266	1257	1122	792
DPH7	1141	987	1271	1227	1077	816
LOC102724259	19	21	21	13	23	14
ZMYND19	1423	1212	1649	1567	1397	1078
ARRDC1	1092	998	1169	1297	1076	777
C9orf37	393	402	490	385	308	219
EHMT1	3945	3355	4408	4251	3773	2940
EHMT1-IT1	0	0	3	2	1	5
LOC101928897	1	1	2	5	3	1
LOC101928853	18	10	15	16	19	11
MIR602	0	0	1	0	1	0
RP11-188C12.3	0	0	1	2	4	6
CACNA1B	8	5	5	18	14	8
LOC101928786	0	0	0	0	0	0
TUBBP5	282	221	279	263	229	181
LOC101928932	0	0	0	0	0	2
FAM157B	0	0	0	0	0	0
LOC102724409	4	2	1	2	3	2
LOC102724394	0	2	1	1	0	1
LOC102724374	0	0	0	0	0	0
LOC102723376	0	0	0	0	0	0
LOC102723363	0	0	0	0	0	0
TUBB8	4	1	6	2	10	10
ZMYND11	3091	2469	2991	3182	2803	2423
DIP2C	377	331	468	400	300	266
LOC101930421	0	0	1	0	0	0
MIR5699	0	0	0	0	0	0
PRR26	2	2	0	1	0	1
LARP4B	3964	3429	4401	3790	3471	2819
LOC101927762	15	13	8	14	16	15
GTPBP4	3561	3078	4040	3576	3252	2690
IDI2	176	139	186	180	133	114
IDI2-AS1	9	15	16	19	16	15
LOC102723422	9	8	11	10	6	10
IDI1	1275	1079	1276	1470	1412	1182
WDR37	709	576	736	835	745	579
LINC00200	0	0	0	0	0	0
ADARB2	105	91	133	103	86	64
ADARB2-AS1	6	5	6	7	9	2
LOC101929564	1	0	0	1	1	1
LINC00700	0	0	0	0	0	0
MIR6072	0	0	0	0	0	0
LINC00701	47	54	67	66	51	49
LOC101927824	8	1	2	3	3	1
PFKP	4696	4203	5434	4792	4138	3400
LOC101927848	50	40	26	49	38	37
PITRM1	1944	1788	2187	2386	2108	1763
PITRM1-AS1	36	32	32	29	33	21
LOC101927880	0	0	0	0	0	0
KLF6	708	577	737	867	715	566
LOC101927904	0	0	0	0	0	0
MIR6078	0	0	0	0	0	0
LOC101927946	0	0	0	0	0	0
RP11-433J20.1	0	0	3	0	0	0
LINC00702	2	1	2	4	2	0
LINC00703	0	0	0	0	0	0
LINC00704	7	6	2	1	1	3
LINC00705	2	0	0	0	0	2
AKR1E2	32	20	30	23	29	25
AKR1C6P	0	0	0	0	0	0
LOC101928027	0	1	0	0	0	0
AKR1C1	342	307	333	218	216	181
AKR1C2	13	20	4	17	18	13
LOC101928051	1	0	0	0	0	2
AKR1C3	52	47	61	29	36	20
AKR1CL1	1	0	0	1	2	0
AKR1C4	0	1	0	0	0	0
UCN3	0	0	0	0	0	0
TUBAL3	3	2	3	5	6	5
NET1	4254	3754	4803	4670	4419	3543
CALML5	4	5	7	16	16	8
CALML3	15	11	20	36	23	20
LOC102723629	1	0	2	2	0	0
LOC102723615	0	0	0	0	0	0
ASB13	638	600	772	535	485	414
FAM208B	6451	5440	7089	6360	5769	4766
GDI2	7975	6478	8502	7486	6647	5757
TRNAV26	3	2	1	0	2	2
ANKRD16	177	110	147	128	124	98
FBXO18	1754	1535	1848	1743	1586	1266
IL15RA	216	191	215	139	151	104
IL2RA	0	0	0	0	0	0
LOC102723642	0	0	0	0	0	0
RBM17	2504	2195	2765	2403	2105	1867
LOC101928080	0	0	0	0	0	0
PFKFB3	1254	1152	1497	1248	1145	868
MIR3155A	0	0	0	0	0	0
MIR3155B	0	0	0	0	0	0
RP11-563J2.2	0	2	1	4	5	2
DKFZp667F0711	0	2	4	0	2	1
PRKCQ	62	78	91	38	41	26
LOC102723695	0	0	0	1	1	0
PRKCQ-AS1	43	60	70	38	22	18
LOC101928130	0	0	0	0	0	0
LOC102723721	105	77	106	91	67	57
LINC00706	0	1	0	0	1	0
LINC00707	201	211	272	320	264	230
SFMBT2	1	0	0	0	0	0
ITIH5	0	1	0	0	0	0
LOC101928171	0	0	0	0	0	0
ITIH2	6	3	4	5	3	7
KIN	341	296	347	320	347	263
ATP5C1	4152	3615	4466	4051	3661	3211
LOC101928197	4	0	1	0	1	1
TAF3	798	620	818	821	726	640
GATA3	311	275	320	266	234	187
GATA3-AS1	8	4	4	2	5	2
LINC00708	0	0	0	0	0	0
LOC101928272	47	50	60	35	38	34
LINC00709	0	0	0	0	0	0
RP5-933E2.1	0	0	0	0	0	0
RP11-271F18.4	0	0	0	0	0	0
SFTA1P	80	76	107	117	97	98
CELF2	42	46	56	79	47	44
LINC00710	0	0	0	0	0	0
CELF2-AS2	0	0	0	0	0	0
CELF2-AS1	0	0	0	0	1	0
USP6NL	696	601	709	741	629	532
USP6NL-IT1	31	37	39	64	35	32
LOC439951	0	0	0	0	0	0
ECHDC3	0	0	0	0	0	0
PROSER2	751	714	886	625	542	436
PROSER2-AS1	6	5	12	15	17	15
UPF2	2697	2065	2650	2444	2321	2061
DHTKD1	2295	2007	2500	2081	1875	1533
SEC61A2	232	171	200	268	218	158
MIR548AK	0	0	0	0	0	0
NUDT5	1580	1414	1845	1726	1445	1200
CDC123	2857	2351	3252	2914	2550	2277
CAMK1D	27	30	27	49	33	24
MIR4480	0	0	0	0	0	0
MIR4481	0	0	0	0	0	0
MIR548Q	0	0	0	0	0	0
LOC283070	0	0	0	0	0	0
CCDC3	6	3	4	1	9	7
OPTN	1093	1004	1172	1048	993	840
MCM10	1826	1669	2107	1998	1800	1499
RNU6-2	13	8	15	11	16	12
UCMA	0	0	0	0	1	0
PHYH	296	241	351	313	266	233
SEPHS1	3079	2541	3247	3113	2816	2233
LOC102723860	0	0	0	0	0	0
BEND7	335	338	442	346	292	280
PRPF18	595	506	576	593	515	473
FRMD4A	295	234	260	286	231	195
LOC101928524	30	36	32	45	29	29
LOC102723887	0	0	0	0	0	0
RP11-397C18.2	0	0	0	1	1	0
MIR4293	0	0	0	0	0	0
MIR1265	0	0	0	0	0	0
FAM107B	331	313	409	469	375	304
CDNF	21	18	27	25	26	31
HSPA14	2173	1847	2417	2381	2115	1803
SUV39H2	890	727	1024	856	848	648
DCLRE1C	731	649	708	589	523	450
MEIG1	7	4	9	6	15	3
LOC101928562	1	0	2	3	0	2
OLAH	1	1	1	1	9	4
ACBD7	600	550	703	675	636	548
C10orf111	2	2	4	7	9	5
RPP38	443	387	520	452	379	313
NMT2	1040	1027	1267	1257	1141	911
PPIAP30	1	1	0	2	1	1
LOC102724013	1	2	1	1	1	1
LOC101928623	0	0	0	0	0	0
FAM171A1	805	713	945	853	722	627
LOC101928655	0	0	0	0	2	0
ITGA8	0	0	0	0	0	0
LOC101928678	0	0	0	0	0	0
FAM188A	0	0	0	0	0	0
LOC102724039	0	0	0	0	0	0
PTER	559	553	664	626	559	505
C1QL3	2	0	0	0	0	1
LOC101928701	0	0	0	0	0	0
RSU1	1291	1032	1340	1255	1151	930
CUBN	1	6	1	3	6	9
TRDMT1	177	162	208	191	159	126
VIM-AS1	0	2	2	1	1	0
VIM	17	14	19	19	23	16
ST8SIA6	2	4	0	2	1	1
ST8SIA6-AS1	0	0	0	0	0	0
PTPLA	328	260	361	318	300	242
STAM	928	837	1076	1110	1047	886
TMEM236	12	6	11	9	6	6
MRC1	2	1	0	5	3	3
MIR511-1	0	0	0	0	0	0
SLC39A12	0	0	0	0	0	0
RP11-110H10.2	0	0	0	0	0	0
CACNB2	11	15	12	14	25	7
NSUN6	238	174	200	230	156	177
LOC102724059	7	4	7	7	10	2
ARL5B	2101	1747	2099	2051	1884	1589
MALRD1	4	0	0	2	4	6
LOC102724082	0	0	0	0	0	0
RP11-354E11.2	0	0	0	0	0	0
PLXDC2	57	64	67	37	39	39
MIR4675	0	0	0	0	0	0
NEBL	229	189	240	194	202	167
C10orf113	0	0	0	0	0	0
NEBL-AS1	0	2	0	3	0	0
RNU6-15P	0	0	0	0	1	0
CASC10	59	49	74	73	46	38
MIR1915	0	0	3	0	0	0
SKIDA1	43	44	38	60	34	22
MLLT10	1340	1106	1500	1313	1095	951
DNAJC1	272	279	340	293	271	269
EBLN1	0	0	0	0	0	0
TRNAN11	0	0	0	0	0	0
LOC100130992	143	157	157	103	91	76
COMMD3-BMI1	0	0	0	0	0	0
COMMD3	70	61	81	65	48	51
BMI1	21	31	28	29	17	28
SPAG6	1	1	1	0	0	0
LOC100499489	0	1	2	0	3	1
LOC100289455	0	0	0	2	0	0
PIP4K2A	1004	969	1145	1013	914	792
LOC101928970	1	2	0	1	0	0
ARMC3	0	0	0	0	0	0
MSRB2	183	134	165	165	124	135
PTF1A	0	0	0	0	0	0
C10orf115	4	8	4	1	2	3
C10orf67	90	76	105	109	80	52
MIR1254-2	0	0	0	0	0	0
OTUD1	2317	2013	2369	1845	1615	1258
KIAA1217	959	821	1074	940	813	721
MIR603	0	0	0	0	0	0
LOC101928997	2	1	2	1	0	1
ARHGAP21	4292	3621	4447	3599	3413	2692
PRTFDC1	89	87	102	84	64	57
ENKUR	7	7	5	7	6	4
THNSL1	391	383	502	390	359	324
RP11-80K21.3	0	0	0	0	1	0
GPR158-AS1	0	0	0	0	0	0
GPR158	510	428	498	468	471	341
LINC00836	0	0	0	0	0	0
RP11-435M3.2	0	0	0	0	0	0
MYO3A	0	0	1	0	0	1
GAD2	0	0	0	0	0	0
APBB1IP	1	1	2	0	0	0
LOC101929117	0	0	0	0	0	0
LINC00264	0	0	0	0	0	0
LOC102724202	0	0	0	0	0	0
LINC00202-2	0	0	0	0	0	0
PDSS1	256	212	251	256	228	185
ABI1	1995	1730	2098	1931	1679	1428
LINC00202-1	0	1	1	6	0	2
LOC101929149	3	1	3	1	5	1
LOC102724218	0	0	0	0	0	0
ANKRD26	816	689	820	735	724	644
YME1L1	8485	7112	8925	8421	7621	6630
MASTL	1527	1351	1762	1837	1669	1310
ACBD5	1373	1156	1408	1306	1152	1029
LRRC37A6P	27	33	40	32	23	21
ARMC4P1	0	0	1	0	1	0
LOC102724245	0	0	0	0	0	0
LOC101929180	0	0	0	0	0	0
PTCHD3	0	0	0	0	0	0
RAB18	2639	2234	2819	2680	2582	2171
MKX	56	60	54	48	44	41
LOC101929202	0	0	0	0	0	0
ARMC4	45	22	36	35	27	36
MPP7	1180	941	1200	967	893	765
MIR8086	0	0	0	0	0	0
WAC-AS1	739	649	786	750	682	590
WAC	7046	5776	7603	6704	6367	5245
BAMBI	34	27	34	67	29	33
LINC00837	0	0	0	0	0	0
RP11-478H13.3	0	0	0	0	0	0
C10orf126	0	0	0	0	0	0
LOC101929236	0	3	0	0	0	0
LYZL1	0	0	0	0	0	0
PTCHD3P1	0	0	0	0	0	0
SVIL	226	238	267	401	336	242
LOC102724316	0	0	0	0	0	1
MIR604	0	0	0	0	0	0
MIR938	0	0	0	0	0	0
LOC102724333	0	0	0	0	0	0
KIAA1462	243	205	282	274	263	194
LOC101929256	0	0	0	0	0	0
LOC101929279	0	0	0	0	0	0
MTPAP	1194	1149	1500	1321	1238	934
MIR7162	0	0	0	0	0	0
MAP3K8	127	110	139	145	135	98
LYZL2	0	0	0	0	0	0
SVILP1	0	0	0	1	0	1
ZNF438	128	92	113	126	91	78
LOC101929352	0	0	0	0	0	0
LOC101929946	0	0	2	0	0	0
ZEB1-AS1	110	83	113	89	85	53
ZEB1	19	17	29	30	23	28
LOC100996668	0	0	0	0	0	0
LOC100505502	0	0	0	0	0	0
LOC646034	0	0	0	0	0	1
ARHGAP12	1185	1038	1323	1171	1096	972
KIF5B	12908	10995	13920	13398	12331	10539
EPC1	775	678	941	890	729	633
LOC102031319	0	0	1	0	0	0
LOC101929431	4	2	1	2	2	0
CCDC7	47	59	52	55	53	42
ITGB1	19048	17060	20936	19550	17591	15040
LOC101929475	9	14	16	17	17	23
LOC101929447	0	0	1	0	0	0
NRP1	1584	1666	1990	1726	1473	1199
LINC00838	0	0	0	0	0	0
PARD3	2432	2001	2644	2301	2035	1619
PARD3-AS1	2	0	7	1	1	0
CUL2	2006	1860	2334	2264	2057	1650
MIR3611	0	0	0	0	0	0
CREM	333	248	325	361	366	259
CCNY	1619	1372	1757	1714	1523	1189
GJD4	0	0	0	0	0	0
FZD8	115	105	146	158	140	95
MIR4683	0	0	0	0	0	0
PCAT5	0	1	0	1	0	0
ANKRD30A	0	0	0	0	0	0
LOC102724509	0	0	0	0	0	0
LOC101929498	0	0	0	0	0	0
LINC00993	0	0	0	0	0	0
MTRNR2L7	0	0	0	0	0	0
LOC102724533	0	0	0	0	0	0
ZNF248	589	463	592	516	516	374
ZNF33BP1	2	0	0	3	3	0
ZNF25	294	252	359	233	244	192
ZNF33A	1602	1355	1672	1621	1393	1322
ZNF37A	1091	951	1154	1022	917	836
LOC101929740	0	0	0	0	0	0
LOC100129055	0	0	4	0	2	0
HSD17B7P2	103	101	129	99	89	83
SEPT7P9	3	3	2	2	0	1
LOC101929540	19	15	29	16	22	35
LINC00999	182	148	183	196	182	122
ACTR3BP5	0	0	0	0	0	0
LOC101929373	0	0	0	0	0	0
LOC441666	158	127	174	155	150	116
CCNYL2	1	3	2	2	3	3
LINC00839	170	134	205	183	152	148
ZNF37BP	313	246	326	309	266	231
ZNF33B	1028	908	1073	960	860	764
AL022344.4	1	1	4	3	2	3
LOC283028	11	7	6	12	14	10
BMS1	2314	2042	2739	2446	2211	1968
LOC101929445	0	0	0	1	2	2
MIR5100	0	0	0	0	0	0
RET	22	25	35	31	50	24
CSGALNACT2	1551	1230	1609	1454	1335	1199
RASGEF1A	297	311	429	286	252	195
FXYD4	0	0	0	1	0	1
HNRNPF	14446	12221	15296	13573	11831	9565
ZNF487	46	46	55	52	36	34
ZNF239	79	72	116	82	88	59
ZNF485	102	87	97	85	84	71
ZNF32-AS3	1	0	0	0	1	0
ZNF32	163	147	179	155	171	110
ZNF32-AS1	3	8	6	7	3	5
ZNF32-AS2	15	17	21	20	15	14
LOC102724264	0	0	0	0	0	0
HNRNPA3P1	121	180	143	109	120	187
LINC00619	0	0	1	0	0	0
LINC00840	0	0	0	0	0	0
LINC00841	0	0	0	0	0	0
LOC101929465	0	0	0	0	0	0
LOC100130539	0	0	0	0	0	0
CXCL12	0	1	1	0	0	1
TMEM72-AS1	0	0	0	0	1	0
TMEM72	0	0	0	0	0	1
RASSF4	15	18	26	15	21	13
C10orf10	42	33	33	49	35	22
C10orf25	31	38	35	65	38	30
ZNF22	1204	974	1294	1321	1104	898
LOC102724306	1	2	0	2	4	0
LOC102724298	0	0	0	0	0	0
RSU1P2	0	0	0	0	0	0
ANKRD30BP3	0	0	0	0	0	0
MIR3156-1	0	0	0	0	0	0
OR13A1	0	0	0	0	0	0
ALOX5	0	0	0	0	0	0
LOC102724323	0	0	0	0	0	0
MARCH8	128	89	152	88	81	74
ZFAND4	164	118	200	130	118	110
FAM21C	1265	1043	1350	1173	1064	870
AGAP4	214	184	230	189	184	145
LOC728407	205	177	198	244	165	163
TIMM23	2449	2061	2741	2566	2286	1841
NCOA4	9518	8252	10403	9373	8603	7116
MSMB	3	2	1	2	0	0
AGAP7	22	25	39	38	27	19
ANTXRLP1	0	0	0	0	0	0
ANTXRL	2	0	1	1	1	0
FAM25B	0	1	0	2	0	1
ANXA8L1	2402	1863	2458	1769	1732	1455
LINC00842	93	74	111	79	91	69
HNRNPA1P33	61	79	63	74	54	74
NPY4R	8	3	12	7	5	4
GPRIN2	60	53	79	76	85	76
SYT15	63	53	51	21	27	22
LOC101927699	34	27	28	22	12	11
FAM35BP	21	27	26	22	21	32
LOC102724350	0	0	0	0	0	1
LOC101927584	0	0	0	0	0	0
LOC101929287	2	0	1	0	0	0
GLUD1P7	37	39	38	47	31	39
BMS1P5	162	144	160	190	151	126
BMS1P2	86	80	102	106	95	92
LOC101060581	97	87	89	132	86	105
FRMPD2P1	0	0	0	0	0	0
PTPN20B	0	0	0	2	0	1
LOC101929216	0	0	0	0	0	0
GDF10	0	0	0	0	0	0
GDF2	0	0	0	0	0	0
RBP3	17	10	22	19	8	5
ZNF488	1453	1220	1631	1168	1033	755
ANXA8	4734	3894	4807	3652	3530	3003
FAM25G	0	0	0	0	0	0
AGAP9	290	231	302	283	240	204
BMS1P6	219	171	211	206	201	202
CTSLP2	0	1	1	0	1	0
LOC102724643	0	0	0	0	0	0
FAM35DP	54	45	73	31	50	44
RHEBP2	81	94	109	88	88	88
LOC102724603	3	1	3	2	2	2
LOC102724593	22	22	20	8	13	6
LOC102724488	85	77	55	23	54	29
LOC100996758	9	6	7	7	7	2
LOC100996760	2554	2186	2600	1919	1941	1749
FAM25C	1	0	0	0	2	0
CTGLF12P	27	15	16	13	16	11
LOC102724455	43	81	44	53	51	81
FRMPD2	3	0	3	3	5	4
MAPK8	2684	2601	3158	2909	2651	2263
ARHGAP22	104	99	135	116	119	91
LOC101930357	0	2	0	0	4	0
WDFY4	0	0	1	0	0	0
LRRC18	0	0	0	0	0	0
MIR4294	0	0	0	0	0	0
VSTM4	0	1	1	0	1	0
FAM170B-AS1	0	0	0	0	0	0
FAM170B	0	0	0	0	0	0
C10orf128	0	0	0	0	0	0
C10orf71-AS1	0	0	0	0	0	0
C10orf71	0	0	0	0	0	0
DRGX	0	0	0	4	0	0
ERCC6	1474	1220	1465	1441	1371	1126
ERCC6-PGBD3	1	0	0	1	1	0
PGBD3	0	0	0	0	0	0
CHAT	2	1	0	2	0	0
SLC18A3	0	0	0	0	0	0
C10orf53	0	0	0	0	0	0
OGDHL	597	605	699	604	508	420
PARG	3115	2686	3426	3286	2880	2415
LINC00843	550	508	622	590	510	470
AGAP6	850	676	899	853	727	669
LOC101928665	7	8	2	12	2	5
FAM21A	2429	1960	2529	2242	2058	1787
ASAH2	26	25	37	31	46	16
SGMS1	1442	1166	1565	1310	1206	990
ASAH2B	429	457	488	532	473	446
A1CF	6	4	1	4	4	0
PRKG1	107	118	148	102	89	89
LOC102724719	1	2	1	4	1	0
MIR605	0	0	0	0	0	0
CSTF2T	3572	3168	3697	3269	3176	2569
PRKG1-AS1	5	8	7	8	5	8
DKK1	2204	1925	2290	2754	2496	2046
RP11-346D6.6	1289	1218	1476	1243	1081	984
MBL2	0	0	0	0	0	0
PCDH15	10	5	12	5	12	11
MIR548F1	0	0	0	0	0	0
MTRNR2L5	0	0	1	0	0	0
ZWINT	5860	4906	6247	6116	5612	4648
MIR3924	0	0	0	0	0	0
IPMK	1307	1103	1237	1315	1263	1013
CISD1	1731	1394	1779	1639	1283	1038
UBE2D1	1865	1637	1821	1817	1709	1395
TFAM	10026	8330	10582	9960	8905	7450
BICC1	723	640	833	656	613	536
FAM133CP	14	16	16	9	11	11
LINC00844	0	0	0	0	1	0
LOC102724768	0	0	0	0	0	0
PHYHIPL	73	65	65	108	78	94
FAM13C	6	8	2	4	6	9
LOC102724778	0	0	0	0	0	0
SLC16A9	158	157	159	156	114	100
LINC00948	0	0	3	0	3	1
CCDC6	7518	6300	7954	7016	6093	4805
C10orf40	0	1	0	2	0	0
ANK3	1271	1070	1283	1132	1015	888
CDK1	9727	8456	10602	11212	9882	7926
RHOBTB1	132	110	145	81	68	54
LINC00845	0	0	0	0	0	0
TMEM26	0	0	3	0	0	0
RP11-809M12.1	0	0	0	0	0	0
C10orf107	0	0	0	0	0	0
ARID5B	1713	1323	1455	1517	1249	1012
RTKN2	818	690	852	840	760	632
LOC283045	1	0	0	0	0	0
ZNF365	15	8	14	27	28	26
ADO	2321	2060	2561	2215	2143	1735
EGR2	145	101	99	117	166	125
NRBF2	1245	1136	1330	1307	1171	942
JMJD1C	7605	6035	7682	7521	6827	5699
LOC102724807	1	1	2	1	3	1
MIR1296	2	0	2	0	0	2
JMJD1C-AS1	19	30	12	21	13	17
REEP3	9358	8460	9437	8388	7886	6509
LOC101929846	4	0	15	6	11	4
LOC101928859	0	0	0	0	0	0
ANXA2P3	23	32	23	32	28	19
LOC101928887	0	0	0	0	0	0
LOC102724863	0	0	0	0	0	0
LOC101928913	0	0	0	0	0	0
CTNNA3	1	0	5	7	3	2
LOC101928961	0	0	0	0	0	0
LRRTM3	0	0	1	0	0	1
LOC101928938	0	0	0	0	0	0
MIR7151	0	0	0	0	0	0
TRNAS21	0	1	1	0	0	0
DNAJC12	170	134	198	203	181	158
SIRT1	2601	2217	2855	2876	2523	2179
HERC4	6109	5397	6297	5773	4916	4028
MYPN	479	392	491	388	377	313
ATOH7	15	22	27	16	24	18
LOC102724915	2	0	0	2	0	4
PBLD	318	234	347	322	335	254
HNRNPH3	8864	7639	9468	8181	7429	6730
RUFY2	1396	1072	1377	1349	1270	1110
DNA2	1153	1009	1231	1172	1123	840
SLC25A16	678	568	757	724	686	567
TET1	533	492	594	564	447	378
CCAR1	7905	6433	8194	8232	7716	6654
SNORD98	2	1	0	4	3	3
MIR1254-1	28	22	18	31	25	16
STOX1	98	80	93	143	117	101
DDX50	3252	2758	3498	3259	2791	2443
DDX21	28144	23897	31390	26049	23245	19599
KIAA1279	3263	2928	3613	3477	3267	2594
SRGN	2	2	0	8	2	4
VPS26A	6316	5506	6762	6468	5998	4836
SUPV3L1	2015	1700	2234	2046	1920	1599
RP11-227H15.4	3	0	2	5	5	5
HKDC1	11	15	19	11	16	11
HK1	7065	5868	7684	6989	6095	5215
TACR2	8	16	9	23	19	17
TSPAN15	1393	1278	1594	1338	1259	1004
NEUROG3	0	0	0	0	0	0
LOC101929021	0	0	0	0	0	0
C10orf35	272	205	275	345	262	227
COL13A1	2	1	0	2	5	0
LOC102723350	0	0	0	2	0	0
H2AFY2	3392	2928	3771	2977	2672	2226
AIFM2	1481	1310	1688	1421	1263	959
TYSND1	1910	1650	1767	1370	1267	946
SAR1A	6346	5560	6500	5609	5202	4131
PPA1	8703	7598	9538	8613	7619	6240
NPFFR1	1	0	0	1	0	0
LRRC20	460	504	594	484	498	389
EIF4EBP2	8557	7016	8839	9242	8559	6759
NODAL	8	4	3	7	4	15
PALD1	1	1	3	3	2	0
PRF1	0	0	0	0	0	0
ADAMTS14	7	2	11	14	10	1
TBATA	0	0	1	1	1	0
SGPL1	5745	4970	6246	5524	5007	3945
PCBD1	1774	1521	1948	1716	1513	1383
UNC5B	1370	1191	1310	1184	1022	929
UNC5B-AS1	59	39	38	36	41	25
SLC29A3	455	472	451	498	404	356
CDH23	34	34	38	48	42	36
LOC102723377	0	0	0	0	0	0
LOC101929085	0	0	0	0	0	0
C10orf105	27	11	15	32	25	34
C10orf54	1231	1105	1384	1265	1100	922
MIR7152	0	0	0	1	0	0
PSAP	22448	20750	23933	23437	20559	16900
CHST3	1247	1156	1434	1326	1165	947
SPOCK2	85	71	81	131	112	98
ASCC1	1962	1681	2239	2200	1909	1657
ANAPC16	4349	3562	4524	4110	3772	3174
DDIT4	5901	5165	6860	3863	3387	2691
DNAJB12	2920	2362	3154	2939	2446	2103
MICU1	4031	3429	4268	3956	3447	2811
LOC102723386	0	0	1	1	0	0
MCU	4418	3681	4753	4029	3501	3080
MIR4676	0	0	0	0	0	0
OIT3	3	9	7	13	5	3
PLA2G12B	0	2	1	4	0	0
P4HA1	2309	1832	2374	1795	1661	1313
NUDT13	247	215	275	219	189	156
ECD	3188	2629	3479	3179	2949	2368
FAM149B1	1381	1242	1553	1452	1353	1181
DNAJC9	3876	3343	4593	4035	3560	3004
DNAJC9-AS1	3	3	3	2	6	2
MRPS16	4300	3719	4656	4350	3607	2852
LOC101929112	40	38	46	29	28	21
TTC18	53	39	56	88	52	47
ANXA7	8071	7197	8963	8010	7372	5897
MSS51	124	86	94	57	70	45
PPP3CB	3522	2902	3612	2948	2628	2236
LOC101929145	69	46	68	44	48	36
USP54	1680	1397	1742	1430	1222	1044
MYOZ1	1	1	1	8	3	4
SYNPO2L	2	8	3	8	4	10
AGAP5	181	122	207	213	167	140
BMS1P4	218	209	225	228	212	186
GLUD1P3	101	94	114	109	66	59
SEC24C	7983	7057	8625	8211	7411	5976
FUT11	595	550	640	511	493	392
CHCHD1	1298	1196	1508	1339	1208	936
ZSWIM8	1214	992	1330	1397	1158	1027
ZSWIM8-AS1	8	8	8	11	7	7
NDST2	798	644	846	850	647	572
CAMK2G	2254	1846	2448	2510	2095	1775
C10orf55	56	48	65	64	41	45
PLAU	6482	5124	6395	8827	7911	6328
VCL	27618	23879	30149	28998	25615	20718
AP3M1	5018	4473	5491	5221	4709	3917
ADK	7631	6721	7920	7567	6863	5711
LOC102723439	0	0	0	1	0	0
KAT6B	3005	2591	3389	3203	2935	2462
LOC101929165	0	0	2	2	0	0
DUPD1	0	0	0	0	0	0
DUSP13	0	0	0	5	6	1
SAMD8	5019	4034	5078	4902	4626	3760
VDAC2	8942	8030	10166	9477	8421	6458
COMTD1	332	339	430	329	308	193
ZNF503-AS1	18	15	13	8	13	5
ZNF503	704	532	711	727	716	581
ZNF503-AS2	71	74	77	63	52	54
RP11-399K21.14	28	22	25	16	18	13
C10orf11	162	141	169	137	131	101
MIR606	0	0	0	0	0	0
KCNMA1	33	36	35	82	64	62
LOC101929328	0	0	0	0	0	0
RP11-180I22.2	0	0	0	0	0	0
LOC101929286	0	0	0	0	0	0
DLG5	0	0	4	0	2	0
LOC101929347	0	0	0	0	0	0
DLG5-AS1	0	0	0	0	0	0
POLR3A	2097	1920	2357	2206	1955	1595
RPS24	21646	18486	23467	20568	18530	17182
LINC00856	0	0	0	0	0	0
LINC00595	0	0	0	0	0	0
ZMIZ1-AS1	5	14	7	7	2	8
ZMIZ1	3196	2647	3363	2577	2311	2016
PPIF	3604	3233	4044	3729	3337	2621
ZCCHC24	181	128	169	224	183	137
LOC729815	0	0	0	0	0	0
EIF5AL1	173	239	213	216	193	213
SFTPA2	0	3	0	1	0	2
SFTPA1	0	0	0	1	0	0
LOC101929506	9	10	12	7	14	3
BEND3P3	263	259	335	303	290	239
LOC102723616	70	61	65	54	43	44
NUTM2B	9	14	13	14	7	9
RP11-119F19.2	231	214	323	224	210	180
LOC642361	89	83	98	78	88	79
LOC102723652	14	20	4	11	14	8
LOC100288974	8	3	6	8	2	2
MBL1P	4	3	6	0	1	3
SFTPD	9	9	7	4	3	6
LOC102723664	0	0	0	0	0	0
TMEM254-AS1	33	23	24	50	42	31
TMEM254	544	451	496	477	425	383
PLAC9	1	1	1	0	0	1
ANXA11	4222	3824	4649	3925	3586	2679
LINC00857	365	323	361	359	326	259
LOC100130698	2	0	0	0	0	0
MAT1A	8	2	4	4	2	0
DYDC1	0	0	0	0	0	1
DYDC2	0	0	0	0	0	0
FAM213A	1739	1461	1687	1729	1530	1201
TSPAN14	2007	1737	2378	2491	2223	1594
LOC101929574	9	19	14	9	8	8
LOC102723703	9	4	5	9	8	2
SH2D4B	0	0	0	1	1	1
NRG3	0	0	0	0	0	1
LOC101929590	0	0	0	0	0	0
GHITM	8604	7349	9615	9359	8398	6778
LOC642934	1	0	0	0	0	0
C10orf99	0	0	0	0	0	0
CDHR1	0	0	0	1	0	0
LRIT2	0	0	0	0	0	0
LRIT1	0	0	0	0	0	0
RGR	0	0	0	1	0	0
LINC00858	12	10	16	16	4	17
CCSER2	2274	2000	2454	2224	2061	1643
RP11-181F12.1	0	0	0	0	0	0
LOC101929646	0	0	0	0	0	0
GRID1-AS1	0	0	0	0	0	0
GRID1	2	2	4	2	5	2
MIR346	0	0	0	0	0	0
WAPAL	4889	4123	5270	5050	4493	3829
OPN4	0	0	0	0	0	0
LDB3	12	14	11	14	10	12
BMPR1A	1419	1186	1521	1284	1246	972
MMRN2	168	225	198	163	135	99
SNCG	373	366	405	368	260	261
ADIRF	266	251	298	324	257	208
AGAP11	15	14	16	15	9	10
LOC102723625	17	7	6	6	0	3
FAM25A	1	3	4	2	0	1
GLUD1	5185	4771	5943	4673	4280	3645
FAM35A	1637	1352	1744	1511	1348	1175
LOC102723782	3	2	1	1	0	0
NUTM2A	18	13	10	15	13	10
NUTM2A-AS1	407	317	440	301	284	225
LOC439994	72	62	70	50	55	34
NUTM2D	25	19	21	18	17	20
LINC00864	0	0	0	0	0	0
LOC102723794	7	5	9	9	6	2
MIR4678	0	0	2	0	0	0
MINPP1	883	748	859	866	779	654
PAPSS2	118	125	163	174	164	168
ATAD1	3710	3268	3962	3585	3389	2651
CFL1P1	4	3	12	7	6	2
KLLN	40	35	41	47	32	31
PTEN	3958	3319	4226	3685	3320	2791
LOC101929727	0	0	1	0	0	1
RNLS	121	117	150	116	104	77
LIPJ	14	7	10	5	7	9
LIPF	0	0	0	0	0	0
LIPK	0	1	0	0	0	0
LIPN	0	0	0	0	0	0
LIPM	0	0	0	0	2	0
ANKRD22	181	105	125	178	154	110
STAMBPL1	165	136	148	137	121	103
ACTA2-AS1	0	0	0	0	0	0
ACTA2	97	87	119	94	69	68
FAS	467	389	440	373	342	272
FAS-AS1	5	4	0	2	6	0
MIR4679-2	0	0	0	0	0	0
MIR4679-1	0	0	0	0	0	0
CH25H	7	2	3	1	1	0
LIPA	2189	1770	2181	1746	1610	1339
IFIT2	4010	3375	3417	129	94	92
IFIT3	3691	3336	3061	163	190	122
LOC101926887	8	4	3	0	3	0
IFIT1B	2	2	4	2	0	0
IFIT1	2471	2303	2239	350	303	252
IFIT5	788	646	784	474	432	340
SLC16A12	2	3	4	5	3	2
RP11-168O10.6	0	0	0	0	0	0
PANK1	605	426	628	519	446	361
MIR107	0	0	0	0	0	0
LOC102723864	37	36	32	21	33	35
FLJ37201	76	66	87	75	63	59
KIF20B	4695	3814	4782	4173	3796	3309
LINC00865	17	28	31	32	17	20
RP11-478K7.2	1	0	0	0	0	0
RP11-15K3.1	0	0	0	0	0	0
HTR7	9	11	13	16	9	8
RPP30	1122	952	1180	1160	940	852
ANKRD1	0	1	3	0	1	2
LINC00502	0	0	0	0	0	0
NUDT9P1	1	4	6	4	4	1
PCGF5	2786	2639	2980	2277	2247	1754
LOC100188947	6	2	4	2	0	5
HECTD2	501	444	513	484	453	402
PPP1R3C	69	54	65	94	70	59
TNKS2-AS1	26	18	34	25	27	15
TNKS2	4517	4109	4803	4751	4261	3483
FGFBP3	69	67	57	66	44	53
BTAF1	3655	3139	3902	3838	3542	2973
CPEB3	117	124	100	95	85	66
MARCH5	2087	1844	2297	1977	1800	1407
MARK2P9	1	1	0	5	3	0
IDE	2956	2550	3189	3218	3060	2503
KIF11	7978	6685	8513	7289	6716	5684
HHEX	268	265	337	337	306	243
EXOC6	966	775	1070	1003	907	823
CYP26C1	1	0	0	3	0	3
CYP26A1	28	35	35	70	51	54
MYOF	19729	17206	21446	20934	18759	15206
CEP55	3916	3210	4326	3519	3352	2640
FFAR4	23	13	25	20	19	21
RBP4	10	1	5	20	11	13
PDE6C	4	5	3	7	3	1
FRA10AC1	446	420	496	408	396	325
LOC101927013	0	0	0	0	0	0
LGI1	0	0	0	0	0	0
LOC101927032	0	0	0	0	0	0
SLC35G1	383	358	406	395	334	265
PIPSL	58	57	53	59	77	101
PLCE1	51	41	60	75	65	40
RP11-429H9.4	0	0	0	0	0	0
PLCE1-AS1	0	0	0	0	0	0
NOC3L	2016	1891	2228	2020	1691	1499
TBC1D12	462	369	457	444	405	349
HELLS	3510	2949	3775	3706	3361	2653
CYP2C18	1	0	1	4	4	0
CYP2C19	0	0	1	1	1	2
CYP2C9	0	0	2	1	1	0
CYP2C8	2	3	0	0	2	3
C10orf129	4	7	3	9	2	3
LOC101927063	2	0	4	0	1	2
PDLIM1	3259	2936	3480	2645	2321	1912
SORBS1	157	126	144	201	181	147
LOC102723972	3	0	2	0	1	0
ALDH18A1	4815	4159	5296	4764	4212	3432
TCTN3	1245	1092	1468	1210	1081	869
ENTPD1	918	703	956	908	812	729
ENTPD1-AS1	9	11	7	11	3	9
LOC101927104	45	34	38	37	36	21
C10orf131	13	16	11	11	19	7
CC2D2B	11	4	4	7	6	6
CCNJ	496	457	498	425	418	334
MIR3157	0	0	0	0	0	0
ZNF518A	2543	2180	2556	2641	2477	2012
BLNK	213	214	204	178	156	110
DNTT	0	0	0	0	0	0
OPALIN	0	0	0	0	0	2
TLL2	7	6	9	30	13	10
TM9SF3	13293	11325	13953	12981	11890	10072
PIK3AP1	82	77	63	70	53	27
RPL13AP5	348	332	368	307	276	279
MIR607	0	0	0	0	0	0
LOC102723665	30	19	18	18	13	15
LCOR	1609	1355	1692	1522	1358	1210
C10orf12	1081	1003	1243	1260	1075	902
LOC102724002	748	635	790	760	757	568
SLIT1	12	6	12	15	23	17
RP11-453E2.2	0	0	0	0	0	0
ARHGAP19-SLIT1	0	0	0	0	0	0
ARHGAP19	705	637	809	684	649	473
FRAT1	115	96	124	107	99	75
FRAT2	586	459	620	489	435	362
RRP12	1656	1575	1899	1744	1431	1201
PGAM1	5684	4695	6305	5599	4895	3839
EXOSC1	702	589	824	694	646	510
ZDHHC16	973	830	1042	1001	783	649
MMS19	1958	1750	2194	1879	1707	1317
UBTD1	319	271	378	385	405	214
ANKRD2	294	263	363	387	318	248
HOGA1	54	41	62	70	53	30
C10orf62	0	0	0	3	0	1
MORN4	236	236	264	215	206	144
PI4K2A	2015	1705	2259	2176	1862	1446
AVPI1	884	724	952	852	723	510
LOC101927137	0	1	1	0	4	0
MARVELD1	1332	1294	1499	1422	1140	953
ZFYVE27	834	792	879	858	791	583
SFRP5	1	1	0	1	2	0
LOC102724111	3	1	7	2	1	0
LINC00866	1	2	2	1	3	0
GOLGA7B	92	116	129	139	124	107
CRTAC1	5	7	14	16	10	6
R3HCC1L	736	588	810	755	680	506
LOXL4	779	716	756	615	560	500
LOC101927255	5	9	5	2	8	2
PYROXD2	264	257	240	272	205	163
MIR1287	0	0	0	0	0	0
HPS1	1024	921	1224	914	826	728
MIR4685	1	0	0	0	0	0
LOC101927278	3	1	4	5	6	1
HPSE2	0	0	2	0	1	1
MIR6507	0	0	0	0	0	0
CNNM1	164	143	166	92	105	69
GOT1	2069	1764	2294	2019	1688	1461
LOC101927300	41	34	35	24	24	25
RP11-129J12.2	0	0	1	1	2	2
NKX2-3	23	11	32	18	13	18
SLC25A28	457	443	489	513	436	370
ENTPD7	896	775	943	851	747	600
COX15	1994	1740	2097	2003	1837	1390
CUTC	417	389	454	321	330	255
ABCC2	112	120	121	153	127	125
DNMBP	567	459	550	600	555	427
DNMBP-AS1	1	0	0	0	0	1
LOC101927371	21	15	19	30	24	24
CPN1	0	0	0	0	0	0
ERLIN1	2596	2195	2627	2539	2145	1769
CHUK	2085	1681	2188	2047	1888	1538
CWF19L1	1240	1048	1370	1285	1121	951
SNORA12	1	1	1	2	4	0
BLOC1S2	1539	1201	1567	1527	1493	1190
PKD2L1	2	1	0	0	0	0
SCD	48683	41950	53808	46567	42239	33652
LINC00263	119	95	113	125	90	89
WNT8B	25	22	15	18	9	7
SEC31B	154	106	123	118	90	97
NDUFB8	2084	1730	2290	2244	1976	1755
HIF1AN	3007	2511	3196	3215	2914	2214
LOC102724225	1	0	0	2	0	0
PAX2	1	0	8	1	0	2
FAM178A	2041	1757	2275	2127	1982	1587
SEMA4G	43	29	26	35	29	29
MIR608	0	0	0	0	0	0
MRPL43	913	746	1048	834	724	623
C10orf2	928	787	995	823	700	635
LZTS2	1131	1009	1363	1153	979	767
PDZD7	17	12	15	18	15	18
SFXN3	493	438	569	484	407	354
KAZALD1	80	68	92	91	102	78
TLX1NB	0	0	0	1	0	0
TLX1	2	2	5	2	2	3
RP11-324L3.1	0	0	0	0	0	0
LBX1	0	0	0	4	1	2
LBX1-AS1	2	1	1	2	0	5
RP11-107I14.4	0	0	0	0	0	0
BTRC	885	814	1018	834	839	656
LOC102724260	0	0	0	0	0	0
POLL	408	344	406	424	338	276
DPCD	326	280	333	305	253	222
MIR3158-1	0	0	0	0	0	0
MIR3158-2	0	0	0	0	0	0
FBXW4	756	669	812	717	612	523
FGF8	4	3	3	3	1	4
NPM3	1273	1102	1410	1222	1031	857
MGEA5	4558	4001	5056	4589	4098	3464
KCNIP2-AS1	0	0	2	0	3	1
KCNIP2	17	14	27	22	26	20
C10orf76	1292	1094	1401	1281	1144	986
LOC101927445	0	0	3	4	1	2
HPS6	514	495	630	568	483	379
LDB1	1897	1573	2003	1823	1569	1346
PPRC1	2216	1912	2575	2008	1829	1447
NOLC1	12021	10524	13764	11862	10473	8605
ELOVL3	1	0	1	1	4	0
PITX3	0	2	0	0	0	0
GBF1	5422	4414	5654	5487	4907	4045
NFKB2	875	796	1012	1086	1029	861
PSD	11	20	12	9	11	7
FBXL15	179	117	160	156	136	104
CUEDC2	694	593	781	701	669	477
MIR146B	0	0	0	0	0	0
LOC100505761	208	187	233	185	154	150
C10orf95	11	9	10	5	8	4
TMEM180	206	171	243	181	155	119
ACTR1A	2944	2435	3100	2764	2500	2031
SUFU	852	748	941	925	858	636
TRIM8	1252	1106	1349	1376	1183	953
ARL3	610	518	697	552	536	434
SFXN2	134	71	112	142	126	102
WBP1L	1488	1328	1668	1650	1463	1161
CYP17A1	0	1	0	2	0	0
LOC102724307	1	2	4	3	3	0
C10orf32-ASMT	0	0	0	0	0	0
C10orf32	393	281	350	381	358	269
AS3MT	0	0	0	1	0	0
CNNM2	303	277	337	370	341	242
NT5C2	1987	1664	2261	2093	1909	1603
RPEL1	9	23	14	20	14	23
INA	2	5	5	3	9	8
PCGF6	757	649	890	743	716	511
TAF5	457	365	515	453	370	302
USMG5	1795	1658	2014	1889	1573	1529
MIR1307	0	0	0	0	0	0
PDCD11	3167	2589	3404	2925	2795	2115
CALHM2	213	183	187	190	175	136
CALHM1	0	2	0	4	4	3
CALHM3	2	0	1	0	9	3
NEURL1	16	24	46	67	45	23
LOC102724341	0	1	0	0	0	0
SH3PXD2A	3727	3547	4419	3870	3447	2880
SH3PXD2A-AS1	120	84	132	140	137	111
LOC102724324	0	0	0	0	1	0
OBFC1	595	460	708	553	490	392
LOC102724351	6	4	9	7	6	8
SLK	5986	4940	6212	5503	5044	4278
COL17A1	7100	6411	7199	5728	5145	4373
MIR936	2	0	2	0	1	0
SFR1	247	214	267	271	240	197
WDR96	21	23	16	19	24	19
MIR609	0	0	0	0	0	0
GSTO1	1436	1317	1732	1531	1257	1112
MIR4482-1	0	0	1	3	2	2
GSTO2	636	590	783	544	538	414
LOC102724376	0	0	0	0	0	0
ITPRIP	1457	1304	1494	1380	1232	991
RP11-127L20.3	2	3	0	5	3	1
CCDC147-AS1	0	0	3	1	4	0
CCDC147	6	3	12	8	7	4
RP11-127O4.3	0	0	0	0	0	0
SORCS3	0	0	0	0	0	0
SORCS3-AS1	0	0	0	0	0	0
LOC102724418	0	0	0	0	0	0
RP11-56I23.1	0	0	0	0	0	0
LOC102724439	0	0	0	0	0	0
SORCS1	0	0	1	1	2	0
LOC101927573	0	0	0	0	0	0
XPNPEP1	1323	1167	1557	1268	1139	1028
ADD3-AS1	2	0	1	1	1	2
ADD3	2409	1941	2292	2320	2023	1746
MXI1	450	388	429	403	347	305
SMNDC1	2468	2083	2572	2198	2003	1675
DUSP5	791	676	728	1184	1116	873
SMC3	7525	6488	8243	7082	6638	5426
RBM20	4	2	2	1	4	1
LOC102724471	0	0	0	0	0	0
PDCD4-AS1	19	15	17	30	29	17
PDCD4	914	731	906	821	829	724
MIR4680	0	0	0	0	0	0
BBIP1	175	156	217	201	176	140
SHOC2	1659	1325	1691	1673	1486	1304
RPL13AP6	12	18	19	16	18	20
MIR548E	1	0	0	0	0	1
ADRA2A	1	0	2	0	1	1
GPAM	996	766	1079	1067	1054	869
LOC101927600	0	0	0	0	0	0
TECTB	0	0	0	0	1	0
MIR6715A	0	0	0	0	0	0
MIR6715B	0	0	0	0	0	0
GUCY2GP	0	0	0	0	0	0
ACSL5	46	38	29	43	39	23
ZDHHC6	1962	1638	1941	1713	1570	1285
VTI1A	1041	863	1130	1214	1051	860
MIR4295	0	0	0	0	0	0
LOC102724499	78	69	70	66	73	57
LOC102724518	9	13	9	13	2	11
TCF7L2	792	690	865	924	794	643
HABP2	0	0	0	0	0	0
NRAP	0	0	0	0	0	0
CASP7	1056	879	1061	1012	800	739
PLEKHS1	6	1	1	10	2	2
MIR4483	0	0	0	0	0	0
DCLRE1A	1315	1174	1394	1189	1026	902
NHLRC2	2268	1958	2308	2177	1946	1565
ADRB1	26	16	21	26	18	9
C10orf118	1613	1305	1647	1656	1487	1263
MIR2110	0	0	0	0	0	0
TDRD1	0	0	0	2	1	0
VWA2	58	55	67	79	57	51
AFAP1L2	1109	903	1195	1166	1000	788
ABLIM1	611	530	669	774	633	542
RP11-106M7.1	0	0	0	0	0	0
FAM160B1	264	222	264	250	186	206
TRUB1	1950	1617	1888	1960	1813	1500
LOC102724589	0	1	0	0	2	0
ATRNL1	50	48	60	60	37	47
GFRA1	0	0	0	0	0	1
CCDC172	0	0	0	0	0	0
PNLIPRP3	2	2	1	0	1	0
PNLIP	0	0	0	0	0	0
PNLIPRP1	0	0	0	0	2	0
PNLIPRP2	1	1	1	2	2	6
C10orf82	1	0	0	0	0	0
HSPA12A	584	469	547	540	525	407
ENO4	20	12	12	27	30	23
KIAA1598	2974	2547	3241	3247	2933	2507
VAX1	41	28	58	51	36	39
LOC101927704	0	0	0	0	0	0
MIR3663	0	2	0	0	0	0
KCNK18	0	0	1	0	0	0
SLC18A2	485	399	567	552	558	377
PDZD8	1932	1646	2244	2240	1983	1589
LOC101927731	0	0	0	0	0	0
EMX2OS	0	0	0	1	0	0
EMX2	1	3	1	11	4	4
LOC102724627	0	0	0	0	0	0
RAB11FIP2	890	742	863	827	811	641
CASC2	33	33	36	55	38	34
LOC101927760	0	0	0	0	0	0
FAM204A	1789	1516	1836	1714	1551	1248
LINC00867	0	1	1	1	1	0
PRLHR	0	0	0	0	0	0
CACUL1	5448	4695	5894	5696	5055	3812
LOC102724671	0	0	0	0	0	3
NANOS1	316	321	372	438	425	315
EIF3A	16735	13565	17429	15569	14296	12518
SNORA19	1	1	0	0	1	3
FAM45A	681	609	751	681	623	489
SFXN4	855	747	1041	840	703	617
PRDX3	7835	7179	8759	8364	7404	5762
GRK5	56	54	65	108	79	71
GRK5-IT1	0	0	6	0	3	3
MIR4681	0	0	0	0	0	0
RGS10	478	351	558	519	456	360
TIAL1	5004	4109	5279	4926	4263	3733
BAG3	3336	2780	3434	3183	2604	2176
INPP5F	1078	1027	1206	1033	926	753
MCMBP	5908	5251	6913	5632	5135	4144
SEC23IP	3528	2821	3527	3387	3163	2574
MIR4682	0	0	0	1	0	0
PPAPDC1A	1	1	0	0	1	3
C10orf85	0	0	0	0	0	0
WDR11-AS1	2	0	0	1	0	0
WDR11	1823	1413	1939	1733	1582	1333
LINC01153	0	0	0	0	0	0
FGFR2	1092	967	1287	1175	1052	841
ATE1	1460	1337	1688	1467	1437	1179
ATE1-AS1	13	5	5	11	11	7
NSMCE4A	792	663	915	754	723	550
TACC2	860	830	987	886	713	600
LOC102724746	0	0	0	0	0	0
LOC102724724	0	0	0	0	0	0
BTBD16	3	1	1	3	0	0
PLEKHA1	1214	1061	1252	1321	1250	971
MIR3941	0	0	0	1	1	0
ARMS2	3	2	0	0	0	0
HTRA1	181	147	197	222	202	206
DMBT1	2	7	5	12	10	5
LOC101928125	0	0	0	0	0	0
C10orf120	0	0	0	0	0	0
DMBT1P1	0	0	0	0	1	0
LOC729800	0	0	0	0	1	0
FAM24B-CUZD1	0	0	0	0	0	0
CUZD1	0	0	0	0	0	0
FAM24B	20	20	32	26	31	17
LOC399815	114	75	136	123	105	82
FAM24A	2	0	0	0	0	1
C10orf88	272	208	303	305	276	235
PSTK	84	36	72	69	75	45
IKZF5	720	613	776	712	652	469
ACADSB	635	507	726	648	589	508
HMX3	4	5	10	13	6	12
HMX2	1	0	2	1	8	2
BUB3	5837	5130	6589	6254	5523	4531
GPR26	0	0	1	0	0	0
CPXM2	3	0	0	0	1	0
CHST15	989	824	977	1072	867	705
OAT	9599	8497	10559	13166	11700	9294
NKX1-2	40	47	47	73	53	48
LHPP	340	293	405	294	280	210
FAM53B	807	721	861	668	572	456
FAM53B-AS1	0	0	0	1	0	0
METTL10	826	713	847	749	628	521
FAM175B	1221	1005	1230	1259	1077	904
ZRANB1	2201	1903	2322	2175	1926	1627
CTBP2	3293	2742	3606	2944	2550	2012
MIR4296	0	1	0	0	0	0
TEX36-AS1	0	0	0	0	0	0
TEX36	0	0	0	0	0	2
LOC102724793	0	0	0	0	0	0
RP11-383C5.3	4	0	0	1	1	0
FLJ37035	3	4	2	2	6	4
EDRF1	950	864	1065	1120	972	793
EDRF1-AS1	5	5	4	5	3	1
MMP21	2	0	1	1	1	0
UROS	757	636	840	899	779	584
MIR4484	1	1	0	0	0	1
BCCIP	3194	2611	3451	3049	2709	2441
DHX32	1320	1154	1435	1251	1113	924
FANK1	61	48	63	57	33	45
FANK1-AS1	0	0	0	0	0	0
ADAM12	81	63	102	142	134	102
LINC00601	3	3	2	4	3	1
C10orf90	0	0	0	0	0	0
LOC728158	0	0	0	0	0	0
DOCK1	2731	2204	2816	2769	2457	2057
FAM196A	6	0	5	7	3	7
NPS	0	0	0	0	0	0
LOC387720	0	0	0	0	0	0
FOXI2	0	0	0	0	0	0
CLRN3	1	0	0	0	0	1
PTPRE	341	357	444	434	379	352
MKI67	27278	22643	29193	24044	21867	18604
LINC01163	0	0	0	2	0	0
MGMT	407	395	529	376	381	292
LOC102724869	0	0	0	0	1	0
EBF3	4	5	4	9	11	13
MIR4297	0	0	0	0	0	0
LOC102724854	0	0	0	0	0	0
LINC00959	22	19	36	19	16	18
CTAGE7P	23	27	25	24	15	29
LOC102724883	3	2	5	1	4	2
GLRX3	2821	2419	3334	2797	2615	2035
LOC101927435	0	0	0	0	0	0
MIR378C	0	0	0	0	0	0
TCERG1L	0	0	0	0	0	0
LOC101927461	0	0	0	0	0	0
LINC01164	0	0	0	1	0	0
LOC101929806	0	0	0	0	0	0
PPP2R2D	1070	860	1170	1063	932	911
BNIP3	376	247	344	386	366	295
JAKMIP3	9	8	4	12	11	9
DPYSL4	2	0	0	0	1	2
STK32C	113	84	100	130	106	89
LOC102724967	79	45	50	51	54	28
LRRC27	66	50	77	79	66	63
PWWP2B	413	392	520	461	383	296
C10orf91	59	54	73	75	58	54
LINC01165	0	1	2	2	3	0
INPP5A	587	568	739	770	661	553
NKX6-2	0	1	0	0	0	0
TTC40	2	2	0	1	1	1
LINC01168	2	0	2	0	2	0
LOC102723337	0	6	0	0	2	0
GPR123	0	0	0	0	0	0
LOC100128127	0	0	0	0	0	0
LOC102723357	0	0	0	0	0	0
KNDC1	25	21	35	31	17	13
UTF1	0	0	0	0	0	0
VENTX	0	0	0	0	0	0
MIR202HG	0	0	0	0	0	0
MIR202	0	0	0	0	0	0
ADAM8	518	423	591	751	700	526
TUBGCP2	2401	1872	2525	2374	1999	1660
ZNF511	344	326	374	348	291	243
CALY	0	0	0	1	0	0
PRAP1	0	0	3	5	1	1
FUOM	47	44	57	73	50	37
ECHS1	3063	2602	3326	3303	2986	2387
MIR3944	0	0	0	3	1	0
PAOX	72	72	119	112	100	92
MTG1	785	640	804	740	663	506
SPRN	87	68	72	92	81	52
SCART1	29	22	21	17	22	16
CYP2E1	14	6	5	12	14	3
SYCE1	0	1	0	0	0	0
SPRNP1	0	0	0	1	3	0
FRG2B	0	0	0	0	0	0
LOC102723423	0	0	0	0	0	0
LOC102723449	0	0	0	0	0	0
LOC102723472	0	0	0	0	0	0
LOC102723495	0	0	0	0	0	0
LOC102723518	0	0	0	0	0	0
LOC102723538	0	0	0	0	0	0
LINC01001	8	5	6	3	6	4
LOC101930129	0	0	1	0	0	0
LOC102724377	0	0	0	0	1	0
SCGB1C1	0	0	0	0	0	0
ODF3	0	2	2	0	2	0
BET1L	1481	1271	1563	1592	1471	1196
RIC8A	3035	2550	3165	3097	2828	2196
MIR6743	0	0	0	0	0	0
SIRT3	497	476	489	507	453	399
PSMD13	4064	3622	4631	4647	3990	3330
NLRP6	2	0	0	0	1	3
ATHL1	615	602	720	705	601	474
IFITM5	0	0	0	0	0	0
IFITM2	1015	954	1060	863	816	636
IFITM1	3916	3388	3794	2179	1875	1602
IFITM3	13142	10780	12999	8505	7482	6171
B4GALNT4	49	29	41	35	30	29
PKP3	4365	4151	5214	4309	3695	2793
SIGIRR	541	448	594	568	444	395
ANO9	613	469	538	611	494	450
PTDSS2	147	121	162	115	125	86
RNH1	1	0	0	0	0	0
LOC101059906	0	0	0	0	0	0
HRAS	0	1	0	0	0	0
LRRC56	11	19	12	23	12	11
C11orf35	18	18	28	30	27	9
RASSF7	48	32	45	40	34	37
MIR210HG	14	11	12	6	4	3
MIR210	0	0	0	0	0	0
LOC143666	2	0	1	6	1	5
PHRF1	72	73	84	64	56	81
IRF7	29	16	19	20	6	14
CDHR5	3	4	0	5	1	2
SCT	0	0	0	0	0	0
DRD4	0	1	0	0	0	0
DEAF1	605	600	691	607	544	444
TMEM80	252	177	228	151	172	119
EPS8L2	3985	3624	4422	4399	3875	3173
TALDO1	4655	3977	5102	4777	4143	3466
PDDC1	1715	1623	1859	1460	1393	1112
LOC100506518	119	105	112	110	108	55
NS3BP	94	64	77	73	65	50
CEND1	5	7	8	2	4	1
SLC25A22	910	799	1027	731	747	552
PANO	13	6	14	7	6	15
PIDD	558	472	618	692	568	420
RPLP2	12546	11934	15009	13806	11289	9617
SNORA52	7	6	11	8	8	9
PNPLA2	1256	1107	1483	1457	1276	978
EFCAB4A	23	18	22	33	28	15
CD151	3333	3171	3871	3516	3002	2459
POLR2L	2323	2039	2534	2638	2125	1794
TSPAN4	525	521	663	593	524	418
CHID1	2399	2004	2548	2323	2062	1601
AP2A2	275	215	277	268	214	195
MUC6	0	0	0	0	0	0
LOC101927503	0	0	0	0	0	0
MUC2	130	123	114	194	180	217
MUC5AC	31	21	19	21	18	23
MUC5B	7	6	11	15	12	10
MIR6744	0	0	0	0	0	0
TOLLIP	1462	1219	1582	1459	1294	1026
TOLLIP-AS1	20	18	40	16	18	12
BRSK2	40	37	53	52	36	23
MOB2	333	322	390	363	331	233
DUSP8	0	0	0	0	0	0
LOC101927562	0	0	0	0	0	0
KRTAP5-AS1	0	0	0	0	0	0
KRTAP5-1	0	0	0	0	0	0
KRTAP5-2	0	0	0	0	0	0
KRTAP5-3	0	0	0	0	0	0
KRTAP5-4	0	0	0	0	0	0
KRTAP5-5	0	0	0	0	0	0
FAM99A	0	0	0	0	0	0
FAM99B	0	0	0	0	0	0
LOC100505570	0	0	0	0	0	0
KRTAP5-6	0	0	0	0	0	0
IFITM10	15	3	2	8	11	7
CTSD	14452	12149	15049	11762	10451	8642
SYT8	2288	1958	2476	2208	1868	1569
TNNI2	1630	1324	1645	1381	1089	981
LSP1	12	8	3	4	7	3
MIR4298	0	0	0	0	0	0
LOC102724536	0	0	1	3	0	0
LINC01150	0	0	0	0	0	0
TNNT3	40	28	19	21	25	20
MRPL23	180	133	174	207	175	137
LOC101927645	1	9	5	4	7	3
MRPL23-AS1	11	4	10	8	5	8
H19	0	0	0	0	0	0
MIR675	0	0	0	0	0	0
INS-IGF2	0	0	0	0	0	0
IGF2	0	0	0	1	2	0
MIR483	0	0	0	0	0	0
IGF2-AS	0	0	0	0	0	0
INS	0	0	0	0	0	0
TH	8	6	14	14	16	3
MIR4686	3	0	2	3	1	0
ASCL2	69	63	77	63	57	37
C11orf21	0	0	0	0	0	0
TSPAN32	1	0	1	1	1	0
LOC102724574	0	0	0	0	0	0
CD81-AS1	2	1	6	1	0	3
CD81	5595	5041	6575	5924	5213	4036
TSSC4	866	723	928	960	765	685
TRPM5	7	1	3	1	1	0
KCNQ1	48	60	59	36	35	40
KCNQ1OT1	149	110	168	187	153	153
KCNQ1DN	0	0	0	0	0	0
CDKN1C	1	0	0	0	5	0
SLC22A18AS	2	3	0	4	3	2
SLC22A18	19	16	31	28	25	22
PHLDA2	0	0	0	0	0	0
NAP1L4	144	119	167	150	127	77
SNORA54	0	0	0	0	0	0
CARS	37	35	44	31	28	13
OSBPL5	284	227	306	260	211	206
MRGPRG	0	0	0	0	0	0
MRGPRG-AS1	0	0	0	0	0	0
MRGPRE	0	0	0	0	0	0
ZNF195	869	691	851	832	836	668
LOC650368	1	1	0	1	2	6
OR7E12P	0	0	0	3	0	0
LOC101927708	0	0	0	0	1	2
TRPC2	0	0	0	0	0	2
ART5	0	0	4	1	0	1
ART1	4	7	7	11	12	4
CHRNA10	45	33	38	43	31	21
NUP98	8867	7689	9952	8913	7883	6375
PGAP2	523	488	668	541	474	373
RHOG	859	801	959	833	782	564
LOC102724597	4	0	0	2	1	1
STIM1	967	816	1040	973	908	690
MIR4687	0	0	0	0	0	0
LOC101927733	1	0	1	3	0	2
LOC102724606	7	0	0	3	2	0
RRM1	9438	8457	10809	9858	8899	7417
LOC100506082	2	5	1	3	2	3
OR52B4	0	0	0	0	0	0
TRIM21	596	489	529	379	302	277
OR52K2	0	0	0	0	0	0
OR52K1	0	0	0	0	0	0
OR52M1	0	0	0	0	0	0
C11orf40	0	0	0	0	0	0
OR52I2	0	0	0	0	0	0
OR52I1	1	0	0	0	1	0
TRIM68	748	572	763	667	641	513
OR51D1	0	0	0	0	0	0
OR51E1	0	0	0	0	0	0
OR51E2	0	0	0	0	0	0
OR51F1	0	0	0	0	0	0
OR52R1	0	0	0	0	0	0
OR51F2	0	0	0	0	0	0
OR51S1	0	0	0	0	0	0
OR51T1	0	0	0	0	0	0
OR51A7	0	0	0	0	0	0
OR51G2	0	0	0	0	0	0
OR51G1	0	0	0	0	0	0
OR51A4	0	0	0	0	0	0
OR51A2	0	0	0	0	0	0
MMP26	0	0	0	0	0	0
OR51L1	0	0	0	0	0	0
OR52J3	0	0	0	0	0	0
OR52E2	0	0	0	0	0	0
OR52A5	0	0	0	0	0	0
OR52A1	0	0	0	0	0	0
OR51V1	0	0	0	0	0	0
OR51B4	0	0	0	0	0	0
OR51B2	0	0	0	0	0	0
OR51B5	0	4	1	0	0	0
OR51B6	0	0	0	0	0	0
OR51M1	0	0	0	0	0	0
OR51Q1	0	0	0	0	0	0
OR51I1	0	0	0	1	0	0
OR51I2	0	0	0	0	0	0
OR52D1	0	0	0	0	0	1
UBQLN3	0	0	0	0	0	0
UBQLNL	2	4	8	11	7	5
LOC101927763	5	5	13	7	10	16
OR52H1	0	0	0	0	0	0
OR52B6	1	1	0	0	2	0
LOC101927800	4	2	6	4	5	5
TRIM6	1190	905	1112	884	807	650
TRIM6-TRIM34	0	0	0	0	0	0
TRIM34	0	1	2	0	0	1
TRIM5	1138	1024	1214	997	1000	788
TRIM22	646	523	533	294	222	253
OR52N4	1	0	0	0	0	3
OR56B1	0	0	0	0	0	0
OR52N5	0	0	0	0	0	0
OR52N1	0	0	0	0	0	0
OR52N2	1	4	2	1	0	0
OR52E6	0	0	0	0	0	0
OR52E8	0	0	0	0	0	0
OR52E4	0	0	0	0	0	0
OR56A3	0	0	0	0	0	0
OR56A5	0	1	0	1	1	2
OR52L1	1	0	0	0	0	1
OR56A4	0	0	0	1	0	0
OR56A1	0	0	0	0	0	0
OR56B4	3	5	10	5	7	7
OR52B2	1	0	0	0	0	0
OR52W1	0	0	2	2	0	0
C11orf42	6	9	14	7	8	5
FAM160A2	575	479	629	639	540	402
CNGA4	3	3	5	5	2	5
CCKBR	0	0	0	0	2	0
PRKCDBP	163	170	194	186	186	121
LOC101927825	2	2	0	5	1	2
SMPD1	84	70	125	157	175	127
APBB1	39	32	39	38	31	31
HPX	4	1	1	2	1	4
TRIM3	156	133	149	180	175	109
ARFIP2	2033	1778	2309	2168	1907	1559
TIMM10B	1371	1121	1482	1443	1322	1138
DNHD1	250	204	298	336	271	253
RRP8	502	390	513	510	419	324
ILK	2068	1845	2358	2085	1881	1593
TAF10	1302	1123	1425	1353	1203	938
TPP1	1838	1627	1916	1767	1586	1311
DCHS1	0	3	0	6	5	8
MRPL17	1467	1312	1723	1417	1294	1006
GVINP1	0	0	0	0	0	0
OR2AG2	0	0	0	0	0	0
OR2AG1	0	0	0	0	0	0
OR6A2	0	0	0	0	0	0
OR10A5	0	0	0	0	0	0
OR10A2	0	0	0	0	0	0
OR10A4	0	0	0	0	0	0
OR2D2	0	0	0	0	0	0
OR2D3	0	0	0	0	0	0
ZNF215	0	0	0	0	0	0
LOC102724711	0	0	0	0	0	0
ZNF214	0	0	0	0	0	0
NLRP14	0	0	0	0	0	0
RBMXL2	0	0	0	0	0	0
MIR302E	0	0	0	0	0	0
SYT9	0	0	0	0	0	0
LOC101927894	0	0	0	0	0	0
LOC100506258	4	2	1	0	0	2
OLFML1	0	0	2	0	0	1
LOC102723874	0	0	0	0	0	0
PPFIBP2	89	74	66	96	68	56
CYB5R2	0	0	1	2	1	0
OVCH2	2	1	4	1	3	0
OR5P2	0	0	0	0	0	0
OR5P3	0	0	0	0	0	0
OR5E1P	3	0	0	0	0	0
RP11-494M8.4	0	0	0	0	0	0
OR10A6	0	0	0	0	0	0
OR10A3	0	0	0	0	0	0
NLRP10	0	0	0	0	0	0
EIF3F	5709	5056	6362	5915	5011	4202
TUB	415	332	477	318	263	220
RP11-236J17.5	0	0	0	0	0	0
RIC3	5	2	10	4	7	7
LOC101927936	0	0	0	0	0	0
LMO1	4	0	6	3	5	1
STK33	181	148	163	182	192	157
TRIM66	521	446	533	558	525	445
RPL27A	25521	22164	28382	24410	21689	18527
SNORA3	19	13	9	10	8	7
SNORA45	6	6	12	14	8	8
ST5	933	700	1013	885	727	639
LOC102724784	1	1	3	2	1	0
AKIP1	570	506	679	633	523	462
C11orf16	5	3	3	0	3	5
ASCL3	1	2	5	0	3	0
TMEM9B	2094	1758	2322	2150	1890	1586
TMEM9B-AS1	15	22	25	12	17	14
NRIP3	2	3	4	3	3	2
SCUBE2	1	1	8	5	5	2
MIR5691	0	0	0	0	0	0
KRT8P41	6	8	15	27	16	17
DENND5A	1356	1247	1554	1354	1265	975
TRNAL36	0	0	0	0	1	0
TMEM41B	2934	2437	3031	3153	2970	2054
IPO7	24944	21383	27132	23723	21870	18119
SNORA23	9	2	6	4	6	3
LOC644656	92	75	94	66	48	39
ZNF143	826	724	931	763	770	644
WEE1	1664	1499	1753	1397	1198	996
SWAP70	2788	2381	3095	2882	2644	2149
LOC101927955	0	0	0	0	0	1
RP11-540A21.2	14	10	9	22	16	10
SBF2-AS1	85	83	93	87	88	78
SBF2	3279	2977	3601	2802	2554	2088
RP11-1H15.2	0	2	3	2	5	0
ADM	263	245	320	450	329	261
CAND1.11	0	1	0	3	2	0
AMPD3	267	253	317	322	269	229
MTRNR2L8	169	217	187	199	245	285
MIR4485	0	0	0	0	0	0
RNF141	1655	1430	1717	1632	1487	1277
MRVI1-AS1	0	0	2	0	0	0
LYVE1	0	0	0	0	0	0
MRVI1	3	0	1	0	2	3
CTR9	2572	2184	2702	2791	2585	2168
EIF4G2	42090	36255	46391	44244	40391	33286
SNORD97	4	7	7	3	6	3
RP11-685M7.3	21	19	28	29	24	16
ZBED5	1851	1534	1910	1930	1667	1434
ZBED5-AS1	237	245	254	204	218	166
GALNT18	485	366	504	476	439	328
CSNK2A3	26	42	27	36	24	36
MIR4299	0	0	0	1	0	1
MIR8070	1	2	0	2	5	1
LOC102724878	0	0	1	0	0	0
USP47	4558	3631	4827	4686	4184	3697
DKK3	248	234	237	283	268	177
LOC102724888	0	0	0	0	0	2
MICAL2	2820	2622	3516	2926	2634	2136
MIR6124	0	0	1	1	0	0
MICALCL	242	218	306	206	209	154
PARVA	2440	2029	2596	2857	2514	2048
LOC102723893	0	0	0	0	0	0
TEAD1	4324	3477	4570	5250	4693	3724
LINC00958	152	189	170	194	201	147
RASSF10	171	140	149	184	194	130
ARNTL	536	438	573	509	442	373
BTBD10	1934	1804	2283	2230	2007	1637
LOC101928110	1	0	2	0	2	0
PTH	0	0	0	0	0	0
FAR1	6828	5948	7074	6392	6100	5003
LOC101928132	0	0	0	0	0	0
SPON1	28	20	19	43	24	35
RRAS2	3498	3130	3789	3624	3185	2600
COPB1	9996	8861	11134	10883	9791	8055
PSMA1	5705	5172	6809	6280	5669	4690
PDE3B	230	193	245	189	201	157
CYP2R1	401	314	402	302	361	291
CALCA	0	0	0	1	0	0
CALCB	21	28	27	22	12	6
INSC	1	8	1	2	4	3
LOC102724957	0	0	0	0	0	0
SOX6	72	42	44	61	85	55
MIR6073	0	0	0	0	0	0
LOC102723310	1	1	1	1	2	2
C11orf58	8041	6709	8380	8491	7710	6332
PLEKHA7	1165	1080	1290	726	599	519
OR7E14P	24	27	31	24	14	19
RPS13	10207	9525	12002	10870	9683	8052
SNORD14A	13	14	7	13	14	10
SNORD14B	10	10	17	14	14	11
PIK3C2A	7111	5883	7651	7834	7235	6061
NUCB2	1499	1280	1574	1473	1399	1188
NCR3LG1	1407	1273	1746	1353	1247	995
KCNJ11	17	29	18	9	15	11
ABCC8	2	0	3	4	3	3
USH1C	3	3	3	2	4	9
OTOG	0	0	0	0	1	0
LOC102723330	0	0	0	0	0	0
MYOD1	1	0	2	4	0	0
KCNC1	10	4	6	8	2	3
SERGEF	342	244	314	277	274	203
TPH1	7	4	5	18	7	4
SAAL1	861	694	942	894	797	631
SAA3P	0	0	0	0	0	0
MRGPRX3	13	8	10	16	24	14
MRGPRX4	0	1	0	0	1	0
LOC494141	3	0	0	2	0	1
SAA2-SAA4	0	0	0	0	0	0
SAA4	0	0	0	0	2	0
SAA2	4	10	9	10	8	7
SAA1	13	21	8	40	31	13
HPS5	1421	1235	1517	1649	1486	1155
GTF2H1	2192	1863	2304	2167	1953	1646
MIR3159	0	0	0	0	0	0
LDHA	35913	30082	40374	37456	33342	27749
LDHC	0	2	0	1	1	0
LDHAL6A	12	3	6	14	15	3
TSG101	2516	2192	2693	2412	2291	1919
UEVLD	1604	1301	1573	1689	1402	1228
SPTY2D1-AS1	17	19	15	25	27	18
SPTY2D1	2245	1893	2455	2243	2229	1875
TMEM86A	37	22	44	56	38	33
IGSF22	0	0	1	6	1	3
PTPN5	0	0	0	0	0	0
MRGPRX1	0	0	0	0	0	0
MRGPRX2	0	2	0	1	0	1
ZDHHC13	1844	1550	1946	1801	1686	1329
CSRP3	0	2	0	0	0	0
E2F8	1549	1275	1698	1617	1513	1223
NAV2	1211	1005	1231	993	935	699
NAV2-AS5	0	0	0	0	0	0
NAV2-AS4	0	0	0	0	0	0
MIR4486	0	0	0	0	0	0
LOC100126784	14	5	7	3	9	6
MIR4694	0	0	0	0	0	0
DBX1	0	0	0	0	0	0
HTATIP2	3212	2851	3650	3212	2657	2174
PRMT3	1448	1300	1597	1390	1258	1080
SLC6A5	0	0	0	0	0	0
NELL1	0	0	0	0	0	0
LOC102723370	0	0	0	0	0	0
ANO5	1	0	1	0	0	0
SLC17A6	0	0	0	0	0	0
LOC102723378	0	0	0	1	0	0
FANCF	711	608	817	698	684	512
GAS2	4	5	5	4	5	1
SVIP	537	412	512	481	409	343
CCDC179	0	0	1	0	0	0
MIR8054	0	0	0	0	0	0
LUZP2	5	15	6	12	5	8
ANO3	1	0	0	0	0	0
MUC15	0	2	2	2	2	1
SLC5A12	112	74	127	109	101	85
FIBIN	3	0	1	3	4	1
BBOX1	3	5	6	18	11	3
CCDC34	1032	863	1041	881	846	700
LGR4	889	756	1062	1093	986	813
LOC101928289	0	2	0	0	0	0
LIN7C	3143	2478	3106	3302	3052	2294
BDNF-AS	17	7	11	20	14	15
MIR8087	0	0	1	0	0	0
LINC00678	0	0	0	0	0	0
BDNF	28	14	24	29	19	24
KIF18A	1964	1572	2059	1617	1518	1333
MIR610	0	0	0	0	0	0
METTL15	829	739	865	800	695	532
MIR8068	0	0	0	0	0	0
KCNA4	0	0	1	0	2	0
FSHB	0	0	0	0	0	0
ARL14EP	617	600	679	628	558	464
LOC102723403	0	0	0	1	0	0
MPPED2	28	33	42	27	19	17
LOC101928316	0	0	0	0	0	0
LOC101928338	0	0	0	0	0	0
DCDC5	2	0	0	2	0	2
DCDC1	5	10	8	13	6	7
DNAJC24	510	411	538	423	370	334
IMMP1L	287	260	289	248	278	203
ELP4	906	715	999	947	859	632
PAX6	979	827	986	837	723	662
DKFZp686K1684	1	0	0	0	0	1
LOC100506675	0	0	0	0	0	0
LOC101928385	0	0	0	0	0	0
RCN1	6074	5093	6600	5168	4835	4061
WT1	198	230	246	224	198	166
WT1-AS	74	54	72	40	28	48
EIF3M	5578	4965	6320	5183	4724	3924
CCDC73	52	46	51	60	55	51
PRRG4	3218	2577	3034	2791	2711	2081
QSER1	10826	8887	11493	10768	9908	7793
DEPDC7	216	201	237	227	204	192
TCP11L1	457	418	549	462	421	307
LINC00294	97	88	114	78	79	76
CSTF3	2353	1983	2384	2474	2139	1957
CSTF3-AS1	8	6	10	7	5	0
HIPK3	4015	3565	4333	4618	4247	3578
KIAA1549L	93	95	101	169	168	138
C11orf91	3	2	3	9	4	3
CD59	6569	5941	7369	8750	7637	6416
FBXO3	1240	1044	1265	1366	1243	988
RP11-646J21.5	0	0	1	0	0	0
LMO2	30	13	43	55	33	32
LOC101929918	8	3	9	1	4	6
CAPRIN1	24140	20554	26098	23910	21533	18124
NAT10	4630	4040	5364	4785	4255	3374
ABTB2	303	208	296	359	350	301
LOC102723539	12	13	8	3	14	7
CAT	1372	1265	1532	1148	1125	928
ELF5	0	0	0	2	2	3
EHF	3053	2417	2784	2864	2613	2146
LOC102723568	0	0	2	0	0	0
APIP	1128	893	1147	1061	991	877
PDHX	2407	2195	2622	2521	2361	1907
MIR1343	0	0	0	0	0	0
RP4-607I7.1	1	3	1	4	6	3
CD44	9897	9815	12063	11342	10255	8342
SLC1A2	0	3	0	1	0	1
PAMR1	1	1	0	3	2	1
FJX1	518	431	572	534	466	370
TRIM44	6951	5827	7331	6811	6402	5229
LDLRAD3	1121	930	1263	1059	956	748
MIR3973	0	0	0	0	0	0
LOC101928510	1	0	1	2	1	0
COMMD9	540	482	581	486	391	366
PRR5L	40	43	40	51	46	36
TRAF6	1094	986	1143	1045	862	814
RAG1	249	232	254	181	183	140
RAG2	0	0	0	0	0	0
C11orf74	91	101	111	113	94	72
RP11-64I17.1	0	0	0	0	0	0
LOC101928563	0	0	0	0	0	0
LRRC4C	1	0	0	0	0	0
LOC102723644	0	0	0	0	0	0
LOC101928591	0	0	0	0	0	0
LOC100507205	0	0	0	0	2	0
HNRNPKP3	0	0	0	0	0	1
API5	10712	8751	11429	10596	9594	7839
TTC17	2536	2096	2452	2735	2576	2160
LOC101928624	9	9	1	9	12	7
MIR670HG	0	0	0	0	0	0
MIR670	0	0	0	0	0	0
LOC101928704	8	0	4	7	5	1
MIR129-2	0	0	0	0	0	0
HSD17B12	7709	6640	8149	8345	7632	6435
ALKBH3	376	355	424	450	357	344
SEC14L1P1	36	32	42	39	28	29
ALKBH3-AS1	5	7	5	2	2	5
C11orf96	1	3	0	3	6	4
ACCSL	0	0	0	0	0	0
ACCS	199	157	211	208	156	120
EXT2	2842	2528	3149	2989	2479	2000
ALX4	268	223	324	212	190	131
CD82	1167	1062	1132	1210	1006	893
TSPAN18	11	17	22	11	9	14
TP53I11	529	472	607	522	429	400
AC068858.1	0	0	0	0	0	0
PRDM11	398	354	474	432	432	329
LOC101060179	236	190	264	242	219	174
SYT13	1	0	0	2	2	1
RP11-430H10.1	0	0	0	0	0	0
FLJ41423	0	0	0	2	0	0
CHST1	7	2	5	3	1	4
MIR7154	0	0	0	0	0	0
LOC100507384	0	0	0	0	0	0
DKFZp779M0652	0	0	0	0	0	1
SLC35C1	641	546	705	632	547	445
CRY2	327	259	316	280	278	199
MAPK8IP1	160	121	223	195	151	128
C11orf94	2	0	1	1	1	4
PEX16	283	256	291	343	287	229
GYLTL1B	57	63	75	53	40	29
PHF21A	1680	1339	1630	1645	1471	1199
RP11-702F3.3	0	0	0	0	0	0
LOC101928919	0	0	0	0	0	0
CREB3L1	75	47	64	68	71	59
DGKZ	2482	2187	2869	2699	2254	1886
MIR4688	0	0	0	0	0	0
MDK	2211	1939	2275	1481	1299	1141
CHRM4	1	1	3	7	3	3
AMBRA1	1643	1443	1757	1772	1525	1337
MIR3160-1	0	0	0	0	0	0
MIR3160-2	0	0	0	0	0	0
HARBI1	162	137	163	154	129	98
ATG13	2344	2088	2588	2349	2111	1717
ARHGAP1	3064	2675	3397	3097	2666	2203
ZNF408	277	295	338	397	334	213
F2	0	4	1	1	0	1
CKAP5	14415	12354	15929	14487	13140	10711
MIR5582	3	1	1	0	1	2
SNORD67	6	6	10	7	5	6
LRP4-AS1	11	11	14	14	14	5
LRP4	766	696	778	723	635	464
C11orf49	700	593	761	688	586	436
ARFGAP2	2581	2163	2708	2767	2453	2050
PACSIN3	1550	1345	1829	1434	1267	1018
MIR6745	0	0	0	0	0	0
DDB2	1447	1199	1503	1386	1284	1076
ACP2	562	472	596	605	613	457
NR1H3	192	179	219	208	150	153
MADD	2629	2181	2744	2639	2385	1953
MYBPC3	5	0	0	2	0	0
SPI1	0	1	1	0	2	2
MIR4487	0	0	0	0	0	0
SLC39A13	423	364	426	399	374	296
PSMC3	6279	5249	6767	6911	6100	5253
RAPSN	6	5	11	13	15	13
CELF1	8123	6749	9115	8682	7757	6047
PTPMT1	952	786	976	962	841	691
KBTBD4	292	265	301	306	247	238
NDUFS3	1970	1660	2143	2164	1849	1448
FAM180B	0	0	0	0	0	0
C1QTNF4	4	3	1	1	0	0
MTCH2	3317	2843	3531	3606	3227	2854
AGBL2	60	50	64	46	27	37
FNBP4	2829	2502	2988	2909	2660	2208
NUP160	5345	4677	5933	5498	5090	4045
PTPRJ	680	588	672	624	626	435
MIR3161	1	0	0	1	2	0
OR4B1	0	0	0	0	0	0
OR4X2	0	0	0	0	0	0
OR4X1	0	0	0	0	0	0
OR4S1	0	0	0	0	0	0
OR4C3	0	0	0	0	0	0
OR4A47	0	0	0	0	0	0
TRIM49B	0	0	0	0	0	0
TRIM64C	0	0	0	0	0	0
FOLH1	58	55	50	41	30	30
LOC440040	6	3	1	1	4	1
OR4C13	0	0	0	0	0	0
OR4C12	0	0	0	0	0	0
OR4C45	0	0	0	0	0	0
LOC441601	8	10	7	9	3	11
LOC646813	3	8	3	4	2	4
OR4C46	0	0	0	0	0	0
OR4A5	0	0	0	0	0	0
TRIM48	0	0	0	0	0	0
TRIM51HP	0	0	0	0	0	0
OR4A16	0	0	0	0	0	0
OR4A15	0	0	0	0	0	0
OR4C15	0	0	0	0	0	0
OR4C16	0	0	0	0	0	0
OR4C11	0	0	0	0	0	0
OR4P4	0	0	0	0	0	0
OR4S2	0	0	0	0	0	0
OR4C6	11	9	11	1	2	0
OR5D13	0	0	0	0	0	0
OR5D14	0	0	0	0	0	0
OR5L1	0	0	0	0	0	0
OR5D18	0	0	0	0	0	0
OR5L2	0	0	0	0	0	0
OR5D16	0	0	0	0	0	0
TRIM51	0	0	0	0	0	0
OR5W2	0	0	0	0	0	0
OR5I1	0	0	0	0	0	0
OR10AG1	0	0	0	0	1	1
OR7E5P	5	4	4	10	10	4
OR5F1	0	0	0	0	0	0
OR5AS1	0	0	0	0	0	0
OR8I2	0	0	0	0	0	0
OR8H2	0	0	0	0	0	0
OR8H3	0	0	0	0	0	0
OR8J3	0	0	0	0	0	0
OR8K5	0	0	0	0	0	0
OR5J2	0	0	0	0	0	0
OR5T2	0	0	0	0	0	0
OR5T3	0	0	0	0	0	0
OR5T1	0	0	0	0	0	0
OR8H1	0	0	0	0	0	0
OR8K3	0	0	0	0	0	0
OR8K1	0	0	0	0	0	0
OR8J1	0	0	0	0	0	0
OR8U1	0	0	0	0	0	0
OR5R1	0	0	0	0	0	0
OR5M9	0	0	0	0	0	0
OR5M3	0	0	0	0	0	0
OR5M8	0	0	0	0	0	0
OR5M11	0	0	0	0	0	0
OR5M10	0	0	0	0	0	0
OR5M1	0	0	0	0	0	0
OR5AP2	0	0	0	0	0	0
OR5AR1	0	0	0	0	0	0
OR9G1	0	0	0	0	0	0
OR9G4	0	0	0	0	0	0
MIR6128	0	0	0	0	0	0
AP000479.1	0	0	0	0	0	0
OR5AK2	0	0	0	0	0	0
OR5AK4P	0	0	0	1	0	0
LOC101927154	0	0	0	0	0	0
LRRC55	0	0	0	0	1	1
APLNR	0	0	0	1	1	1
TNKS1BP1	5321	4638	5765	5313	4761	3921
SSRP1	15740	13386	17420	15535	13725	11926
P2RX3	0	0	0	0	0	0
PRG3	0	0	0	0	0	0
PRG2	0	0	0	0	0	1
SLC43A3	1	1	1	1	2	1
RTN4RL2	14	21	32	18	13	7
SLC43A1	21	28	26	18	21	13
TIMM10	1059	862	1109	1068	917	745
SMTNL1	6	7	12	1	3	0
UBE2L6	1681	1512	1721	877	837	595
SERPING1	116	84	112	97	81	57
MIR130A	0	0	0	0	0	0
YPEL4	10	3	9	19	5	5
CLP1	402	400	462	437	372	298
ZDHHC5	7501	6316	8060	7347	6675	5531
MED19	568	472	532	525	438	422
TMX2-CTNND1	0	0	0	0	0	0
TMX2	2610	2338	3064	2942	2553	2112
C11orf31	538	453	578	620	503	472
BTBD18	10	5	7	3	7	1
CTNND1	209	294	223	224	210	201
OR9Q1	0	0	0	0	0	0
OR6Q1	0	0	0	0	0	0
OR9I1	0	0	0	0	0	0
OR9Q2	0	0	0	0	0	0
OR1S2	0	0	0	0	0	0
OR1S1	0	0	0	0	0	0
OR10Q1	0	0	0	0	0	0
OR10W1	0	0	0	0	0	0
OR5B17	0	0	0	0	0	0
OR5B3	0	0	0	0	0	0
OR5B2	0	0	0	0	0	0
OR5B12	0	0	0	0	0	0
OR5B21	0	0	0	0	0	0
LPXN	26	34	36	44	40	32
ZFP91-CNTF	0	0	0	0	0	0
ZFP91	5759	4841	6244	5436	4867	4202
CNTF	1	1	0	1	1	1
GLYAT	0	1	0	0	0	0
GLYATL2	0	0	0	0	0	0
LOC100287413	0	1	0	0	0	1
GLYATL1	0	1	0	0	1	2
RP11-142C4.6	0	1	1	0	0	0
FAM111B	2095	1677	2219	2349	2159	1892
AP001258.4	122	81	108	99	69	73
FAM111A	1630	1281	1533	1675	1435	1239
DTX4	632	550	616	388	320	298
MPEG1	0	0	0	0	0	0
OR5AN1	0	0	0	0	0	0
OR5A2	0	0	0	0	0	0
OR5A1	0	0	0	0	0	0
OR4D6	0	0	0	0	0	0
OR4D10	0	0	0	0	0	0
OR4D11	0	0	0	0	0	0
OR4D9	0	0	0	0	0	0
LOC102723575	10	6	2	6	6	5
TRNAV11	3	0	0	0	0	1
TRNAV23	0	0	1	0	0	0
TRNAR14	0	1	0	0	0	0
TRNAL23	1	0	1	0	2	2
TRNAK23	0	2	0	0	0	0
TRNAF11	1	1	0	0	2	0
TRNAK3	0	0	0	0	0	0
TRNAF1	0	0	0	0	0	0
OSBP	6413	5514	6941	6430	5939	5012
MIR3162	0	0	0	0	0	0
LOC101927226	19	16	21	26	17	13
PATL1	6163	5372	6672	5756	5258	4219
OR10V1	0	0	0	0	0	0
OR10V2P	0	0	0	0	0	0
STX3	543	474	593	577	504	448
MRPL16	1483	1262	1771	1528	1381	1130
GIF	0	0	0	0	0	0
TCN1	1	4	0	1	0	0
OOSP1	0	0	0	0	0	0
OOSP2	0	0	0	0	0	0
MS4A3	0	0	0	0	0	0
MS4A2	0	0	0	0	0	0
MS4A6A	0	0	0	0	0	0
MS4A4E	0	0	0	0	0	0
MIR6503	0	0	0	0	0	0
MS4A4A	0	0	0	0	0	0
MS4A6E	0	0	0	0	0	0
MS4A7	0	0	0	0	0	0
MS4A14	0	0	0	0	0	0
MS4A5	0	0	0	0	0	0
MS4A1	0	0	0	0	0	0
MS4A12	0	0	0	0	0	0
MS4A13	0	0	0	0	0	0
LINC00301	0	0	0	0	0	0
MS4A8	1	0	0	0	0	0
MS4A18	0	0	0	0	0	0
MS4A15	0	0	0	0	0	0
MS4A10	0	0	0	0	0	0
CCDC86	1254	1084	1569	1307	1108	950
PTGDR2	0	4	5	11	3	0
ZP1	0	2	0	0	0	1
PRPF19	6542	5606	7052	6745	5856	4849
TMEM109	1807	1701	2115	1651	1514	1341
TMEM132A	753	738	930	885	768	575
SLC15A3	100	123	92	49	39	44
CD6	28	10	12	23	17	17
CD5	0	1	1	0	0	0
VPS37C	678	613	795	664	624	449
PGA3	0	0	0	0	0	0
PGA4	0	0	0	0	0	0
PGA5	0	0	0	0	0	0
VWCE	4	0	6	11	2	6
DDB1	12777	10984	14428	13268	11991	9541
DAK	1346	1210	1576	1558	1364	1042
CYB561A3	763	625	809	919	798	610
TMEM138	833	654	789	870	746	546
TMEM216	622	529	726	650	599	421
CPSF7	5738	5037	6418	6197	5445	4652
SDHAF2	774	643	883	816	745	610
PPP1R32	33	28	45	28	33	16
MIR4488	0	0	0	0	0	0
LRRC10B	1	1	7	0	0	6
SYT7	1669	1443	1618	2162	1951	1633
RP11-855O10.2	9	3	13	5	11	13
RPLP0P2	64	74	88	182	161	129
DAGLA	652	593	815	874	770	573
MYRF	39	51	42	90	59	68
DKFZP434K028	1	1	0	1	0	2
LOC100129473	0	0	0	0	0	0
TMEM258	638	684	859	714	699	500
MIR611	0	0	0	2	0	1
FEN1	4341	3704	4979	4800	4125	3408
FADS1	9969	8647	10717	9893	8851	7307
MIR1908	4	3	5	1	0	1
FADS2	729	693	878	935	724	618
FADS3	2009	1732	2323	2284	2096	1743
MIR6746	0	2	1	1	0	4
RAB3IL1	109	127	134	130	97	59
BEST1	34	14	32	26	46	27
FTH1	200537	170118	214002	187237	167240	141258
LOC399900	63	46	47	68	53	40
LOC102723745	0	0	1	0	0	0
LOC100507521	0	0	0	0	1	0
INCENP	4679	4055	5406	4317	3760	3304
SCGB1D1	0	0	0	0	0	0
SCGB2A1	1	0	1	1	0	1
SCGB1D2	0	0	0	0	0	0
SCGB2A2	0	0	0	0	0	0
SCGB1D4	0	0	0	0	0	0
ASRGL1	104	63	98	126	75	88
LOC102723765	0	0	1	0	0	1
SCGB1A1	0	0	0	0	0	1
AHNAK	56148	55973	65544	57309	52837	43759
LOC101927617	3	2	7	2	1	2
EEF1G	26666	23096	29755	26135	22783	18864
MIR6747	2	0	0	0	0	2
TUT1	515	466	536	482	470	382
MTA2	4058	3652	4492	4156	3649	3044
EML3	804	723	927	879	694	595
ROM1	49	48	47	37	54	41
B3GAT3	270	238	282	262	206	154
GANAB	15284	13582	17187	16606	14250	11549
INTS5	445	377	540	493	442	350
C11orf48	10	9	17	16	13	15
LOC102288414	0	4	4	2	5	5
METTL12	93	68	80	88	58	50
SNORA57	0	0	0	0	0	0
C11orf83	175	153	211	186	142	110
UBXN1	1139	1032	1327	1256	1098	997
LRRN4CL	2	14	4	6	5	5
HNRNPUL2-BSCL2	0	0	0	0	0	0
BSCL2	5	11	13	13	9	11
GNG3	21	26	23	26	28	15
HNRNPUL2	1204	1056	1252	1292	1156	988
TTC9C	387	337	448	434	341	340
ZBTB3	90	90	101	119	111	86
POLR2G	1306	1107	1482	1416	1185	1028
TAF6L	226	239	269	222	186	167
TMEM179B	295	237	366	282	239	189
MIR6748	1	3	2	1	1	0
TMEM223	226	198	267	212	182	152
NXF1	1666	1286	1709	1972	1817	1565
MIR6514	0	0	0	0	0	0
STX5	992	918	1198	1167	1044	849
WDR74	1000	813	1098	926	760	648
RNU2-2P	13	8	14	8	10	15
SNHG1	1473	1290	1631	1581	1361	1160
SNORD22	22	13	24	30	23	30
SNORD31	46	37	51	66	44	31
SNORD30	13	11	4	14	6	15
SNORD29	6	10	22	21	8	13
SNORD28	11	15	18	29	25	12
SNORD27	9	7	10	4	11	12
SNORD26	13	7	15	15	10	11
SNORD25	24	34	27	37	15	22
SLC3A2	19333	16718	22014	16583	14571	11456
CHRM1	1	0	0	0	0	0
SLC22A6	0	0	0	0	0	0
SLC22A8	0	0	0	0	0	0
SLC22A24	0	0	0	0	0	0
SLC22A25	0	0	0	0	0	0
SLC22A10	0	0	0	0	0	0
SLC22A9	0	1	0	3	0	1
HRASLS5	0	0	0	0	0	0
LGALS12	0	0	0	0	0	0
RARRES3	172	160	139	31	27	19
HRASLS2	3	5	5	1	0	0
PLA2G16	200	196	244	168	152	111
ATL3	3074	2739	3356	3094	2972	2256
RTN3	5014	4382	5343	5446	4833	4133
C11orf95	377	338	410	377	299	292
C11orf84	1009	816	1072	1034	864	770
MARK2	2033	1681	2285	2200	1871	1576
RCOR2	50	52	76	71	64	51
NAA40	970	829	1097	1062	989	736
RNU6-45P	2	1	2	0	0	1
COX8A	1849	1677	2084	1958	1824	1334
OTUB1	2377	2082	2771	2595	2230	1767
MACROD1	312	273	335	232	192	147
LOC101927673	4	0	7	8	5	3
LOC102723812	1	2	1	5	2	1
FLRT1	18	6	10	20	12	9
STIP1	8806	7581	9532	8763	7740	6460
FERMT3	27	32	46	35	28	22
TRPT1	164	142	170	184	164	124
NUDT22	377	337	459	399	398	317
DNAJC4	241	211	271	227	195	178
VEGFB	395	362	515	444	427	331
FKBP2	588	475	613	653	533	523
PPP1R14B	1882	1774	2293	2100	1706	1471
LOC101927696	42	22	32	39	27	24
PLCB3	2301	2080	2597	2348	2010	1674
BAD	431	412	557	486	413	322
GPR137	522	426	582	663	598	388
KCNK4	1	2	3	0	1	3
TEX40	5	2	2	0	1	1
ESRRA	873	801	1138	1009	856	612
TRMT112	2507	2120	2665	2549	2172	1860
PRDX5	3868	3400	4305	4027	3661	3168
LOC102723878	0	0	2	0	0	0
CCDC88B	61	41	55	56	46	49
MIR7155	0	0	0	0	0	0
RPS6KA4	1861	1658	2180	1963	1843	1408
MIR1237	0	0	0	0	0	0
LOC102723894	0	2	1	0	1	0
LOC101927738	0	0	0	0	0	0
LOC100996455	4	5	6	10	6	1
SLC22A11	1	1	2	3	4	6
SLC22A12	0	0	0	3	0	0
NRXN2	11	8	9	17	15	15
RASGRP2	33	32	35	49	36	27
PYGM	11	8	21	16	9	9
SF1	10116	9020	11604	10151	8774	7475
MAP4K2	289	270	350	457	334	278
MEN1	1297	1102	1327	1475	1110	1016
CDC42BPG	506	447	542	568	510	412
EHD1	751	675	750	1108	954	723
MIR192	0	0	0	0	0	0
MIR194-2	0	0	0	0	0	0
ATG2A	610	462	685	782	698	481
MIR6750	0	0	0	0	1	0
MIR6749	0	0	0	0	0	0
PPP2R5B	96	96	102	116	105	85
GPHA2	0	0	0	2	0	0
C11orf85	0	0	0	0	0	1
BATF2	11	5	9	3	11	6
ARL2-SNX15	0	0	1	0	0	0
ARL2	93	85	133	97	62	56
MIR6879	0	0	0	0	0	0
SNX15	0	0	0	0	0	0
SAC3D1	214	168	232	204	189	142
NAALADL1	3	1	1	7	0	4
CDCA5	1878	1637	2161	2152	1853	1593
ZFPL1	664	525	746	659	598	484
TMEM262	1	0	0	0	3	0
VPS51	1007	844	1050	954	875	720
TM7SF2	448	307	399	474	478	387
ZNHIT2	127	123	146	178	123	85
FAU	3975	3806	4718	4648	3982	3339
MRPL49	2037	1752	2253	2097	1874	1550
SYVN1	1104	879	1217	1228	968	885
MIR6751	0	0	0	0	0	0
SPDYC	0	0	0	1	1	0
LOC728975	226	163	215	186	177	127
CAPN1	10109	8354	10859	9949	8854	6890
SLC22A20	43	28	43	53	46	43
POLA2	1011	931	1195	1246	1080	873
CDC42EP2	131	143	188	198	168	86
DPF2	4680	4099	5361	5300	4626	3666
TIGD3	58	68	59	87	68	48
SLC25A45	107	83	120	183	152	147
FRMD8	3833	3392	4210	4157	3488	2770
NEAT1	21451	17089	20349	17979	15763	13385
MIR612	91	60	75	84	65	39
LOC101927789	19	15	16	12	13	10
MALAT1	69071	45584	67507	67137	65052	40856
SCYL1	5940	5007	6576	6058	5456	4448
LTBP3	4399	4009	4565	4917	4101	3199
SSSCA1-AS1	72	49	49	53	34	33
SSSCA1	1135	1063	1368	1374	1147	998
FAM89B	850	777	1012	928	861	699
EHBP1L1	9405	8288	10345	9354	8092	7088
KCNK7	25	19	30	26	24	10
MAP3K11	6173	5617	6820	7017	6106	5117
PCNXL3	10923	9826	12332	12056	10523	8233
MIR4690	0	0	0	0	0	0
SIPA1	2758	2269	2991	2877	2452	1829
MIR4489	1	3	1	5	0	0
RELA	7713	6667	8580	8259	7044	5801
KAT5	3004	2488	3214	2841	2645	2231
RNASEH2C	3038	2630	3335	3292	2896	2349
AP5B1	2568	2251	2698	2422	2120	1684
OVOL1	161	146	148	176	175	143
OVOL1-AS1	3	0	2	0	4	8
LOC101927853	0	1	1	1	6	0
SNX32	6	19	14	18	16	13
CFL1	95358	83852	108485	108985	94271	77493
MUS81	1900	1602	2064	2079	1788	1471
EFEMP2	33	23	38	71	47	45
CTSW	8	4	7	8	11	4
FIBP	5387	4569	5868	5926	5203	4232
CCDC85B	1636	1496	1896	2004	1548	1205
FOSL1	3499	2876	3689	4168	3631	3015
C11orf68	1672	1547	1894	1586	1372	1141
DRAP1	10026	8909	11682	11369	9815	9220
TSGA10IP	2	5	2	2	1	1
SART1	10455	8899	11423	10083	8923	8014
EIF1AD	2610	2285	2989	3045	2744	2143
BANF1	21068	17891	23700	22099	19358	15587
CST6	88	108	131	246	235	164
CATSPER1	61	49	59	103	97	93
GAL3ST3	1	4	4	8	4	8
SF3B2	31913	27071	34731	32118	28478	24377
PACS1	15050	13201	16720	16762	14471	12010
KLC2	5518	4672	6299	5604	4983	3978
RAB1B	18133	15274	19984	19414	17014	13918
CNIH2	26	41	41	33	16	34
YIF1A	3619	3206	4160	3876	3322	2437
TMEM151A	40	26	61	36	26	34
CD248	1	0	1	1	0	0
RIN1	803	785	975	875	743	632
BRMS1	2669	2272	2965	2913	2434	2112
B3GNT1	850	712	962	866	755	590
LOC102724064	15	21	33	21	20	14
TRNAS22	0	0	0	0	0	0
SLC29A2	913	812	1075	1048	856	649
LOC100505504	6	1	10	7	5	8
NPAS4	2	0	1	0	4	4
MRPL11	4201	3634	4774	4554	4055	3285
LOC101928090	5	2	3	2	8	6
PELI3	496	435	516	490	459	367
LOC102724131	17	23	22	14	17	6
LOC101928069	14	10	23	18	34	14
DPP3	4796	4066	5315	5384	4814	3609
BBS1	973	808	1055	1062	867	814
ZDHHC24	325	351	447	392	281	274
ACTN3	1	1	1	2	4	2
CTSF	52	55	45	61	46	41
CCDC87	40	33	44	51	43	40
CCS	683	583	777	862	717	621
RBM14-RBM4	0	0	0	0	0	0
RBM14	2725	2449	3030	2646	2254	1860
RBM4	1882	1551	1964	1926	1709	1441
RBM4B	869	715	894	726	646	590
SPTBN2	4566	4099	5072	4142	3862	2955
C11orf80	805	786	872	779	721	569
RCE1	1034	962	1101	1041	938	773
PC	3164	2856	3717	2813	2433	1938
LRFN4	1711	1507	2113	1683	1385	1074
MIR3163	0	0	0	2	0	0
C11orf86	39	22	27	29	25	25
SYT12	5050	4600	5619	4145	3828	3068
MIR6860	0	0	0	1	0	0
RHOD	2821	2704	3462	3395	2983	2353
KDM2A	14781	12881	16273	15198	13799	11159
ADRBK1	7193	6127	7816	7461	6526	4954
ANKRD13D	1009	806	1052	987	858	652
SSH3	3095	2566	3057	2996	2656	2326
LOC100130987	57	48	52	44	54	35
POLD4	811	710	846	773	635	517
CLCF1	480	414	575	394	352	310
RAD9A	711	579	711	700	576	526
PPP1CA	10231	9132	11343	10546	9101	7545
TBC1D10C	2	3	2	4	2	3
CARNS1	26	14	41	55	34	26
RPS6KB2	1641	1475	1832	1827	1651	1385
PTPRCAP	44	45	35	53	31	24
CORO1B	3798	3068	4020	4065	3192	2641
GPR152	0	0	1	3	1	1
CABP4	5	4	9	7	6	2
TMEM134	711	626	779	696	632	511
AIP	3046	2629	3389	3155	2784	2360
MIR6752	0	0	0	0	0	0
PITPNM1	6150	5449	6589	6344	5480	4457
CDK2AP2	2535	2191	2773	2563	2228	1820
CABP2	0	0	0	0	1	0
GSTP1	60623	53633	67709	63159	54119	44269
NDUFV1	10522	9071	11534	10947	9508	7738
DOC2GP	4	4	7	7	3	2
NUDT8	320	331	373	341	255	207
TBX10	2	5	6	3	8	3
ACY3	24	21	19	14	23	7
ALDH3B2	575	475	513	465	427	405
FAM86C2P	292	264	325	271	255	176
RNU6-46P	0	0	0	0	0	0
UNC93B1	1913	1715	2229	1832	1596	1225
ALDH3B1	963	823	1038	794	700	542
NDUFS8	3107	2931	3653	3315	2751	2173
MIR7113	0	0	3	4	1	7
MIR4691	15	14	18	21	26	16
TCIRG1	3449	3009	3784	3697	3080	2588
MIR6753	8	5	3	9	3	3
CHKA	1540	1330	1684	1702	1500	1239
SUV420H1	4607	3828	4840	4691	4299	3619
C11orf24	2030	1893	2298	2254	2011	1650
LOC102724209	9	9	12	9	8	6
LRP5	7058	6183	7618	6744	5791	4737
LOC101928175	2	0	2	1	1	0
PPP6R3	14879	12277	15612	15000	13651	11418
GAL	1972	1928	2664	2482	2025	1682
MTL5	881	746	938	953	823	710
CPT1A	3701	3285	3825	3401	2838	2420
MRPL21	1245	1087	1418	1450	1237	1006
IGHMBP2	1335	1146	1428	1465	1225	1041
MRGPRD	1	0	0	0	1	0
MRGPRF	12	6	12	13	18	17
RP11-554A11.6	0	0	0	0	0	2
TPCN2	1822	1598	2014	1909	1741	1382
MIR3164	13	7	12	12	15	10
RP11-554A11.8	1	0	0	1	1	1
MYEOV	175	171	192	144	170	128
LOC101928262	46	27	40	37	30	26
LOC102724265	0	0	0	0	0	0
LOC101928292	0	0	1	4	1	1
LOC102724346	0	0	0	0	0	0
CCND1	31472	27841	34408	32981	28723	22702
FLJ42258	250	229	255	270	191	190
ORAOV1	5003	4206	5286	5081	4608	3859
FGF19	44	30	51	56	37	38
FGF4	5	7	10	16	12	8
FGF3	144	146	142	146	156	114
ANO1	1344	1253	1426	2048	1778	1496
LOC101928443	1	0	3	1	2	0
ANO1-AS2	0	0	0	0	0	2
LOC101928473	0	1	2	8	1	0
FADD	7164	6500	8354	8011	6979	5597
PPFIA1	48498	41406	52137	52758	48431	40438
MIR548K	0	1	1	1	1	0
CTTN	110304	95972	122260	115031	101929	83264
SHANK2	6612	6030	7640	7975	6946	5568
SHANK2-AS1	4	8	4	9	7	6
SHANK2-AS3	4	0	3	3	3	0
MIR3664	0	0	0	0	0	0
LOC102724403	0	1	0	0	1	0
FLJ42102	0	0	0	1	1	0
DHCR7	5644	5104	6312	6297	5427	4382
NADSYN1	1225	1137	1427	1251	1168	864
MIR6754	0	0	0	0	0	0
KRTAP5-7	0	0	0	1	3	0
KRTAP5-8	0	0	0	1	0	1
KRTAP5-9	3	3	4	3	3	0
KRTAP5-10	1	0	1	1	1	0
KRTAP5-11	0	0	0	0	0	0
FAM86C1	258	233	286	287	230	216
ALG1L9P	13	23	35	24	32	9
ZNF705E	14	12	11	20	14	15
DEFB108B	0	0	0	0	0	0
LOC100133315	65	51	83	79	68	42
LOC100129216	21	12	17	22	14	4
RNF121	845	718	854	806	775	659
IL18BP	146	124	138	133	140	96
NUMA1	6053	5339	6483	5683	4997	4162
LOC100128494	30	26	26	36	19	12
MIR3165	0	0	0	1	0	0
LRTOMT	319	278	344	290	235	179
LAMTOR1	1884	1772	2245	2100	1792	1600
ANAPC15	233	202	279	277	256	205
FOLR3	1	0	0	0	0	0
FOLR1	27	31	33	30	38	18
FOLR2	1	0	1	0	0	0
INPPL1	4944	4031	5306	5632	4901	3790
PHOX2A	0	0	0	4	0	1
CLPB	1176	1014	1416	1482	1259	996
LOC101928555	11	5	10	24	10	15
PDE2A	37	23	34	33	31	15
LOC102724448	0	0	0	0	0	0
MIR139	0	0	0	0	0	0
ARAP1	2533	2414	2719	2725	2325	1916
STARD10	903	768	952	977	868	651
MIR4692	1	0	0	0	0	0
ATG16L2	72	61	67	80	93	53
FCHSD2	1371	1131	1407	1314	1156	952
LOC102724472	1	0	6	1	4	3
P2RY2	1226	1136	1321	1060	978	768
P2RY6	16	6	14	17	2	7
ARHGEF17	959	918	1072	1195	954	820
RELT	329	344	423	441	383	268
FAM168A	3252	2672	3528	3397	3036	2497
PLEKHB1	172	135	205	232	204	148
RAB6A	4735	4079	4990	4825	4220	3652
MRPL48	943	863	1137	939	830	700
COA4	966	872	1069	931	807	751
PAAF1	258	262	315	326	282	247
DNAJB13	5	3	4	3	5	3
UCP2	39	34	33	44	24	21
UCP3	43	27	42	53	47	33
C2CD3	1705	1446	1761	1712	1522	1355
PPME1	2650	2187	2738	2660	2310	1903
P4HA3	1	2	9	8	2	7
RP11-632K5.3	0	0	0	0	0	0
PGM2L1	268	205	238	216	232	193
MIR548AL	0	0	0	0	0	0
KCNE3	0	0	0	0	1	0
LIPT2	50	39	52	48	41	35
LOC100287896	151	144	198	142	135	116
POLD3	1500	1299	1591	1443	1384	1135
CHRDL2	3	0	0	1	0	2
MIR4696	0	0	0	0	0	0
RNF169	1924	1609	2130	1807	1607	1302
XRRA1	181	151	209	201	157	136
LOC102724544	0	0	2	3	0	0
SPCS2	1716	1435	1807	1761	1480	1259
NEU3	272	247	291	243	281	232
OR2AT4	0	0	0	0	0	0
SLCO2B1	0	0	0	0	0	0
TPBGL	0	1	0	0	0	0
ARRB1	87	77	108	124	83	62
MIR326	0	0	0	0	0	0
RPS3	20775	18722	24025	20636	17514	14843
SNORD15A	3	2	3	0	6	3
SNORD15B	5	2	6	6	5	2
KLHL35	45	25	26	31	25	13
GDPD5	95	85	105	131	98	67
SERPINH1	6347	5170	6610	6548	5687	4714
MAP6	17	32	26	16	23	16
MOGAT2	0	0	0	0	0	0
LOC283214	0	0	0	0	0	0
DGAT2	62	59	59	53	41	33
LOC100506113	0	0	1	1	1	0
UVRAG	897	742	975	983	871	634
WNT11	1	4	4	2	9	7
TRNAP6	1	0	0	0	1	0
TRNAP14	0	0	0	0	0	0
PRKRIR	2531	2034	2827	2394	2240	1914
LOC100506127	59	32	46	49	46	25
C11orf30	1357	1107	1315	1440	1334	1072
LOC101928813	0	0	0	0	0	0
LRRC32	0	0	1	1	1	3
GUCY2EP	0	2	2	0	1	1
RP11-21L23.3	2	7	10	5	5	4
TSKU	648	555	646	417	442	318
ACER3	1274	1201	1463	1505	1411	1129
B3GNT6	0	0	0	0	1	0
CAPN5	55	30	43	64	70	63
OMP	0	0	0	0	0	0
MYO7A	1	1	0	2	3	0
GDPD4	0	0	0	0	0	0
PAK1	1101	972	1290	1064	915	786
AQP11	21	18	24	21	14	16
LOC102724607	19	8	12	22	11	13
CLNS1A	2196	1799	2436	2225	1984	1744
RSF1	3331	2746	3475	3586	3463	2845
AAMDC	117	90	122	126	105	92
INTS4	624	505	644	595	529	406
NDUFC2-KCTD14	0	0	0	0	0	0
KCTD14	0	0	0	0	0	0
THRSP	1	0	1	1	1	0
NDUFC2	270	294	263	329	302	203
ALG8	863	770	1023	862	780	678
KCTD21-AS1	2	6	6	12	3	5
KCTD21	159	146	166	171	153	122
USP35	116	95	130	152	110	86
GAB2	49	38	75	78	47	38
RP11-452H21.4	6	1	4	3	3	1
NARS2	662	571	768	611	583	477
RP11-843A23.1	0	1	0	1	0	1
TENM4	3	2	1	0	3	5
LOC101928921	9	4	5	11	9	6
MIR708	0	0	0	0	0	0
MIR5579	0	0	0	0	0	0
LOC101928964	0	0	2	0	0	0
RP11-686G23.2	0	0	0	0	0	0
RP11-179A16.1	0	2	0	1	0	0
MIR4300	0	0	0	0	0	0
FAM181B	46	37	57	42	54	32
PRCP	1117	1051	1369	1317	1108	934
C11orf82	838	654	921	950	808	681
RAB30	125	81	123	135	124	100
SNORA70E	0	0	0	0	0	0
RAB30-AS1	76	63	77	69	44	52
PCF11	1947	1635	2090	1848	1740	1392
LOC100506282	27	21	25	21	25	19
ANKRD42	259	193	231	335	258	243
CCDC90B	819	727	872	884	808	707
LOC102724712	0	0	0	1	0	0
DLG2	17	4	6	14	15	10
LOC101929043	0	0	0	0	0	0
TMEM126B	762	644	792	605	568	467
TMEM126A	356	311	371	334	284	191
CREBZF	2481	2032	2366	2120	1892	1580
CCDC89	1	0	5	0	1	1
SYTL2	23	30	24	71	45	37
CCDC83	0	0	0	0	0	0
PICALM	3213	2869	3603	3340	3103	2636
EED	1213	1001	1310	1281	1098	842
MIR6755	0	0	0	0	0	0
C11orf73	714	607	781	735	652	490
CCDC81	5	7	8	0	8	6
ME3	147	135	146	109	116	74
LOC102724764	10	0	2	2	0	3
LOC102724775	0	0	0	0	0	0
PRSS23	1093	1071	1235	871	784	597
OR7E2P	0	0	0	0	0	0
FZD4	470	429	456	357	349	247
RP11-736K20.6	8	5	14	3	5	5
TMEM135	824	729	881	936	747	663
LOC101929137	0	0	0	1	0	0
RAB38	356	323	354	372	272	298
MIR3166	0	0	0	0	0	0
CTSC	1351	1082	1392	1205	1142	923
LOC101929174	1	4	0	1	0	1
GRM5	0	0	0	0	0	0
GRM5-AS1	0	0	0	0	0	0
RNU6-16P	1	1	5	2	2	0
TYR	0	0	0	0	0	0
NOX4	1	0	0	0	0	0
FOLH1B	0	1	0	0	0	1
TRIM77	0	0	0	0	0	0
TRIM49	0	0	0	0	0	0
TRIM64B	0	0	0	0	0	0
TRIM49D1	0	0	0	0	0	0
TRIM49D2P	0	0	0	0	0	0
LOC101929493	0	0	0	0	0	0
TRIM64	0	0	0	0	0	0
TRIM51EP	0	0	0	0	0	0
TRIM53AP	0	0	0	0	0	0
TRIM49C	0	0	0	0	0	0
UBTFL1	0	0	0	0	0	0
NAALAD2	34	28	36	31	40	29
CHORDC1	3969	3074	3675	3678	3216	2766
DISC1FP1	1	0	0	0	0	0
MIR4490	0	0	0	0	0	0
MIR1261	0	0	0	0	0	0
FAT3	1	2	2	6	2	1
MTNR1B	0	0	0	0	0	0
SLC36A4	687	583	767	669	602	559
CCDC67	0	0	0	0	0	0
LOC102723746	0	0	0	1	0	0
SMCO4	190	155	159	149	122	88
KIAA1731	1248	1013	1319	1228	1130	934
SCARNA9	43	39	37	23	29	32
SNORA25	26	27	32	45	40	16
SNORA32	47	45	50	57	39	39
SNORD6	7	2	5	2	8	4
SNORA1	16	17	14	10	10	15
SNORA8	60	50	60	57	44	48
SNORD5	31	30	35	30	27	24
SNORA18	54	71	100	78	48	54
MIR1304	21	16	29	17	11	12
SNORA40	122	95	155	115	119	101
TAF1D	1194	956	1273	1027	918	803
C11orf54	753	591	731	692	639	505
MED17	1080	900	1175	1186	1057	821
VSTM5	1	1	1	1	3	1
HEPHL1	9	1	6	6	6	3
PANX1	793	710	829	750	633	546
FOLR4	0	0	0	0	0	0
GPR83	10	0	3	2	4	0
MRE11A	1163	959	1137	1150	1007	897
MIR548L	0	0	4	0	2	1
ANKRD49	298	239	303	286	290	238
LINC01171	0	0	0	0	0	0
FUT4	154	161	198	154	136	128
PIWIL4	4	4	9	11	5	6
AMOTL1	2119	1847	2337	2178	1921	1530
CWC15	1007	816	940	998	874	811
KDM4D	95	75	79	92	68	52
KDM4E	0	0	0	0	0	0
SRSF8	756	585	754	815	702	560
ENDOD1	497	440	542	481	428	312
LOC101929295	1	0	0	0	1	0
SESN3	858	718	753	931	874	705
LOC100129203	3	2	1	6	5	0
FAM76B	698	541	614	606	590	473
CEP57	1882	1563	1913	1872	1709	1403
MTMR2	2704	2299	3050	2763	2436	2086
MAML2	187	146	152	160	152	151
MIR1260B	0	0	0	0	0	0
CCDC82	715	573	759	679	637	512
JRKL	499	433	476	426	379	288
JRKL-AS1	0	0	0	0	0	0
CNTN5	78	48	75	59	63	54
ARHGAP42	152	118	190	184	161	121
TMEM133	46	23	50	31	37	24
PGR	3	0	2	2	0	0
LOC101054525	0	0	0	0	0	0
TRPC6	0	0	0	0	1	0
MIR3920	0	0	0	0	0	0
ANGPTL5	1	0	0	1	0	0
KIAA1377	217	250	254	247	205	202
C11orf70	2	0	0	0	0	0
YAP1	5405	4604	5641	5886	5309	4198
BIRC3	449	333	394	492	443	317
BIRC2	1650	1439	1621	1507	1477	1123
TMEM123	7760	6557	8284	7497	6932	5630
LOC101928424	4	1	4	4	2	2
LOC102723838	0	0	0	0	0	0
MMP7	19	9	11	36	31	25
MMP20	0	0	0	0	0	0
LOC101928477	0	0	0	1	0	0
MMP27	0	0	0	0	0	0
MMP8	0	0	0	0	0	0
MMP10	74	64	79	355	368	292
WTAPP1	4	0	1	2	0	3
MMP1	126	92	123	400	407	401
MMP3	6	3	3	27	29	24
MMP12	37	41	42	142	133	122
MMP13	209	181	173	513	550	509
DCUN1D5	1527	1328	1728	1530	1355	1086
DYNC2H1	1967	1672	2124	1896	1851	1517
LOC102723862	1	0	0	0	0	2
MIR4693	0	0	0	0	0	0
PDGFD	344	311	398	309	304	236
DDI1	0	0	0	0	0	1
LOC102723879	0	0	0	0	0	0
LOC102723895	0	0	0	0	0	0
CASP12	0	0	0	0	0	0
LOC643733	0	0	0	0	0	0
CASP4	748	648	789	637	620	507
CASP5	0	2	2	1	2	0
CASP1	519	423	434	357	292	274
CARD16	71	48	57	47	49	34
CARD17	0	0	1	0	0	1
CARD18	0	0	0	0	1	0
GRIA4	4	4	0	0	5	2
LOC101928506	0	0	0	0	0	0
MSANTD4	813	679	856	820	721	635
KBTBD3	93	87	125	106	103	67
AASDHPPT	1577	1395	1686	1498	1386	1197
LOC101928535	0	0	0	0	0	0
GUCY1A2	9	5	2	18	21	10
CWF19L2	826	675	925	787	792	636
ALKBH8	566	501	616	569	456	427
ELMOD1	17	15	22	19	30	10
LOC643923	0	0	0	0	0	0
SLN	0	0	1	0	2	2
SLC35F2	1374	1202	1573	1432	1305	1082
RAB39A	0	0	0	1	0	0
CUL5	2690	2287	2896	2913	2681	2146
ACAT1	916	748	1061	940	899	803
NPAT	1148	1115	1302	1106	1138	915
ATM	2115	1795	2193	2368	2119	1719
C11orf65	12	9	21	12	13	20
KDELC2	1440	1254	1539	1504	1400	1092
LOC101928561	6	4	3	4	7	9
EXPH5	1497	1243	1627	1226	1130	828
DDX10	1294	1002	1411	1147	1049	882
LOC101928586	1	1	0	0	0	0
C11orf87	2	1	0	1	1	0
ZC3H12C	627	533	613	735	683	475
RDX	4586	4095	5175	4766	4334	3646
FDX1	741	662	779	822	758	611
ARHGAP20	6	15	9	5	6	6
LOC102723966	0	0	0	0	0	0
C11orf53	0	0	0	0	0	0
COLCA1	4	8	5	11	5	2
COLCA2	22	21	19	12	11	14
MIR4491	0	0	0	0	0	0
POU2AF1	0	1	0	0	1	0
LOC101928620	0	0	0	0	0	0
RP11-794P6.1	0	0	0	0	2	0
RP11-794P6.3	0	0	0	0	0	0
BTG4	0	0	0	0	0	0
MIR34B	0	0	0	0	0	0
MIR34C	0	0	0	0	0	0
LOC101928666	0	0	0	1	0	0
C11orf88	0	0	0	0	0	0
LAYN	0	0	0	1	0	3
SIK2	805	706	881	803	751	677
LOC101928690	5	8	8	3	7	3
PPP2R1B	1059	939	1174	1224	1098	909
LOC102724028	1	0	1	0	0	1
ALG9	703	597	714	697	697	499
FDXACB1	79	66	121	69	78	52
C11orf1	267	253	278	269	199	238
CRYAB	1	0	2	5	4	2
HSPB2-C11orf52	0	0	0	0	0	0
HSPB2	1	0	0	0	0	0
C11orf52	0	0	0	0	0	0
DIXDC1	220	202	258	180	131	112
DLAT	2503	2216	2793	2593	2281	1945
PIH1D2	32	44	52	32	33	36
C11orf57	756	631	784	760	675	512
TIMM8B	476	486	586	553	482	440
SDHD	2440	2200	2653	2507	2235	1752
IL18	706	722	915	757	707	528
TEX12	2	2	3	3	0	3
BCO2	20	21	31	29	31	12
PTS	433	457	551	562	499	419
PLET1	1	0	0	0	0	0
LOC100506870	5	4	9	8	5	8
LOC101928774	1	0	0	4	1	1
RP11-65M17.3	0	0	0	0	1	0
RP11-65M17.1	0	0	1	0	0	0
RP11-629G13.1	0	0	0	0	0	2
NCAM1	28	24	19	16	24	16
NCAM1-AS1	0	0	0	0	0	0
TTC12	122	102	130	118	116	91
ANKK1	0	0	1	2	3	2
DRD2	0	0	0	0	0	0
MIR4301	0	0	0	0	0	0
TMPRSS5	11	4	9	6	10	3
ZW10	980	876	1143	1021	885	769
CLDN25	0	0	0	0	0	0
USP28	1213	1000	1257	1109	1076	809
HTR3B	0	0	0	0	0	0
HTR3A	0	0	0	0	0	0
ZBTB16	0	0	0	0	0	0
LOC101928875	0	0	0	0	0	0
LOC101928916	0	0	0	0	0	0
NNMT	1	0	0	0	2	1
RP11-64D24.4	0	0	0	0	0	0
C11orf71	103	82	113	81	86	68
RBM7	1118	987	1188	1131	985	779
REXO2	693	588	779	701	594	592
NXPE1	0	0	0	0	0	0
LOC101928962	0	0	0	0	0	0
NXPE4	0	0	0	0	0	0
NXPE2	0	1	0	0	0	0
CADM1	0	0	0	0	0	0
LOC101928985	0	0	0	0	0	0
LINC00900	0	0	0	0	0	0
LOC102724165	0	0	0	0	0	0
LOC101929011	0	0	0	0	0	0
BUD13	756	667	911	786	747	626
ZNF259	1198	1047	1261	1219	1133	970
APOA5	0	0	0	0	0	0
APOA4	0	0	0	0	0	0
APOC3	0	0	0	0	0	0
APOA1	0	0	1	0	0	0
SIK3	665	575	699	713	641	551
PAFAH1B2	5683	4847	6079	5499	5054	4067
SIDT2	216	207	216	215	153	155
LOC100652768	6	2	3	4	1	7
TAGLN	350	313	388	385	355	276
PCSK7	1189	988	1262	1304	1063	899
RNF214	687	601	761	671	583	496
BACE1	897	785	1009	930	903	780
BACE1-AS	21	16	30	26	21	16
CEP164	967	837	1018	1088	852	824
DSCAML1	0	1	1	0	0	0
LOC101929039	0	0	0	0	0	0
FXYD6-FXYD2	0	0	0	0	0	0
FXYD2	0	1	0	0	0	0
FXYD6	4	2	3	4	3	4
TMPRSS13	225	196	214	235	228	167
IL10RA	6	9	6	11	11	4
TMPRSS4-AS1	0	0	0	0	0	1
TMPRSS4	320	309	298	244	279	195
SCN4B	1	4	5	12	4	9
SCN2B	0	0	0	0	0	0
AMICA1	0	0	0	1	0	0
MPZL3	217	209	239	238	201	160
MPZL2	989	844	993	799	786	586
CD3E	1	0	0	0	1	0
CD3D	0	0	0	0	0	0
CD3G	0	0	0	0	0	0
UBE4A	2127	1698	2305	2367	2193	1739
LOC100131626	2	0	1	1	0	0
ATP5L	2933	2474	3240	3258	2857	2356
KMT2A	5730	5027	6449	6263	5879	4744
LOC101929115	32	36	52	37	27	23
RP11-770J1.3	0	2	0	1	0	0
TTC36	6	5	0	7	7	2
TMEM25	276	233	337	329	309	212
IFT46	334	254	313	317	323	264
ARCN1	7109	6244	7794	8147	7115	5712
PHLDB1	823	714	894	845	695	589
MIR6716	0	0	0	0	0	0
TREH	1	0	0	1	2	1
LOC102724266	0	0	0	0	0	0
DDX6	9245	7257	9338	9466	8760	6935
CXCR5	4	0	2	3	6	7
LOC101929133	0	2	1	1	4	0
BCL9L	4927	4274	5343	5213	4588	3677
MIR4492	0	0	0	0	0	0
UPK2	117	86	100	213	187	146
FOXR1	0	2	0	2	3	0
CCDC84	226	182	258	263	253	155
RPL23AP64	39	25	31	37	28	20
RPS25	8494	7777	9666	8414	7321	6890
TRAPPC4	434	392	504	491	409	323
MIR3656	0	0	0	0	0	0
SLC37A4	399	341	469	407	344	304
HYOU1	6907	5939	7661	7609	6758	5421
VPS11	450	441	500	519	449	380
HMBS	631	552	635	588	519	396
H2AFX	3747	3375	4502	3623	3206	2331
DPAGT1	984	935	1152	1032	853	686
C2CD2L	184	165	231	231	226	169
HINFP	327	313	406	349	294	285
ABCG4	1	5	2	4	1	1
NLRX1	506	425	519	496	433	318
PDZD3	2	0	1	1	2	0
CCDC153	8	15	8	19	13	10
CBL	5004	4459	5685	5877	5238	4109
MCAM	50	59	87	159	127	106
MIR6756	0	0	0	0	0	0
RNF26	1879	1788	2249	1966	1685	1303
C1QTNF5	0	0	0	0	0	0
MFRP	0	0	0	0	0	0
USP2	15	17	34	41	13	33
USP2-AS1	22	8	27	17	12	7
THY1	0	0	0	0	2	0
PVRL1	6576	5772	7174	5490	4959	3958
LOC102724301	10	3	14	9	5	1
LOC101929156	0	0	0	0	0	1
TRIM29	5415	4627	5478	4593	4017	3289
LOC729173	1	0	0	0	0	1
OAF	519	577	591	497	390	287
POU2F3	108	88	95	62	64	55
RP11-778O17.4	0	0	0	0	0	0
TMEM136	217	192	221	189	189	185
ARHGEF12	6296	5738	6645	6462	5920	5061
GRIK4	2	5	7	4	8	0
LOC101929227	0	0	0	1	0	0
TBCEL	673	607	678	653	636	503
TECTA	7	10	8	15	6	3
SC5D	2039	1781	2058	2190	1969	1735
SORL1	1886	1752	2048	2113	1809	1511
LOC100507165	1	0	0	0	0	0
MIR100HG	47	47	31	50	24	24
MIR125B1	0	0	0	0	0	0
BLID	0	0	0	0	0	0
MIRLET7A2	0	0	0	0	0	0
MIR100	0	0	0	0	0	0
TRNAK27	0	0	0	0	0	0
UBASH3B	271	250	248	205	175	128
CRTAM	0	1	0	0	1	3
C11orf63	155	135	169	125	115	120
LOC101929267	0	0	0	0	0	0
BSX	0	0	0	0	0	0
LOC341056	8	15	13	10	9	13
HSPA8	67129	54911	69966	65452	57285	47863
SNORD14E	3	3	7	9	4	3
SNORD14D	5	14	3	10	5	13
SNORD14C	7	3	7	9	7	5
LOC101929289	6	6	14	13	7	3
CLMP	408	396	511	383	358	313
MIR4493	0	0	0	0	0	0
GRAMD1B	90	81	108	134	124	113
SCN3B	6	11	8	15	12	3
ZNF202	551	459	569	524	425	394
OR6X1	0	0	0	0	0	0
OR6M1	0	0	0	0	0	0
TMEM225	0	0	0	0	0	0
OR8D4	0	0	0	0	0	0
OR4D5	0	0	0	0	0	0
OR6T1	0	0	0	0	0	0
OR10S1	0	0	1	0	0	0
OR10G4	0	0	0	0	0	0
OR10G9	0	0	0	0	0	0
OR10G8	0	0	0	0	0	0
OR10G7	0	0	0	0	0	0
VWA5A	76	57	68	77	56	44
LOC102724410	0	0	0	0	0	0
OR8G2	0	0	0	0	0	0
OR8G1	0	0	0	0	0	0
OR8G5	0	0	0	0	0	0
OR8D1	0	0	0	0	0	0
OR8D2	0	0	0	0	0	0
OR8B2	0	0	0	0	0	0
OR8B3	0	0	0	0	0	0
OR8B4	0	0	0	0	0	0
OR8B8	0	0	0	0	0	0
OR8B12	0	0	0	0	0	0
OR8A1	0	0	0	0	0	0
PANX3	1	0	0	0	2	0
TBRG1	721	584	756	704	640	515
SIAE	399	302	416	405	381	298
SPA17	160	160	157	130	147	103
NRGN	92	79	106	90	97	68
LOC102724457	0	4	9	3	8	2
LOC102724440	3	1	4	0	4	1
VSIG2	0	2	4	8	3	3
ESAM	18	12	12	31	18	12
LOC101929340	6	10	3	10	13	5
MSANTD2	426	348	470	485	470	370
RP11-677M14.7	12	3	4	2	6	5
ROBO3	31	25	27	30	15	17
ROBO4	0	0	0	0	0	0
HEPACAM	0	0	0	0	0	0
HEPN1	0	0	0	0	0	0
CCDC15	148	109	169	169	158	103
SLC37A2	174	151	192	208	173	170
TMEM218	261	240	248	229	198	149
PKNOX2	0	2	3	1	1	1
FEZ1	562	505	619	741	558	515
MGC39545	0	0	0	0	0	0
EI24	4596	4055	4938	4929	4618	3521
STT3A	4775	4019	5045	4978	4363	3568
CHEK1	1878	1586	2034	1811	1633	1447
ACRV1	8	8	8	16	11	14
PATE1	0	0	0	0	0	0
PATE2	0	1	0	0	0	0
PATE3	0	0	0	1	2	0
PATE4	0	0	0	0	0	0
HYLS1	361	305	384	356	296	263
PUS3	265	256	286	233	276	223
DDX25	0	3	0	3	0	0
RP11-680F20.6	0	0	0	0	0	1
CDON	94	91	142	146	137	99
RPUSD4	519	438	546	521	469	414
FAM118B	308	270	380	354	341	263
SRPR	4107	3622	4723	4548	3919	3460
FOXRED1	1017	856	1107	1208	1074	816
TIRAP	118	88	112	131	117	114
DCPS	435	380	444	460	381	304
ST3GAL4-AS1	13	14	16	14	12	10
ST3GAL4	254	225	311	320	271	239
KIRREL3	0	1	1	3	0	0
LOC101929427	0	0	0	0	0	0
KIRREL3-AS2	0	0	0	0	0	0
MIR3167	0	0	0	0	0	0
KIRREL3-AS3	0	0	0	0	0	0
RP11-480C22.1	0	0	0	0	0	0
ETS1	4782	4231	5472	5228	4880	3934
MIR6090	0	1	3	0	0	2
RP11-1007G5.2	0	0	0	0	0	0
LOC101929538	1	0	0	1	0	1
FLI1	174	153	197	196	174	123
SENCR	20	16	16	6	11	3
KCNJ1	13	9	7	9	4	8
KCNJ5	7	6	5	6	7	5
C11orf45	259	242	304	294	228	188
TP53AIP1	6	3	14	10	9	17
ARHGAP32	3991	3389	4008	3702	3394	2813
BARX2	452	378	526	533	484	440
LOC101929557	4	0	1	1	1	1
TMEM45B	18	9	21	22	20	25
NFRKB	2647	2291	2927	3007	2610	1950
PRDM10	846	637	767	782	666	507
LINC00167	4	3	2	4	2	1
APLP2	27685	23490	29353	31917	28881	24144
ST14	5299	4745	6137	5853	5258	3967
ZBTB44	3119	2539	3188	3012	2678	2264
ADAMTS8	0	1	0	1	0	0
ADAMTS15	10	7	8	23	19	24
MIR8052	0	0	0	0	0	0
C11orf44	0	0	0	0	0	0
RP11-890B15.2	118	113	147	143	157	156
SNX19	3561	3029	3995	3644	3305	2651
NTM	0	0	0	0	0	0
AP003025.2	2	0	0	0	0	0
LOC101929637	0	0	0	0	0	0
NTM-IT	0	0	0	0	0	0
OPCML	0	0	0	0	0	0
LOC102724644	0	0	0	0	0	0
SPATA19	0	0	0	0	0	0
MIR4697HG	66	45	53	54	60	55
MIR4697	0	0	0	0	0	0
IGSF9B	46	25	50	51	43	34
RP11-713P17.3	0	0	1	0	1	0
JAM3	91	71	109	116	94	76
NCAPD3	7175	6180	7872	7366	6691	5405
VPS26B	2029	1681	2199	2212	1912	1693
THYN1	1212	1020	1374	1224	1038	874
ACAD8	855	733	923	1076	886	747
GLB1L3	0	1	0	0	0	2
GLB1L2	15	21	23	16	22	10
B3GAT1	13	15	31	16	11	2
LOC283177	0	0	0	0	0	0
LOC100507548	0	0	0	0	0	0
LOC102724828	93	94	116	92	78	70
LOC102724852	28	13	14	18	14	14
LOC100288778	0	0	0	0	0	0
LOC102723520	4	1	0	0	0	0
FAM138D	0	0	0	0	0	0
IQSEC3	2	0	0	2	0	0
RP11-598F7.4	0	0	0	0	0	0
SLC6A12	23	12	16	26	18	17
LOC101929384	0	1	2	2	0	0
SLC6A13	46	30	29	40	26	28
LOC102723544	0	0	1	0	1	1
KDM5A	7851	6589	8224	8041	7164	5982
CCDC77	511	430	496	470	446	385
B4GALNT3	42	28	48	31	21	23
NINJ2	275	202	256	234	197	162
LOC101929432	0	0	0	0	0	0
WNK1	21951	18550	23356	22401	20608	16968
RAD52	897	769	910	889	768	624
ERC1	9466	8319	10322	9798	8791	7330
LOC101929449	0	1	2	0	0	0
LINC00942	21	11	16	10	8	14
FBXL14	649	534	769	707	608	457
WNT5B	16	18	21	19	15	15
LOC102723583	2	1	1	1	1	7
MIR3649	0	0	0	0	0	0
LOC102723599	0	0	0	0	0	0
ADIPOR2	10382	9480	11540	10825	9951	8130
CACNA2D4	2	1	6	4	5	4
LRTM2	1	2	4	2	4	4
LINC00940	0	0	0	0	0	0
DCP1B	124	117	160	117	102	84
CACNA1C	4	2	3	5	6	6
CACNA1C-AS4	0	0	0	0	0	0
CACNA1C-IT3	0	0	0	0	0	0
CACNA1C-AS1	0	0	0	0	0	0
RP11-885B4.2	3	0	2	3	1	0
FKBP4	12966	10892	13996	13107	11404	9243
ITFG2	541	453	543	601	510	432
NRIP2	79	65	77	100	70	57
LOC100507424	34	23	37	26	47	32
LOC101929469	47	53	58	50	40	33
FOXM1	8734	7143	9605	9546	8467	6869
RHNO1	2875	2399	3154	2839	2607	2099
TULP3	1610	1344	1812	1699	1583	1412
TEAD4	921	802	1037	972	727	648
TSPAN9	1219	1182	1331	1317	1277	1058
PRMT8	1	3	5	1	3	3
LOC100129223	0	0	0	0	0	3
EFCAB4B	678	587	681	668	518	385
LOC102723813	0	0	0	0	0	0
PARP11	776	629	832	635	664	528
CCND2	1685	1475	2039	1198	1025	820
C12orf5	1522	1370	1629	1984	1668	1360
FGF23	0	0	0	0	2	0
FGF6	0	0	0	0	0	0
C12orf4	1528	1287	1715	1737	1560	1314
RAD51AP1	2197	1801	2341	2101	1980	1675
DYRK4	552	464	560	562	475	422
AKAP3	47	39	51	33	44	40
NDUFA9	3896	3435	4273	4146	3679	2887
RP11-234B24.2	0	0	1	1	2	1
GALNT8	0	0	0	1	0	0
KCNA6	0	0	0	0	1	0
KCNA1	0	0	0	0	0	0
LOC102723667	0	0	0	0	0	0
LOC100507560	0	0	0	0	0	0
KCNA5	0	0	0	0	0	0
RP11-319E16.1	2	1	1	5	3	1
NTF3	44	28	25	33	25	39
LOC102723756	4	0	7	9	2	3
ANO2	22	11	15	18	19	8
VWF	294	233	295	436	368	321
CD9	14016	12558	15331	14207	12320	10016
LOC102723767	6	1	1	2	0	0
PLEKHG6	294	242	303	215	183	151
TNFRSF1A	4232	3476	4257	3857	3152	2671
SCNN1A	2884	2631	3102	2498	2218	1830
LTBR	4812	4253	5424	4396	3871	3130
CD27-AS1	127	113	148	132	137	95
CD27	12	3	1	10	7	7
TAPBPL	463	342	444	315	301	240
VAMP1	323	248	297	273	247	228
MRPL51	3621	3004	3794	3823	3328	2889
NCAPD2	13707	11239	14619	12142	10932	8439
SCARNA10	9	6	10	8	6	11
GAPDH	140270	122897	160557	152137	133691	109039
IFFO1	21	10	10	17	14	10
NOP2	3393	2933	3696	3415	3146	2502
LOC100127974	2	3	3	2	8	3
CHD4	16450	13773	18001	17684	16094	13557
SCARNA11	1	0	0	1	2	0
LPAR5	39	37	42	50	54	39
ACRBP	5	6	12	8	7	9
ING4	422	391	432	358	314	285
ZNF384	2458	2016	2442	2492	2102	1889
PIANP	3	0	7	5	6	7
COPS7A	1842	1591	1986	1866	1460	1283
MLF2	7266	6498	8114	7374	6559	5192
PTMS	3902	3530	4184	3637	3394	3513
LAG3	5	9	10	6	2	4
CD4	0	0	0	0	0	0
GPR162	3	0	0	2	2	0
LEPREL2	1	2	5	3	5	8
GNB3	50	62	63	58	55	57
CDCA3	1063	1019	1392	991	864	708
USP5	5211	4391	5739	5031	4270	3532
TPI1	23075	19421	25348	23749	20811	16903
SPSB2	287	214	290	249	209	198
RPL13P5	87	79	104	68	85	64
DSTNP2	200	201	242	176	161	117
LRRC23	120	114	142	96	70	66
ENO2	615	545	724	719	642	557
ATN1	8158	6872	8341	8175	6985	6031
RNU7-1	18	11	21	22	22	14
C12orf57	1286	1145	1423	1203	1104	872
PTPN6	1468	1127	1360	1363	1230	952
MIR200C	2	0	1	0	0	1
MIR141	10	10	13	13	6	5
PHB2	7657	6620	8636	7524	6679	5558
SCARNA12	10	12	22	30	17	13
EMG1	1530	1291	1561	1713	1493	1165
LPCAT3	2628	2242	2866	2587	2321	1792
C1S	403	277	340	308	298	237
C1R	68	82	73	69	79	47
C1R_1	124	94	114	83	73	65
C1RL	625	484	602	590	553	464
C1RL-AS1	480	383	426	456	392	391
RBP5	93	69	120	111	114	116
CLSTN3	1445	1191	1483	1783	1434	1256
LOC101927850	39	35	41	50	42	50
PEX5	1509	1415	1714	1457	1439	1129
ACSM4	0	0	0	1	1	0
LOC101927882	0	0	0	0	0	0
CD163L1	17	12	10	24	31	12
CD163	0	1	0	0	0	0
APOBEC1	0	0	0	0	0	0
GDF3	0	0	0	0	0	0
DPPA3	0	0	0	0	0	0
CLEC4C	0	0	0	0	0	0
NANOGNB	0	0	0	0	0	0
NANOG	0	0	0	0	0	0
SLC2A14	1	4	2	1	2	1
SLC2A3	45	47	50	68	45	52
FOXJ2	2069	1745	2282	1963	1749	1491
C3AR1	1	1	1	0	2	2
NECAP1	1025	924	1115	1158	1029	817
CLEC4A	8	9	10	5	14	8
POU5F1P3	3	3	1	2	1	9
ZNF705A	0	1	1	3	3	0
FAM66C	27	28	25	30	20	19
FAM90A1	3	0	12	5	2	3
LOC101060060	2	1	3	0	0	0
FAM86FP	76	79	102	95	83	77
RP11-266K4.9	0	2	4	1	4	2
LINC00937	0	1	0	1	1	0
CLEC6A	0	0	0	0	0	0
CLEC4D	0	0	0	0	0	0
CLEC4E	0	0	0	0	0	0
AICDA	0	0	0	0	1	0
MFAP5	4	0	4	2	7	4
RIMKLB	732	618	811	807	714	594
A2ML1	9	4	4	4	8	8
PHC1	571	539	717	594	544	441
M6PR	4760	3808	5109	4304	3960	3354
KLRG1	16	16	7	7	5	9
LINC00612	2	3	5	5	3	2
A2M-AS1	18	9	15	10	17	9
A2M	4	1	2	0	0	3
PZP	0	0	0	0	0	0
A2MP1	0	0	0	1	0	0
MIR1244-1	28	46	28	18	33	27
LINC00987	176	279	201	206	196	234
LOC642846	301	227	315	287	216	235
LOC102723921	1	0	0	0	0	0
LOC101930452	1	3	2	7	2	0
LOC101928030	0	0	0	0	0	1
LOC728715	75	63	81	91	77	58
DDX12P	742	646	795	744	617	543
LOC102724702	4	0	2	1	1	2
OVOS	27	16	25	20	17	16
LOC102724747	4	1	3	6	2	0
KLRB1	2	0	4	3	0	0
LOC374443	165	100	146	127	123	111
LOC101928054	94	73	78	62	50	36
CLEC2D	176	153	131	175	184	172
CLECL1	3	0	0	0	0	0
CD69	0	0	0	0	0	0
KLRF1	0	0	0	0	0	0
CLEC2B	497	341	487	410	339	333
KLRF2	1	0	0	0	1	1
CLEC2A	0	0	0	0	0	0
LOC100506159	0	0	0	0	0	1
FLJ46363	24	13	15	18	18	16
CLEC12A	23	20	28	14	15	19
CLEC1B	0	2	1	1	0	0
CLEC12B	1	1	0	2	0	2
LOC102724020	0	0	0	0	0	0
CLEC9A	0	1	0	0	0	0
CLEC1A	0	2	0	0	1	0
CLEC7A	86	56	59	52	24	25
OLR1	140	103	144	174	165	146
TMEM52B	20	13	19	9	6	12
LOC102724029	0	0	0	0	0	1
GABARAPL1	605	557	595	471	532	427
KLRD1	1	2	0	0	1	2
RP11-277P12.20	36	43	52	28	29	30
KLRC4-KLRK1	0	0	0	0	1	0
KLRK1	1	0	0	0	0	0
KLRC4	1	0	0	0	0	0
KLRC3	2	2	4	4	5	3
KLRC2	4	0	3	4	2	4
KLRC1	0	1	1	1	0	0
LOC101060038	0	0	0	0	2	0
KLRAP1	74	57	74	96	83	74
MAGOHB	1448	1259	1545	1484	1300	1139
STYK1	153	103	126	130	115	96
YBX3	14534	12758	15603	14340	12510	10367
LOC101928162	0	0	0	0	0	0
TAS2R7	0	0	0	0	0	0
TAS2R8	0	0	0	0	0	0
TAS2R9	0	0	0	0	0	0
TAS2R10	0	0	0	0	0	0
PRH1-PRR4	4	1	2	0	1	0
PRR4	0	0	0	0	0	0
PRH1	0	0	0	0	0	0
TAS2R13	0	0	0	0	0	0
PRH2	0	0	0	0	0	0
TAS2R14	0	0	0	0	0	0
TAS2R50	0	0	0	0	0	0
TAS2R20	1	0	0	0	0	0
TAS2R19	0	0	0	0	0	0
TAS2R31	0	0	0	0	0	0
TAS2R46	0	0	0	0	0	0
TAS2R43	0	0	0	0	0	0
TAS2R30	0	0	0	0	0	0
LOC100129361	0	0	0	0	0	0
TAS2R42	0	0	0	0	0	0
PRB3	0	0	0	0	0	0
PRB4	0	0	0	0	0	0
PRB1	0	0	0	0	0	0
PRB2	0	1	0	0	0	0
RP11-434C1.1	35	31	37	33	32	28
ETV6	1929	1759	2003	1925	1629	1222
LOC101928186	0	0	0	1	0	0
LOC102724106	0	2	0	0	1	1
BCL2L14	12	20	22	11	12	16
MIR1244-2	12	11	7	5	5	6
LRP6	3736	3287	4109	3968	3690	2980
MANSC1	367	319	380	386	353	339
LOH12CR2	28	22	17	19	16	17
LOH12CR1	142	138	157	144	120	102
DUSP16	977	770	956	790	722	552
CREBL2	1877	1543	1891	1768	1680	1365
GPR19	80	61	91	75	52	59
LOC101929220	2	1	10	2	1	1
CDKN1B	2362	1908	2553	2163	1930	1550
APOLD1	332	259	330	331	290	255
MIR613	0	0	3	1	1	3
DDX47	3597	3231	4084	3887	3528	2767
RPL13AP20	69	93	68	82	81	108
GPRC5A	3926	3250	3800	5040	4241	3233
MIR614	185	130	209	232	207	126
GPRC5D	16	21	21	36	22	24
HEBP1	652	543	697	619	597	488
RP11-392P7.6	192	143	192	175	190	113
HTR7P1	148	149	149	186	185	152
KIAA1467	896	761	945	888	782	636
GSG1	0	1	3	1	0	2
EMP1	3337	3112	3688	3852	3457	3034
C12orf36	5	4	1	7	2	3
GRIN2B	8	6	8	9	4	3
ATF7IP	3844	2951	3600	3814	3641	2832
PLBD1	855	667	831	704	576	559
LOC101928317	1	1	1	0	0	1
RP11-695J4.2	73	68	92	67	54	54
GUCY2C	58	57	53	62	49	57
HIST4H4	45	33	36	30	31	19
H2AFJ	2146	1776	2386	2149	1914	1505
WBP11	7119	5912	7889	7024	6384	5448
C12orf60	72	52	57	61	81	39
SMCO3	2	3	6	2	2	0
ART4	1	0	0	0	0	0
MGP	0	4	4	0	2	1
ERP27	10	11	18	20	18	11
ARHGDIB	2515	2004	2558	2894	2619	2320
PDE6H	0	0	0	0	0	0
RP11-508P1.2	0	0	0	0	0	0
RERG	3	0	4	0	0	0
RERG-AS1	0	0	0	0	0	0
PTPRO	2	0	0	1	0	1
EPS8	2675	2394	3101	2617	2399	2042
LOC102724146	0	4	2	2	4	4
STRAP	11481	10404	13398	12601	11189	9126
DERA	2411	2145	2738	2366	2220	1764
SLC15A5	0	0	0	0	0	0
LOC102724185	0	0	0	0	0	0
LOC101928362	0	0	0	0	0	0
MGST1	5787	4942	6297	5522	4817	3932
LMO3	13	20	13	11	12	7
LOC102724196	10	6	15	13	19	11
SKP1P2	17	36	16	38	37	26
LOC102724204	0	0	0	0	0	0
MIR3974	0	0	0	0	0	0
RERGL	0	0	0	1	0	0
PIK3C2G	28	23	29	20	17	15
PLCZ1	0	0	0	0	0	0
CAPZA3	0	0	1	2	2	0
LOC102724227	0	0	0	0	0	0
PLEKHA5	2015	1745	2222	1783	1637	1401
AEBP2	4730	4042	4849	4357	4041	3246
LOC101928387	0	1	0	0	1	0
RP11-664H17.1	0	0	0	0	0	0
LOC102724247	0	0	0	0	0	0
PDE3A	27	28	32	30	22	31
SLCO1C1	3	5	2	5	5	2
SLCO1B3	1181	1102	1322	1114	1009	926
SLCO1B7	93	61	81	61	58	50
SLCO1B1	14	8	13	25	19	19
SLCO1A2	243	242	291	224	216	191
IAPP	0	0	0	0	1	2
PYROXD1	402	349	508	410	357	299
RECQL	2954	2512	3071	2941	2613	2200
GOLT1B	3309	2894	3387	3309	2988	2419
C12orf39	6	12	7	8	11	2
GYS2	23	16	22	22	9	11
LDHB	41084	36447	46290	42764	37505	30675
LOC102724261	0	0	0	0	0	0
KCNJ8	13	17	18	14	13	7
ABCC9	15	15	5	6	1	3
LOC102724274	0	0	0	0	0	0
CMAS	1891	1611	2086	1964	1837	1553
ST8SIA1	0	2	1	0	3	0
LOC101928412	3	0	0	0	1	0
C2CD5	3148	2616	3270	2892	2715	2280
ETNK1	5118	4295	4715	4880	4441	3567
RP11-153K16.1	0	0	1	0	0	0
SOX5	1	1	1	3	0	1
MIR920	0	0	0	0	0	0
RP11-778H2.1	0	0	0	0	0	0
LINC00477	0	0	0	0	0	0
BCAT1	5538	5045	6221	4467	4182	3104
LOC102724371	0	0	0	0	1	0
C12orf77	0	0	0	0	0	0
LOC645177	0	0	0	0	0	0
LRMP	3	1	1	2	4	0
CASC1	4	6	4	11	6	10
LYRM5	422	446	522	497	448	420
KRAS	6358	5371	6704	5997	5314	4334
IFLTD1	0	0	0	3	2	4
MIR4302	0	0	0	0	0	0
RASSF8-AS1	37	31	46	48	42	34
RASSF8	1521	1269	1656	1368	1378	1071
BHLHE41	23	27	24	37	30	14
SSPN	250	216	256	196	233	179
LOC101928554	0	0	0	0	0	0
ITPR2	1554	1225	1681	1583	1369	1141
ASUN	2649	2188	2794	2768	2444	2071
FGFR1OP2	2197	1931	2276	2043	1928	1667
TM7SF3	3445	3175	3887	3427	3094	2527
MED21	2715	2331	2871	2665	2380	1967
LOC101928625	0	0	4	1	3	0
C12orf71	0	1	0	1	1	0
LOC729222	1	2	1	5	10	5
STK38L	2327	2115	2524	2307	2215	1779
ARNTL2	4639	4425	4995	3715	3327	2589
RP11-165P7.1	0	5	4	0	1	0
SMCO2	16	17	16	8	13	2
PPFIBP1	5124	4601	5862	4468	4099	3218
REP15	27	31	30	23	14	14
MRPS35	4075	3585	4407	4085	3627	3001
MANSC4	1	1	1	2	0	1
KLHL42	2199	1846	2197	2340	2148	1713
PTHLH	91	65	79	112	85	73
LOC729291	29	38	43	27	32	27
CCDC91	1799	1531	1845	1761	1628	1424
LOC101928705	8	3	10	6	14	0
LOC101928735	0	0	0	0	0	0
FAR2	414	367	466	419	421	335
RP11-996F15.2	11	8	8	6	9	11
ERGIC2	2859	2215	2956	2919	2491	2227
OVCH1-AS1	2	2	1	1	2	1
LOC101928800	0	0	0	0	0	0
OVCH1	0	0	1	0	0	1
TMTC1	190	158	183	165	179	178
IPO8	4317	3620	4663	4110	3600	2928
CAPRIN2	830	724	850	978	779	684
LOC645485	0	0	0	1	0	2
LINC00941	101	74	94	134	113	110
TSPAN11	0	5	3	3	2	2
DDX11-AS1	31	17	42	24	27	12
DDX11	2664	2224	3000	2588	2210	1759
OVOS2	1	2	1	0	3	1
FAM60A	0	1	1	2	0	0
FLJ13224	0	0	0	0	0	0
LOC101929027	0	0	0	0	0	0
LOC102724561	0	1	0	0	0	0
DENND5B	2263	1972	2562	2676	2358	1848
DENND5B-AS1	15	16	9	11	10	18
METTL20	33	23	41	27	26	25
AMN1	418	369	500	396	339	312
LOC102724599	0	1	3	1	2	0
LOC102724590	0	0	0	0	0	0
H3F3C	84	159	117	95	102	132
KIAA1551	2626	2023	2676	2425	2189	1761
LOC102724618	0	2	1	1	3	0
BICD1	938	809	966	921	871	692
FGD4	2580	2316	2797	2726	2569	2178
DNM1L	8609	7516	9275	8803	7816	6718
YARS2	1725	1540	2039	1871	1654	1270
PKP2	3349	2682	3316	3428	3003	2465
SYT10	3	6	2	3	8	3
ALG10	864	751	996	941	860	705
LOC102724629	5	7	4	4	1	6
ALG10B	1032	945	1048	1058	916	815
CPNE8	681	609	723	715	583	518
KIF21A	1553	1230	1596	1637	1489	1318
LOC101927019	4	6	5	2	1	0
ABCD2	1	0	1	1	1	2
C12orf40	0	0	0	0	0	0
SLC2A13	496	455	363	166	150	164
LOC101930164	0	0	0	0	0	0
LRRK2	75	57	58	72	57	38
MUC19	0	0	0	0	0	0
CNTN1	439	413	499	489	474	391
PDZRN4	1	0	0	0	0	0
LOC101927038	0	0	0	0	0	0
GXYLT1	1141	937	1124	1186	1098	847
YAF2	364	328	443	373	373	291
ZCRB1	1931	1592	2012	1665	1534	1357
MIR7851	1	2	0	6	1	0
PPHLN1	2377	2060	2503	2447	2121	1804
PRICKLE1	90	81	119	130	111	94
LOC102723735	0	2	3	2	0	1
RP11-609L23.1	0	0	0	0	0	0
ADAMTS20	78	57	69	58	57	18
PUS7L	921	687	904	971	900	719
IRAK4	614	479	621	565	530	417
TWF1	6341	5132	6630	6646	6048	4893
TMEM117	347	296	319	320	267	250
NELL2	209	199	243	208	181	184
DBX2	0	0	0	0	0	0
RACGAP1P	4	12	10	9	9	7
PLEKHA8P1	60	68	73	74	58	59
ANO6	3920	3454	4597	4337	3775	3165
LINC00938	266	204	254	269	200	166
ARID2	3274	2854	3623	3566	3197	2450
SCAF11	6303	5314	6484	5950	5520	4767
SLC38A1	12198	11001	14095	11002	10078	8145
SLC38A2	10998	9220	10860	9725	8740	7031
LOC102723757	0	0	0	1	2	0
RP11-96H19.1	13	20	18	18	28	17
SLC38A4	2	1	0	0	0	0
AMIGO2	189	160	190	201	175	104
LOC102724147	0	0	1	0	1	1
PCED1B	28	29	27	19	10	5
MIR4698	0	0	0	0	0	0
PCED1B-AS1	0	2	2	0	0	1
LOC101927116	0	0	2	2	1	2
MIR4494	0	0	0	0	0	0
LOC101927135	5	2	3	3	2	3
RPAP3	1833	1575	2036	2038	1753	1491
ENDOU	0	1	6	1	3	3
RAPGEF3	156	158	141	165	158	126
SLC48A1	1149	1015	1094	918	853	649
HDAC7	1394	1159	1435	1379	1209	1011
VDR	1987	1672	2089	1884	1739	1470
TMEM106C	2611	2226	3007	2650	2371	2044
COL2A1	5	7	14	7	21	6
LOC728114	0	0	0	0	0	1
SENP1	1905	1753	2262	2154	1964	1606
LOC101927180	1	0	1	3	0	1
PFKM	2169	1861	2386	2375	1937	1574
MIR6505	0	0	0	1	0	0
ASB8	671	537	729	727	659	515
LOC102723858	0	0	0	0	0	1
C12orf68	13	7	6	11	3	6
OR10AD1	0	0	0	0	0	0
H1FNT	1	0	1	0	0	0
ZNF641	495	379	453	461	417	332
LOC102723866	2	2	0	4	1	1
ANP32D	16	16	17	14	10	16
C12orf54	3	7	5	13	12	8
OR8S1	0	0	1	1	0	0
LALBA	0	0	0	0	0	0
KANSL2	1674	1391	1833	1782	1551	1263
SNORA34	14	3	12	14	13	2
SNORA2A	2	6	0	4	3	1
SNORA2B	1	1	2	1	5	3
CCNT1	3333	3017	3524	3734	3204	2659
LINC00935	0	0	0	0	0	0
ADCY6	2113	1858	2220	2154	1890	1432
MIR4701	4	2	1	0	2	4
RP11-579D7.4	8	6	4	6	5	1
LOC102723881	0	0	0	0	0	0
LOC101927241	0	0	3	2	1	0
CACNB3	354	311	412	374	339	297
DDX23	4084	3671	4629	4184	3813	3134
RND1	15	18	13	27	17	12
CCDC65	28	26	24	38	42	33
FKBP11	389	336	483	379	353	278
ARF3	10336	8979	11419	10951	9526	7829
WNT10B	113	98	125	130	122	72
LOC102723907	0	0	0	0	0	0
WNT1	0	0	0	0	0	0
DDN	189	149	191	161	129	107
PRKAG1	1233	1257	1473	1236	1117	1012
KMT2D	7164	6401	7768	7868	6899	5770
RHEBL1	44	27	36	16	15	15
DHH	0	0	1	1	1	0
LMBR1L	177	181	208	166	152	128
TUBA1B	41634	35549	47497	40799	36000	27931
TUBA1A	711	655	808	768	653	576
LOC102723916	1	0	0	0	0	0
TUBA1C	14683	12811	17142	16042	14261	11507
RP11-161H23.9	15	10	15	37	19	17
PRPH	1	2	2	3	0	1
TROAP	1694	1439	2099	1831	1589	1293
C1QL4	9	9	14	8	5	5
DNAJC22	48	31	48	52	67	41
SPATS2	1835	1542	1996	1909	1698	1438
LOC100335030	14	14	6	12	18	16
KCNH3	5	13	10	11	14	12
MCRS1	1594	1489	1797	1648	1452	1177
FAM186B	32	21	32	37	22	21
PRPF40B	231	191	273	281	195	182
FMNL3	309	283	350	323	282	243
TMBIM6	39546	34611	42338	40865	36727	30216
NCKAP5L	588	526	693	719	643	442
BCDIN3D-AS1	30	26	24	25	12	19
BCDIN3D	57	64	58	54	60	49
FAIM2	1	0	0	0	1	0
RP11-70F11.11	0	0	0	0	0	0
RP11-70F11.8	0	0	0	0	0	0
LOC102723941	0	0	0	0	0	0
AQP2	2	0	0	0	0	0
LOC101927318	0	0	0	0	0	0
AQP5	1	3	0	0	0	0
AQP6	5	8	5	7	4	4
LOC102723963	1	0	0	0	1	0
RACGAP1	5395	4810	5968	5047	4503	3717
ASIC1	162	147	196	159	139	121
SMARCD1	3081	2558	3407	3128	2767	2413
GPD1	0	0	1	1	6	1
COX14	387	327	443	417	332	287
CERS5	636	599	731	660	611	524
LOC101927340	13	19	22	14	16	16
LIMA1	4334	3685	4789	4749	4242	3584
MIR1293	0	0	1	1	0	0
FAM186A	12	9	8	9	10	4
LARP4	4803	3949	4920	4578	4304	3481
DIP2B	3091	2767	3436	3242	2988	2477
ATF1	1124	914	1104	1066	942	801
TMPRSS12	0	0	0	0	0	0
METTL7A	290	263	283	214	207	207
HIGD1C	1	1	1	3	1	0
SLC11A2	1341	1103	1442	1239	1131	876
LETMD1	650	637	741	694	608	456
CSRNP2	795	729	917	962	823	805
TFCP2	1584	1363	1645	1633	1528	1305
POU6F1	92	97	112	80	80	61
DAZAP2	8899	7902	9874	8594	7741	6698
SMAGP	384	339	474	390	344	315
LOC102723983	26	28	42	18	19	15
BIN2	0	0	0	1	0	0
CELA1	0	0	0	0	0	0
GALNT6	369	389	480	529	443	328
SLC4A8	46	31	33	48	44	36
SCN8A	240	247	312	287	273	218
FIGNL2	20	9	12	14	12	10
ANKRD33	0	0	0	0	0	0
ACVRL1	1	0	1	0	2	2
ACVR1B	1207	1027	1369	1115	964	833
GRASP	3	5	4	6	3	7
LOC102723998	0	0	1	1	0	0
NR4A1	716	565	681	838	777	586
C12orf44	917	694	981	914	831	594
KRT80	4105	3431	4878	5681	4984	3885
C12orf80	5	2	8	8	6	4
LINC00592	11	27	25	22	15	12
KRT7	1357	985	1435	2269	1937	1618
KRT86	92	61	102	110	84	88
KRT81	21	33	44	113	79	67
KRT83	7	12	10	29	15	9
KRT85	0	0	0	1	2	4
KRT84	0	0	2	0	0	0
KRT82	0	0	0	0	0	0
KRT75	23	11	19	35	34	20
KRT6B	9	17	5	7	9	2
KRT6C	0	1	3	1	2	0
KRT6A	2212	2164	2141	2567	2386	1904
KRT5	124709	103602	135243	121946	106956	91221
KRT71	1	1	1	1	2	0
KRT74	7	5	10	12	10	12
KRT72	0	0	0	0	1	1
KRT73	0	0	1	0	0	0
KRT73-AS1	0	0	0	0	0	0
KRT2	0	0	0	1	0	0
KRT1	0	1	3	0	1	2
KRT77	0	1	0	2	0	0
KRT76	0	0	1	1	0	0
KRT3	30	12	18	19	12	11
KRT4	835	667	739	715	655	660
KRT79	3	1	3	3	10	6
KRT78	10	7	14	29	15	11
KRT8	50543	39765	56000	73482	63152	53139
KRT18	23853	18561	26504	38206	32202	27517
EIF4B	16329	13676	17708	14622	13223	11009
RP11-983P16.4	33	34	49	24	43	37
TENC1	128	90	168	156	117	96
MIR6757	0	0	0	0	0	0
SPRYD3	657	674	846	550	511	385
IGFBP6	1668	1495	1732	1386	1129	1033
SOAT2	2	1	4	3	1	1
CSAD	180	149	190	219	196	164
ZNF740	1609	1348	1730	1512	1315	1188
ITGB7	63	58	61	59	57	26
RARG	4899	4234	5045	3975	3587	2858
MFSD5	438	433	562	511	399	323
ESPL1	2553	2384	2905	2392	2103	1603
PFDN5	3069	2550	3353	3113	2773	2248
C12orf10	669	576	708	635	526	448
AAAS	1107	1000	1211	1062	915	770
SP7	1	0	0	0	0	0
SP1	6778	5311	6748	5741	5369	4209
AMHR2	0	0	0	0	0	1
PRR13	2415	2045	2639	2531	2242	1878
PCBP2	18818	16174	20471	18713	16808	14061
PCBP2-OT1	6	7	2	10	4	5
MAP3K12	194	149	194	240	208	183
TARBP2	440	401	470	503	420	328
NPFF	15	24	16	19	13	11
ATF7	1243	1117	1348	1264	1231	946
RP11-793H13.3	0	2	0	2	0	1
ATP5G2	1992	1850	2242	1720	1582	1275
CALCOCO1	343	292	317	328	261	283
CISTR	0	0	0	0	0	0
HOXC13-AS	39	14	23	21	28	22
HOXC13	152	121	146	194	123	98
HOXC12	25	17	25	24	10	14
HOTAIR	72	59	58	54	65	38
HOXC11	209	180	202	200	120	116
HOXC-AS3	22	17	20	18	12	6
HOXC10	639	577	672	572	565	492
MIR196A2	0	0	3	0	0	0
HOXC-AS2	34	34	30	34	19	22
HOXC-AS1	29	35	26	17	21	12
HOXC9	125	136	137	113	126	104
HOXC8	185	174	176	170	140	173
HOXC4	564	479	629	483	456	345
HOXC5	85	62	83	79	71	44
HOXC6	253	187	242	258	268	232
MIR615	0	1	0	0	0	0
FLJ12825	27	20	27	21	15	13
LOC100240735	0	3	5	0	0	2
LOC100240734	0	0	0	0	0	0
LOC400043	124	105	108	95	99	65
LOC102724030	5	2	8	2	2	2
SMUG1	620	516	711	694	614	462
CBX5	24175	19329	24729	25965	24048	18359
MIR3198-2	0	0	0	0	0	0
HNRNPA1	37447	30565	40113	33995	30570	26612
NFE2	15	12	15	11	10	4
COPZ1	4706	4027	5347	5088	4422	3637
MIR148B	0	0	1	0	0	1
GPR84	1	0	3	3	2	0
ZNF385A	3238	2874	3570	3459	2905	2442
ITGA5	1120	1166	1457	1161	984	780
LOC102724050	0	0	0	0	0	1
GTSF1	2	0	0	0	0	0
NCKAP1L	2	1	5	2	0	1
PDE1B	0	0	4	0	2	3
PPP1R1A	0	0	0	0	1	1
GLYCAM1	0	0	0	0	0	0
LACRT	0	0	0	0	0	0
DCD	0	0	0	0	0	0
MUCL1	0	1	0	0	0	1
TESPA1	0	0	0	0	1	0
NEUROD4	0	0	0	2	0	0
LOC101927484	0	0	0	0	0	0
OR9K2	2	0	0	0	0	0
OR10A7	0	0	0	0	0	0
OR6C74	0	0	0	0	0	0
OR6C6	0	0	0	0	0	0
OR6C1	0	0	0	0	0	0
OR6C3	0	0	0	0	0	0
OR6C75	0	0	0	0	0	0
OR6C65	0	0	0	0	0	0
OR6C76	0	0	0	0	0	0
LOC102724074	3	2	4	0	4	0
OR6C2	0	0	0	0	1	0
OR6C70	0	0	2	0	0	0
OR6C68	0	0	0	0	0	0
OR6C4	0	0	0	0	0	0
OR2AP1	0	0	0	0	0	0
OR10P1	0	0	0	0	0	0
METTL7B	2	1	5	7	2	3
ITGA7	15	13	16	29	23	16
BLOC1S1-RDH5	0	0	0	0	0	0
BLOC1S1	100	104	100	99	92	91
RDH5	5	2	3	8	4	6
CD63	6110	5304	6816	6902	6003	5350
GDF11	1034	961	1192	1460	1277	1130
SARNP	1511	1206	1705	1520	1365	1265
ORMDL2	792	690	877	890	800	635
DNAJC14	2646	2284	2778	2538	2272	1818
TMEM198B	140	108	161	181	183	139
MMP19	12	9	10	19	31	16
LOC102724095	0	0	0	0	0	0
WIBG	841	659	884	851	819	634
LOC102724112	37	35	50	29	45	19
DGKA	1611	1354	1550	1579	1361	1090
PMEL	106	88	143	124	110	88
CDK2	4008	3426	4550	4313	3758	3144
RAB5B	5435	4532	5725	5791	5354	4374
SUOX	585	519	602	655	568	434
IKZF4	417	377	494	442	353	301
RPS26	4593	3802	5183	5168	4338	3521
ERBB3	3029	2696	3185	3191	2817	2416
PA2G4	13477	11638	14995	12881	11778	9909
RPL41	11132	8927	11500	10037	8858	8826
ZC3H10	202	182	219	185	167	144
ESYT1	4411	3831	4968	5164	4457	3678
MYL6B	1319	1070	1460	1373	1194	1006
MYL6	16407	14124	17740	18110	15906	13849
SMARCC2	5529	4707	5704	4940	4468	3788
TRNAS11	0	0	0	0	0	0
RNF41	1971	1717	2262	2179	1853	1545
NABP2	2248	1928	2549	2253	2133	1599
SLC39A5	1	0	5	3	2	5
ANKRD52	5088	4342	5474	4905	4440	3553
COQ10A	189	161	204	232	175	136
CS	9931	8706	11300	9831	8657	6964
LOC102724133	0	0	0	0	0	0
CNPY2	1917	1727	2101	2105	1848	1484
PAN2	1321	1085	1206	1379	1168	1005
IL23A	17	19	27	33	16	27
STAT2	1717	1434	1546	1420	1336	960
APOF	1	0	1	0	0	0
TIMELESS	4214	3752	4680	4107	3665	2899
MIP	3	5	5	4	5	4
SPRYD4	389	361	492	385	406	304
GLS2	320	287	376	357	268	229
RBMS2	2707	2106	2749	2540	2328	1623
BAZ2A	10967	9263	12047	11193	10392	8545
ATP5B	20570	18105	23365	22566	20161	15982
SNORD59B	0	1	0	2	0	0
SNORD59A	1	3	5	2	3	2
PTGES3	23463	19819	25413	22227	20122	16587
NACA	15511	13922	17642	15667	14139	11990
PRIM1	1353	1247	1516	1350	1264	1041
HSD17B6	83	56	91	103	83	69
SDR9C7	1	0	4	1	1	2
RDH16	18	11	8	14	6	9
GPR182	4	2	1	0	2	0
HBCBP	1	2	1	0	0	1
ZBTB39	951	738	974	813	681	559
TAC3	0	0	0	3	5	0
MYO1A	2	5	9	4	9	3
TMEM194A	4253	3760	4485	4311	3831	3059
NAB2	1519	1323	1590	1419	1233	1035
STAT6	4350	3971	4828	4260	3701	3299
LRP1	3954	3868	4302	4089	3630	2909
MIR1228	0	0	0	0	0	0
NXPH4	452	446	547	491	435	331
SHMT2	7390	6942	8671	7381	6707	4999
NDUFA4L2	32	18	36	15	23	20
STAC3	30	21	31	32	25	25
R3HDM2	1973	1762	2241	1869	1635	1411
LOC102724177	3	1	10	0	1	2
LOC102724160	0	0	1	1	3	0
INHBC	28	29	46	34	35	38
INHBE	33	32	48	29	29	18
GLI1	34	28	32	19	29	13
ARHGAP9	5	1	6	8	2	3
MARS	6147	5350	6780	6013	5005	4156
MIR6758	4	1	2	3	2	2
DDIT3	179	156	162	181	150	132
MIR616	1	3	7	5	3	2
MBD6	2319	1988	2498	2472	2226	1859
DCTN2	3088	2676	3517	3085	2762	2290
KIF5A	3	1	7	6	5	2
PIP4K2C	2197	1906	2501	2482	2088	1735
DTX3	715	633	733	771	616	546
ARHGEF25	481	389	528	467	378	304
LOC101927583	3	6	4	5	5	1
SLC26A10	2	2	5	7	2	10
B4GALNT1	412	343	423	478	353	324
OS9	6399	5306	6797	6250	5587	4934
AGAP2	53	44	54	46	59	39
AGAP2-AS1	11	11	14	13	9	13
TSPAN31	689	623	840	701	619	451
CDK4	5320	4758	5972	5291	4619	3794
MIR6759	6	4	2	1	0	2
MARCH9	307	301	331	334	281	199
CYP27B1	117	138	175	165	134	93
METTL1	420	416	492	520	394	344
METTL21B	272	260	305	246	251	171
TSFM	721	645	811	781	700	547
AVIL	37	49	46	61	63	33
CTDSP2	4455	3863	4816	3859	3444	2616
MIR26A2	1	1	0	1	2	0
RP11-620J15.2	0	0	0	0	0	0
LOC102724211	2	0	0	0	2	1
LOC101927608	0	0	0	0	0	0
RP11-620J15.3	44	38	64	47	37	25
XRCC6BP1	1	2	3	1	3	2
RP11-767I20.1	0	0	0	0	0	0
LOC100506869	0	0	0	0	0	0
LRIG3	457	383	456	375	340	255
SLC16A7	1106	943	1067	864	827	629
LOC100996696	15	19	20	14	12	23
FAM19A2	8	19	18	18	20	9
LOC102724280	8	8	14	4	4	2
USP15	2188	1875	2309	2347	2095	1764
MIR6125	0	0	0	0	0	0
MON2	2295	2099	2497	2601	2252	1949
LOC102724318	0	1	2	1	1	0
LOC101927719	3	1	1	1	0	2
C12orf61	5	12	9	12	8	8
MIRLET7I	2	1	1	1	0	0
PPM1H	784	679	867	1025	795	654
LOC102724337	0	0	0	0	0	0
AVPR1A	0	0	0	0	0	0
DPY19L2	30	16	30	35	28	21
TMEM5	904	785	961	928	814	620
SRGAP1	2609	2189	2854	2317	2178	1670
C12orf66	560	483	630	578	476	347
C12orf56	54	42	56	68	58	40
XPOT	9499	8098	10607	8821	7983	6484
TBK1	2968	2387	2974	2815	2575	2241
RASSF3	1383	1167	1428	1279	1061	878
MIR548C	0	0	0	0	0	0
MIR548Z	0	0	0	0	0	0
GNS	4588	4049	4924	4595	4093	3374
TBC1D30	268	247	273	247	231	138
FLJ41278	0	0	1	4	0	1
WIF1	0	0	2	0	1	0
LEMD3	2303	2068	2618	2728	2574	2086
MSRB3	1012	806	1138	1232	1156	878
RP11-230G5.2	0	0	0	0	0	0
RPSAP52	8	0	2	6	4	2
HMGA2	130	119	151	188	173	130
LOC100129940	0	2	1	5	6	3
LOC101927810	0	0	7	1	0	0
MIR6074	0	0	0	0	0	0
LLPH	1548	1255	1668	1610	1427	1221
TMBIM4	613	488	599	644	557	408
IRAK3	316	310	317	353	322	256
MIR6502	0	0	0	0	0	0
HELB	294	234	253	282	254	174
GRIP1	238	192	204	202	159	156
LOC102724421	0	0	0	0	0	0
CAND1	11388	9867	12438	11615	10420	8564
LOC102724433	0	0	0	0	0	0
RP11-542B15.1	0	1	0	0	0	0
DYRK2	1613	1295	1766	1447	1233	1079
RP11-43N5.1	0	0	0	0	0	0
LOC101927922	0	0	0	0	0	0
IFNG-AS1	0	0	0	0	0	0
IFNG	0	0	0	0	0	0
IL26	0	0	0	0	1	0
IL22	0	0	0	0	0	0
MDM1	454	438	509	463	439	389
LOC100507195	0	0	0	1	0	1
RP11-81H14.2	0	0	0	0	0	0
RAP1B	3844	3221	4396	4251	3873	3305
SNORA70G	1	0	0	0	0	0
RP11-637A17.2	6	7	21	8	7	1
NUP107	2818	2541	2802	2740	2311	1971
SLC35E3	335	337	411	392	334	271
LOC100130075	0	1	0	1	0	0
MDM2	3802	3322	4204	3676	3356	2710
CPM	93	101	106	99	98	74
CPSF6	5224	4500	5504	4822	4446	3747
MIR1279	0	0	0	0	0	0
LYZ	0	1	3	0	0	0
YEATS4	1090	951	1160	1036	904	762
FRS2	1709	1447	1822	1859	1700	1343
MIR3913-1	0	0	0	0	0	0
MIR3913-2	0	0	0	0	0	0
CCT2	14228	12367	15683	15167	13373	11091
LRRC10	0	0	0	0	1	0
BEST3	11	7	10	14	15	17
RP11-588G21.2	0	0	0	0	0	0
RAB3IP	1135	909	1194	1151	1003	849
MYRFL	5	8	4	6	4	10
LOC101928062	5	1	0	2	5	0
CNOT2	2689	2266	2705	2627	2345	2007
KCNMB4	513	443	595	612	595	474
PTPRB	113	103	133	105	90	114
PTPRR	24	17	24	20	23	17
TSPAN8	0	0	0	2	0	0
LGR5	0	2	0	2	2	2
ZFC3H1	3691	3158	3922	3521	3089	2565
THAP2	224	207	227	231	225	167
TMEM19	2177	1801	2167	2206	2056	1646
RAB21	3462	2810	3551	3799	3367	2806
TBC1D15	1294	1119	1324	1201	1088	993
MRS2P2	2	3	3	3	1	0
TPH2	1	0	0	0	0	0
TRHDE-AS1	17	12	15	9	15	3
TRHDE	9	8	14	13	9	12
RP11-314D7.2	7	6	8	7	3	0
RP11-81H3.2	1	0	1	0	0	0
ATXN7L3B	3168	2732	3374	3079	2608	2062
KCNC2	0	0	0	0	0	0
LOC101928157	0	0	0	0	0	0
CAPS2	98	78	91	91	91	74
GLIPR1L1	13	18	23	33	20	14
GLIPR1L2	22	19	22	25	21	10
GLIPR1	501	407	552	578	529	435
KRR1	1582	1342	1808	1645	1637	1301
PHLDA1	982	761	830	1156	998	840
NAP1L1	24577	20903	26456	23025	20797	17877
BBS10	776	680	813	665	682	504
OSBPL8	7322	6351	7663	7488	7135	5743
ZDHHC17	1242	951	1145	1227	1086	828
CSRP2	665	542	642	611	607	441
E2F7	2228	1917	2549	2137	1950	1622
NAV3	145	177	174	176	165	131
LOC101928207	0	0	0	0	0	0
SYT1	823	662	765	582	534	470
MIR1252	0	0	0	0	0	0
PAWR	5072	4443	5216	5007	4465	3601
PPP1R12A	5665	4870	5855	5929	5394	4533
LOC101928367	0	0	0	0	1	0
OTOGL	1	3	8	2	6	2
PTPRQ	20	9	19	17	25	7
MYF6	0	0	0	0	1	0
MYF5	0	0	0	0	0	0
RP11-540D4.3	0	0	0	0	0	0
LIN7A	3	3	3	4	3	1
MIR617	0	0	0	0	0	0
MIR618	0	0	0	0	0	0
ACSS3	0	0	0	0	0	0
MIR4699	0	0	0	0	0	0
PPFIA2	4	1	4	11	9	4
LOC102724663	0	0	0	0	0	0
RP11-362A1.1	0	0	0	0	0	0
CCDC59	1444	1173	1545	1347	1273	1158
METTL25	95	84	95	107	90	62
TMTC2	218	147	180	199	159	141
SLC6A15	2458	2228	2840	2091	1913	1495
LOC102724680	0	0	0	0	2	0
TSPAN19	4	6	6	1	6	4
LRRIQ1	13	15	15	18	10	17
ALX1	115	104	127	121	102	68
RASSF9	48	48	65	56	48	29
LOC102724721	0	0	0	0	0	0
NTS	3	6	4	9	7	6
MGAT4C	0	1	0	0	0	0
LOC102724735	0	0	0	0	0	0
MKRN9P	4	11	8	5	3	10
C12orf50	0	0	0	4	1	0
C12orf29	775	637	809	776	726	604
CEP290	1553	1340	1607	1489	1321	1159
TMTC3	3607	3238	3723	3209	2878	2461
KITLG	2275	1849	2159	1965	1819	1461
RP11-13A1.1	0	1	0	0	2	0
DUSP6	305	248	211	542	416	353
POC1B	815	685	922	776	776	581
POC1B-GALNT4	0	0	0	0	0	0
GALNT4	16	11	9	10	17	5
LOC102724782	19	24	31	22	25	19
LOC102724811	6	6	9	7	12	6
ATP2B1	3310	2915	3676	3214	2945	2433
LINC00936	7	8	13	13	10	5
LOC102724834	0	0	0	0	0	0
LINC00615	0	1	0	3	0	0
CCER1	0	0	0	0	0	0
EPYC	0	0	0	0	0	0
KERA	0	0	0	0	0	0
LUM	0	0	0	0	0	0
DCN	0	0	0	0	0	0
LOC101928584	0	0	0	0	0	0
C12orf79	3	1	0	5	1	2
BTG1	1508	1267	1488	1434	1345	992
LOC101928617	4	0	4	5	4	3
CLLU1OS	0	0	0	0	0	0
CLLU1	0	0	0	0	0	0
LOC100507616	0	0	0	0	0	0
C12orf74	0	0	0	0	0	0
PLEKHG7	1	0	1	4	2	0
EEA1	2643	2304	2812	2193	2082	1866
RP11-486A14.2	0	2	0	1	0	0
LOC102724901	0	0	0	0	0	0
LOC102724933	0	0	0	0	0	0
NUDT4	1560	1164	1632	1378	1215	993
LOC102724944	1	3	2	0	1	0
UBE2N	4932	4462	5454	5252	4544	3843
MRPL42	3273	2804	3500	3458	3291	2502
SOCS2-AS1	23	18	24	27	14	16
SOCS2	1246	1295	1607	1560	1364	1034
CRADD	120	98	125	106	91	81
RP11-887P2.5	0	0	0	0	0	0
PLXNC1	140	130	163	155	125	133
CCDC41	714	630	749	693	628	515
CCDC41-AS1	22	39	39	26	25	20
LOC102724960	0	0	0	0	0	0
MIR5700	1	1	1	2	0	2
TMCC3	725	611	792	675	607	470
MIR7844	0	0	0	0	0	0
MIR492	0	0	0	0	0	0
KRT19P2	0	0	0	0	2	0
NDUFA12	1566	1278	1580	1530	1422	1194
NR2C1	843	783	864	847	762	627
FGD6	1496	1184	1496	1591	1415	1118
VEZT	2321	2015	2451	2410	2230	1822
MIR331	3	5	0	2	1	0
MIR3685	18	12	18	13	6	10
LOC101928779	0	0	0	0	0	0
METAP2	6595	5563	7428	7002	6602	5363
USP44	5	0	3	7	7	7
PGAM1P5	7	2	2	8	2	10
NTN4	286	233	244	206	179	170
SNRPF	2658	2339	3009	2857	2361	2045
CCDC38	13	4	2	5	5	2
AMDHD1	12	14	7	12	13	7
HAL	14	11	11	20	16	23
LOC102723340	2	1	0	0	0	0
LTA4H	4443	3765	5025	4501	4028	3442
LOC101928830	71	69	77	74	51	58
TRNAD12	2	0	0	0	0	0
ELK3	2206	2093	2424	2074	2078	1590
CDK17	1166	1052	1202	1118	1050	887
C12orf55	20	18	18	14	5	6
NEDD1	3444	2979	3371	2845	2711	2097
LOC101928912	0	0	0	0	0	0
RMST	0	0	0	0	0	0
MIR1251	0	0	0	0	0	0
MIR135A2	0	0	0	0	0	0
LOC643711	1	0	0	1	1	0
RNU6-36P	2	5	7	8	7	9
MIR4495	0	0	0	0	0	0
MIR4303	0	0	0	0	0	0
SLC9A7P1	42	37	33	39	47	22
LOC643770	14	11	14	9	22	10
TRNAD10	0	0	0	2	0	0
TRNAW5	4	0	0	3	0	0
TMPO-AS1	236	189	227	273	243	212
TMPO	16884	13774	17661	15377	14137	11489
SLC25A3	16694	14286	18572	17440	14970	12043
SNORA53	3	4	5	2	1	0
IKBIP	1514	1353	1574	1493	1357	1143
APAF1	1861	1523	1971	1847	1605	1294
ANKS1B	17	13	10	7	4	5
RP11-406H4.1	0	0	0	0	0	0
FAM71C	0	0	0	0	0	3
UHRF1BP1L	2062	1641	2233	1987	1815	1464
GOLGA2P5	249	196	212	234	206	180
MIR1827	1	0	0	0	0	0
ACTR6	1270	1097	1395	1285	1147	948
DEPDC4	83	56	100	56	73	40
SCYL2	5743	4845	5873	5817	5625	4523
SLC17A8	0	0	0	1	1	3
NR1H4	0	0	0	0	0	1
GAS2L3	1653	1412	1822	1441	1226	977
ANO4	1	5	2	2	3	2
SLC5A8	0	0	0	0	0	0
UTP20	3606	3055	3938	3688	3289	2675
ARL1	3058	2597	3182	3314	3004	2589
SPIC	0	0	0	0	0	0
MYBPC1	0	1	0	0	2	0
CHPT1	757	702	837	687	690	496
SYCP3	12	15	6	4	8	10
LOC101928981	5	2	2	4	0	3
GNPTAB	2386	2038	2510	2251	2169	1765
LOC101929005	11	3	7	7	5	5
DRAM1	1447	1265	1513	1174	1103	874
CCDC53	368	278	362	323	306	273
NUP37	2312	1961	2597	2442	2163	1742
PARPBP	676	470	584	498	488	382
PMCH	1	4	4	1	5	1
IGF1	0	0	0	0	2	1
LINC00485	0	0	0	0	0	0
PAH	1	0	1	0	1	0
LOC101929036	0	0	0	0	0	0
ASCL1	0	0	0	0	0	0
LOC101929058	0	0	0	0	0	0
C12orf42	9	4	6	7	5	4
RP11-626I20.3	0	0	0	0	0	0
STAB2	13	5	6	11	7	6
LOC101930305	4	2	5	5	6	4
NT5DC3	628	585	799	736	597	457
LOC102723501	1	0	1	0	0	0
GNN	15	21	13	11	7	12
HSP90B1	39962	34226	41917	41060	37084	31450
MIR3652	0	0	0	0	0	0
C12orf73	332	303	371	296	283	250
TDG	2463	2137	2753	2644	2359	1948
GLT8D2	99	62	108	94	63	57
HCFC2	592	537	663	683	597	504
NFYB	1469	1276	1468	1465	1303	1138
TXNRD1	28455	25078	31646	29044	26018	21060
EID3	54	34	44	59	51	46
CHST11	1851	1826	2322	2250	1991	1697
MIR3922	0	0	0	0	0	0
SLC41A2	374	422	518	468	429	326
C12orf45	253	221	323	297	270	221
ALDH1L2	423	363	502	360	338	303
KIAA1033	3277	2764	3483	3224	2937	2550
APPL2	1023	842	1053	1009	883	777
C12orf75	872	742	1002	1001	962	724
CASC18	1	0	1	1	0	0
NUAK1	333	375	365	469	397	333
CKAP4	1650	1594	1946	1530	1369	1126
LOC101929132	3	2	5	4	3	1
TCP11L2	160	135	151	134	160	95
POLR3B	1050	924	1232	1128	971	908
LOC100287944	0	0	1	3	2	1
RFX4	1	3	3	3	2	0
RP11-482D24.2	4	1	0	1	1	0
RIC8B	648	574	703	569	685	519
LOC102723527	0	0	0	0	0	0
C12orf23	2606	2266	2676	2803	2665	2214
MTERFD3	312	292	347	343	297	267
CRY1	1213	1026	1293	1342	1168	928
BTBD11	363	300	362	339	299	292
PWP1	2142	1903	2566	2237	1998	1699
PRDM4	911	742	941	741	690	558
RP11-864J10.4	9	5	7	13	7	8
ASCL4	0	0	0	0	0	0
LOC101929187	0	0	1	0	0	0
LOC728739	5	16	10	7	10	7
WSCD2	0	0	0	0	0	0
CMKLR1	0	0	0	0	2	4
LOC102723562	0	1	1	1	0	0
FICD	74	55	87	78	88	55
SART3	4082	3560	4569	4289	3847	3141
ISCU	1617	1320	1691	1539	1485	1189
TMEM119	0	0	0	0	0	0
SELPLG	16	18	12	31	28	20
MIR4496	1	0	0	0	0	0
CORO1C	11531	9917	12717	11796	10483	8642
SSH1	1835	1634	1989	2075	1770	1414
LOC101929204	3	3	4	10	8	4
MIR619	0	0	0	1	1	0
DAO	0	0	0	0	1	0
SVOP	0	0	0	0	0	0
USP30	389	379	483	409	411	288
USP30-AS1	0	1	2	0	2	0
ALKBH2	157	138	169	148	140	98
UNG	6228	5405	7048	6304	5493	4619
ACACB	445	363	460	504	467	347
FOXN4	3	0	4	6	0	3
RP11-256L11.1	0	0	0	0	0	0
MYO1H	9	8	4	11	6	3
KCTD10	2618	2168	2936	2895	2643	2239
UBE3B	2107	1793	2133	2141	1918	1530
MMAB	1221	1025	1216	1173	1105	874
MVK	1027	947	1254	1083	984	688
FAM222A	245	201	321	367	336	272
FAM222A-AS1	29	16	39	36	12	26
TRPV4	71	69	67	95	65	58
MIR4497	0	0	0	0	0	0
GLTP	2658	2203	2757	2755	2431	2022
TCHP	1084	829	1131	962	879	810
GIT2	1744	1446	1712	1795	1638	1305
ANKRD13A	2145	1854	2378	2338	2105	1666
C12orf76	271	235	312	255	214	165
IFT81	965	1051	1148	873	910	682
ATP2A2	34889	30819	37758	34681	31403	25773
ANAPC7	3076	2700	3412	3017	2605	2190
ARPC3	9083	7448	9644	9270	8408	7154
GPN3	996	873	1105	1112	951	761
FAM216A	441	388	544	451	383	329
VPS29	2720	2221	2833	2561	2428	1847
RAD9B	14	11	13	26	22	11
PPTC7	1796	1656	1995	1854	1663	1336
TCTN1	375	339	388	384	364	307
HVCN1	4	3	0	8	4	2
PPP1CC	13772	11453	14797	13526	12295	10024
CCDC63	0	1	1	3	3	3
MYL2	0	0	0	3	3	2
LOC100131138	0	0	0	0	1	0
CUX2	0	0	2	1	0	0
MIR6760	0	0	0	0	0	0
FAM109A	204	141	203	231	158	116
SH2B3	552	510	582	530	432	383
ATXN2	2618	2260	2885	2792	2623	2139
LOC102723619	8	1	4	5	6	7
BRAP	1102	970	1183	1175	1097	869
ACAD10	557	475	540	593	490	418
ALDH2	142	124	159	150	161	92
MIR6761	0	0	0	0	0	0
MAPKAPK5-AS1	516	406	531	398	403	317
MAPKAPK5	1021	913	1163	1078	948	839
ADAM1A	93	60	101	91	76	80
TMEM116	158	125	161	149	139	120
ERP29	1986	1849	2430	2041	1757	1493
NAA25	3507	3027	4010	3497	3187	2640
MIR3657	2	2	1	4	3	2
TRAFD1	3106	2784	3331	3097	2677	2244
HECTD4	3146	2728	3352	3680	3299	2700
MIR6861	0	0	0	0	0	0
RPL6	24901	20947	28057	26583	23230	19039
PTPN11	20168	16881	22240	22016	20301	15976
MIR1302-1	0	0	0	0	0	0
RPH3A	0	0	0	2	0	0
OAS1	794	877	602	172	126	95
OAS3	9892	9379	9846	4715	4314	3390
OAS2	1170	1074	714	96	94	60
LOC100506734	0	0	0	0	0	0
DTX1	8	4	4	12	2	3
RASAL1	62	41	52	42	31	30
CCDC42B	0	4	1	1	0	0
DDX54	3194	2824	3713	3054	2690	2238
MIR7106	0	0	0	0	0	0
RITA1	851	801	982	965	821	650
IQCD	30	14	29	23	27	19
TPCN1	842	681	881	863	750	615
MIR6762	0	0	0	0	0	1
SLC8B1	559	503	597	606	535	425
PLBD2	827	727	906	919	707	592
SDS	2	0	2	0	3	1
SDSL	137	133	172	142	136	92
LHX5	42	46	40	40	31	18
RP11-438N16.1	589	510	647	590	512	463
RBM19	1189	1047	1286	1185	1087	942
TBX5	0	0	0	0	0	0
TBX5-AS1	0	0	0	0	0	0
TBX3	243	214	264	232	172	175
LOC102723639	0	0	0	0	0	0
LOC101928199	0	0	0	0	2	0
LOC101928225	0	0	0	1	0	0
MED13L	5572	4868	5939	5772	5223	4182
MIR620	0	0	0	0	0	0
MIR4472-2	0	0	0	0	0	0
LINC00173	4	5	4	4	9	4
MAP1LC3B2	11	4	23	7	12	11
C12orf49	2676	2181	2733	2940	2529	2033
RNFT2	150	116	186	145	143	90
HRK	9	12	14	12	10	5
FBXW8	414	318	431	453	363	285
RP11-231I16.1	1	1	1	0	1	1
TESC	9	4	4	2	5	8
LOC101928244	0	0	0	0	0	0
FBXO21	3260	2955	3747	3680	3268	2482
NOS1	5	8	7	11	8	8
KSR2	171	120	182	288	242	189
RFC5	3191	2883	3808	3478	3126	2599
WSB2	3925	3351	4196	3943	3395	2775
VSIG10	520	467	518	499	446	374
LOC101928274	37	34	40	31	34	18
PEBP1	8936	7647	10103	9626	8353	6827
TAOK3	5153	4144	5192	4777	4499	3637
SUDS3	6883	5606	6951	6385	5867	4620
SRRM4	0	0	0	0	0	0
LOC102723712	0	0	0	0	0	0
HSPB8	9	9	6	13	5	3
LINC00934	0	0	0	0	0	0
CCDC60	0	0	0	0	0	0
TMEM233	0	0	0	0	0	0
PRKAB1	768	647	817	802	637	558
CIT	5267	4511	5609	4884	4254	3678
MIR1178	0	0	0	0	0	0
LOC102723723	0	0	0	0	0	0
CCDC64	292	241	299	344	324	228
RAB35	3271	2909	3653	3308	3024	2426
LOC101928498	154	153	194	124	103	80
GCN1L1	14221	12563	15909	14711	12968	10199
MIR4498	0	0	0	0	0	0
RPLP0	72947	62554	82667	78099	68866	55325
PXN-AS1	72	69	74	69	69	56
PXN	11520	10081	12711	12077	10674	8732
RNU4-2	2	5	7	7	3	5
SIRT4	25	20	30	32	29	18
RNU4-1	0	0	0	0	0	0
PLA2G1B	0	0	0	1	1	0
MSI1	6	7	16	18	15	5
COX6A1	5082	4565	5701	5362	4695	3799
TRIAP1	1350	1168	1608	1483	1282	1038
GATC	3229	2753	3562	3116	2873	2404
SRSF9	4073	3566	4698	4257	3571	2913
DYNLL1	5706	4638	5953	6029	5480	4364
DYNLL1-AS1	361	274	373	298	275	245
COQ5	1476	1202	1448	1331	1098	909
RNF10	7155	6494	8039	7246	6370	5326
POP5	597	432	601	582	478	397
LOC101928300	1	2	1	1	6	3
CABP1	3	0	4	11	6	7
MLEC	17424	14717	18352	17761	16008	12711
UNC119B	3719	3194	4162	4189	3582	2986
MIR4700	0	0	0	0	0	0
ACADS	421	367	444	452	428	298
SPPL3	3825	3460	4351	3805	3447	2676
HNF1A-AS1	0	1	3	2	1	1
HNF1A	96	84	83	120	79	61
C12orf43	1059	932	1224	1121	922	748
OASL	6825	6405	5631	39	32	19
P2RX7	1	3	4	5	0	1
P2RX4	529	514	632	503	456	364
CAMKK2	2408	2258	2916	2243	2022	1559
ANAPC5	4804	4248	5380	4760	4260	3403
RNF34	1950	1547	2077	1879	1815	1500
KDM2B	2095	2030	2534	2101	1872	1528
MIR7107	0	1	0	0	2	0
LOC101928346	12	8	8	12	6	3
ORAI1	568	501	663	588	482	400
MORN3	19	26	24	30	35	25
TMEM120B	1021	878	1085	983	840	614
RHOF	205	217	291	253	229	168
LINC01089	370	250	360	279	208	230
SETD1B	3257	2500	3394	3262	2831	2212
HPD	20	24	8	28	21	10
PSMD9	1812	1526	2006	1833	1535	1229
WDR66	155	127	152	194	164	114
BCL7A	951	923	1019	880	764	623
LOC100506691	35	24	30	41	23	19
MLXIP	3412	2842	3750	3404	3119	2385
LRRC43	3	5	5	2	5	4
IL31	0	0	0	0	0	0
B3GNT4	29	23	26	33	24	21
DIABLO	1726	1465	1978	1746	1515	1164
LOC101593348	3	2	9	8	6	2
VPS33A	1133	908	1210	1121	957	791
CLIP1	9401	7807	9579	8406	7752	6690
RP11-450K4.1	35	17	33	22	37	28
ZCCHC8	1429	1090	1397	1255	980	889
RSRC2	4313	3812	4619	4096	3831	3441
KNTC1	4298	3984	4580	4292	3815	3377
HCAR2	760	616	593	335	265	220
HCAR3	340	271	252	164	134	119
HCAR1	2	1	0	2	1	1
DENR	12285	9989	12995	12640	11558	9568
CCDC62	24	17	23	19	23	18
HIP1R	1432	1402	1685	1287	1065	894
VPS37B	1886	1615	2026	1969	1716	1384
ABCB9	414	396	494	469	447	292
OGFOD2	436	354	489	424	372	276
ARL6IP4	3162	2858	3475	2952	2573	2298
PITPNM2	939	797	1099	904	763	615
MIR4304	0	0	0	0	0	0
RP11-197N18.7	0	0	0	1	0	1
MPHOSPH9	2702	2228	2692	2360	2189	1831
C12orf65	1147	945	1238	1062	921	744
CDK2AP1	6578	5583	7421	7732	7001	5620
SBNO1	9389	8146	10077	10055	9336	7529
LOC100293704	10	15	13	6	7	11
MIR8072	0	0	0	0	0	0
SETD8	4675	3907	5132	4394	4103	3251
RILPL2	573	480	611	648	638	505
SNRNP35	540	511	697	507	472	429
LOC102723867	6	6	2	8	6	2
RILPL1	685	550	805	629	538	414
MIR3908	0	0	0	1	0	0
RP11-486O12.2	53	41	56	39	38	18
TMED2	22530	18997	24747	24788	22749	18641
DDX55	1678	1413	1757	1708	1565	1310
EIF2B1	2991	2462	3197	2956	2554	2287
GTF2H3	5320	4587	5841	5585	5091	4130
TCTN2	604	524	631	521	509	436
ATP6V0A2	1567	1395	1738	1770	1643	1269
DNAH10	11	7	9	16	4	4
CCDC92	37	23	28	35	26	17
LOC102723902	0	0	0	0	0	0
ZNF664-FAM101A	4	0	2	0	1	0
ZNF664	8726	7450	9338	9591	8558	7319
FAM101A	0	0	0	0	0	0
NCOR2	10863	9530	11955	10398	9187	7389
MIR6880	0	0	0	0	0	1
LOC101927436	0	0	0	5	2	2
SCARB1	2243	1992	2524	2363	2119	1705
UBC	20320	17786	21410	20364	17994	15329
MIR5188	1	0	1	0	0	0
TRNAA23	0	0	2	1	1	0
TRNAD15	1	0	0	0	0	0
TRNAF2	0	0	0	0	0	0
TRNAD16	3	2	2	2	1	1
TRNAA32	2	0	3	0	2	2
DHX37	2347	1887	2400	2091	1859	1467
BRI3BP	1370	1063	1423	1481	1307	1052
AACS	3169	2598	3416	3370	2885	2475
TMEM132B	0	2	0	2	4	4
LINC00939	0	2	0	2	4	0
RP3-446N13.1	0	0	0	0	0	0
LOC101927491	0	0	0	0	0	0
LOC101927531	0	0	0	0	0	0
RP5-944M2.3	0	0	0	0	0	0
RP11-407A16.3	0	1	0	1	0	0
LINC00944	57	40	53	40	28	31
LINC00943	8	6	5	14	7	5
RP11-983C2.2	0	0	0	0	0	0
RP11-575F12.1	0	0	0	0	0	1
RP11-955H22.3	0	0	0	0	0	0
RP11-526P6.1	0	0	0	0	0	0
FLJ37505	0	0	0	0	0	0
LINC00507	0	0	0	0	0	0
RP13-653N12.1	0	0	0	0	0	0
RP13-653N12.2	0	0	0	0	0	0
MIR4419B	0	0	0	0	0	0
TMEM132C	0	0	0	0	0	0
MIR3612	0	0	0	0	0	0
SLC15A4	861	722	1034	808	716	552
LOC100128276	0	0	0	0	0	0
GLT1D1	1	0	0	1	0	1
TMEM132D	0	0	0	0	0	0
RP11-669N7.2	0	0	0	0	0	0
RP11-669N7.3	0	0	0	0	0	0
LOC101927710	0	0	2	0	0	0
RP11-474D1.3	0	0	0	0	0	0
FZD10-AS1	57	57	61	88	74	56
FZD10	249	229	272	331	248	230
LOC101927786	0	0	0	0	0	0
PIWIL1	0	0	0	0	0	0
RIMBP2	0	1	0	0	2	0
LOC102724010	0	0	0	0	0	0
LOC102724399	0	0	0	0	0	0
STX2	672	646	770	558	563	467
RAN	31674	27664	36189	31049	27308	22529
GPR133	3	2	1	7	3	4
RP11-638F5.1	1	0	0	0	0	0
LOC100128002	0	0	0	1	0	0
RP13-507P19.2	0	0	0	0	0	0
LOC102724412	0	0	0	0	0	0
LOC101929974	0	0	0	0	0	0
LOC102724051	0	0	0	0	0	0
LOC100996701	0	0	0	0	0	0
SFSWAP	2861	2477	3193	2838	2539	2097
MMP17	252	247	293	245	195	173
ULK1	1274	1105	1474	1606	1361	1116
LOC102724075	8	7	14	12	17	9
PUS1	1353	1255	1633	1385	1166	923
EP400	8213	7442	9169	8443	7456	6258
SNORA49	3	3	5	1	0	2
EP400NL	154	130	148	169	160	151
DDX51	996	834	1068	989	867	729
NOC4L	1379	1169	1493	1441	1206	946
LOC100996246	34	30	38	19	22	20
GALNT9	77	53	58	56	32	53
GALNT9_1	25	44	53	49	50	49
LOC100130238	67	45	65	46	61	42
RP13-895J2.7	0	0	1	2	3	1
LOC101928629	0	0	0	0	1	0
MUC8	3	1	3	0	0	0
FBRSL1	1808	1624	2151	1816	1588	1311
LOC100996573	57	45	65	63	57	49
MIR6763	0	0	0	1	0	0
LRCOL1	0	2	0	2	1	1
P2RX2	3	0	3	12	12	12
POLE	5736	5270	6679	5819	4919	4177
PXMP2	733	722	928	789	633	490
PGAM5	5032	4400	6006	4646	4191	3092
ANKLE2	5262	4666	5711	5026	4742	3673
LOC101928485	196	175	214	186	174	128
GOLGA3	5718	4909	6389	6309	5369	4264
CHFR	1272	1145	1431	1252	1144	896
LOC101928530	20	9	23	9	5	15
ZNF605	1238	1041	1229	1061	1014	904
ZNF26	558	473	624	571	517	435
RP11-386I8.6	0	0	0	0	0	1
ZNF84	912	736	940	810	812	736
ZNF140	671	582	766	704	641	596
ZNF891	164	168	204	175	146	93
ZNF10	187	167	198	263	203	208
ZNF268	1256	1076	1308	1342	1178	1001
ANHX	0	0	0	0	0	0
FAM230C	0	0	0	0	0	0
LOC101060157	0	0	0	0	0	0
LOC102724148	0	0	0	0	0	0
LINC00417	0	0	0	0	0	0
ANKRD20A9P	0	0	0	0	0	0
RNU6-55P	0	0	0	0	0	0
RNU6-76P	0	0	0	0	0	0
LINC00408	0	1	1	0	0	0
LINC00442	0	0	0	0	0	0
RNU6-52P	0	0	0	0	0	0
TUBA3C	0	0	0	0	0	0
LOC101928697	0	0	0	0	0	0
ANKRD26P3	4	9	2	2	3	9
LINC00421	0	0	0	0	0	0
TPTE2	2	0	6	6	3	3
MPHOSPH8	2179	1866	2258	2223	1878	1558
PSPC1	2572	2246	3073	2805	2404	2250
ZMYM5	611	518	658	683	576	524
LOC102724812	13	10	6	7	10	5
ZMYM2	6196	5531	6679	6213	5556	4804
GJA3	65	57	59	68	74	47
GJB2	184	225	270	409	360	324
GJB6	0	1	3	9	6	6
CRYL1	111	85	91	82	56	67
MIR4499	0	0	0	0	0	0
IFT88	371	334	389	334	280	280
IL17D	189	195	191	171	179	137
N6AMT2	267	206	262	235	207	178
XPO4	2811	2481	3189	3030	2544	2167
LINC00367	4	4	9	12	8	2
LATS2	783	791	953	958	814	679
SAP18	3391	2765	3615	3409	3175	2777
SKA3	1467	1126	1593	1501	1324	1056
MRP63	1107	936	1254	1088	958	767
LOC101928764	8	5	2	0	10	13
MIPEPP3	24	22	46	26	39	29
LINC00539	12	8	18	8	3	10
LOC102724879	2	0	1	1	3	3
ZDHHC20	10091	8410	10748	10514	9545	8014
MICU2	1357	1022	1342	1307	1279	1016
RNU6-59P	0	0	0	0	0	0
FGF9	0	1	0	6	2	0
LINC00424	0	0	0	0	0	0
LINC00540	0	0	0	0	0	0
BASP1P1	0	0	0	0	0	0
SGCG	0	0	1	1	0	0
RNU6-58P	0	0	0	0	0	0
SACS	1952	1775	2262	2127	1832	1546
SACS-AS1	0	0	0	0	0	0
LINC00327	1	3	0	0	1	2
LOC101928839	0	0	0	0	0	0
TNFRSF19	10	10	17	20	15	12
MIPEP	574	459	642	465	448	336
C1QTNF9B-AS1	0	0	1	3	3	0
C1QTNF9B	4	1	1	0	2	0
ANKRD20A19P	13	10	16	11	20	21
SPATA13	461	426	515	442	382	270
MIR2276	0	0	0	0	0	0
SPATA13-AS1	0	0	0	0	0	0
C1QTNF9	2	2	0	0	1	2
PARP4	3935	3176	4052	3780	3507	2674
LOC101927375	0	0	0	0	1	0
TPTE2P6	1	0	0	0	0	1
ATP12A	2	2	2	4	0	2
LOC101928867	9	9	4	1	3	0
RNF17	16	25	13	22	21	15
CENPJ	1403	1110	1448	1260	1065	960
LOC101928898	0	0	0	0	0	0
TPTE2P1	3	9	0	4	3	5
PABPC3	542	896	706	743	781	881
AMER2	0	0	0	0	0	0
LOC101928922	0	0	0	0	0	0
LOC102723318	0	0	0	0	0	0
MTMR6	2053	1670	2200	1716	1661	1302
NUPL1	6118	5223	6502	6336	5446	4423
ATP8A2	19	19	19	38	41	22
RNU6-78P	0	0	0	0	0	0
SHISA2	20	22	30	79	76	32
RNF6	4370	3530	4439	4569	4231	3493
LOC102724232	1	0	0	0	1	1
CDK8	1198	1086	1289	1248	1067	962
WASF3	2155	1891	2346	2136	1898	1488
GPR12	0	0	1	0	0	0
USP12	3193	2730	3620	3537	3233	2655
USP12-AS2	1	0	0	2	2	0
LOC102723332	5	3	5	5	3	3
RPL21	14133	12476	16306	14382	12825	11097
SNORD102	27	20	27	24	15	29
SNORA27	13	8	10	10	14	8
RASL11A	36	33	45	50	44	37
GTF3A	1166	980	1407	1207	1086	1003
MTIF3	482	390	432	423	345	335
RNU6-63P	0	0	0	0	0	0
LNX2	1189	1025	1281	1156	1078	905
POLR1D	3415	3003	3709	3281	2945	2565
GSX1	0	0	0	0	0	0
PDX1-AS1	0	5	5	2	2	2
PDX1	38	37	48	43	45	30
ATP5EP2	35	45	66	56	40	51
CDX2	1	1	0	1	0	1
URAD	0	0	0	0	0	0
FLT3	2	1	3	1	0	0
PAN3-AS1	0	0	0	0	5	0
PAN3	3048	2771	3390	3069	2760	2197
RNU6-82P	0	0	0	0	0	0
FLT1	18	5	8	16	33	10
POMP	3719	3262	4062	4240	3662	2982
SLC46A3	141	119	144	134	112	136
RNU6-53P	0	0	0	0	0	0
MTUS2	6	1	3	4	6	8
MTUS2-AS1	1	1	1	4	2	2
SLC7A1	11775	10337	13656	10810	9629	7572
LOC102724249	0	1	2	0	1	0
LOC102723345	14	16	15	13	21	8
UBL3	1154	954	1113	1328	1280	1003
LINC00297	0	0	0	0	0	0
LINC00572	0	0	0	0	0	0
LINC00544	0	0	0	0	0	0
LINC00384	0	0	0	0	0	0
KATNAL1	852	776	1013	928	850	709
LOC102723381	3	1	7	0	1	2
RNU6-64P	0	0	0	0	0	0
LINC00426	0	1	0	1	0	0
LOC102723372	0	0	0	0	0	0
HMGB1	26067	21500	28285	25221	23151	19087
USPL1	1185	1068	1268	1100	872	857
TRNAN7	0	0	0	0	0	0
ALOX5AP	1	2	2	2	2	1
LINC00398	0	0	0	0	0	0
LINC00545	0	0	0	0	0	0
TEX26-AS1	0	0	0	0	0	0
MEDAG	0	0	0	1	0	0
TEX26	1	0	0	0	0	0
LOC102723392	0	0	0	0	0	0
HSPH1	18602	14183	18207	17036	15358	12623
B3GALTL	546	444	516	497	461	386
RXFP2	0	0	0	0	0	0
EEF1DP3	3	2	4	0	4	0
FRY-AS1	0	0	0	1	0	0
FRY	32	26	34	60	55	48
ZAR1L	1	0	0	4	0	1
BRCA2	3285	2768	3479	3413	3277	2672
N4BP2L1	55	54	40	44	39	50
N4BP2L2	2229	1956	2252	2046	2012	1642
MINOS1P1	3	3	8	5	5	4
N4BP2L2-IT2	42	60	53	46	47	30
PDS5B	5259	4580	5663	5021	4698	3916
LINC00423	0	0	0	0	0	0
LOC101927403	0	0	0	0	0	0
KL	1	1	0	3	0	0
STARD13	548	516	626	613	512	440
STARD13-AS	4	1	0	2	1	1
LOC102723425	1	0	0	0	0	0
LOC102723406	0	0	1	0	0	0
RFC3	3309	2946	3562	3670	3101	2588
LINC00457	0	0	0	0	0	0
NBEA	323	259	260	247	235	183
MAB21L1	2	3	8	7	14	5
LINC00445	0	0	0	0	0	0
DCLK1	47	46	56	84	90	41
CCDC169-SOHLH2	0	0	0	0	0	0
SOHLH2	1	1	4	1	2	0
LOC102723477	0	0	0	0	1	0
CCDC169	11	18	16	7	6	6
RNU6-71P	0	0	0	0	0	0
SPG20	2556	2053	2558	2408	2199	1798
SPG20OS	14	4	8	3	4	3
CCNA1	311	248	300	227	198	175
SERTM1	0	0	0	0	0	0
LOC102723490	0	0	0	0	0	0
RFXAP	461	403	483	400	392	318
SMAD9	219	236	236	204	203	179
ALG5	839	736	972	869	833	712
EXOSC8	1602	1378	1745	1519	1295	1105
SUPT20H	1703	1407	1740	1770	1470	1267
CSNK1A1L	10	16	9	12	12	10
LINC00547	0	0	0	0	0	0
POSTN	0	0	0	0	0	0
TRPC4	5	1	4	8	8	5
LOC101929077	2	4	1	1	1	1
LINC00571	11	3	10	8	16	9
UFM1	2848	2459	2993	2695	2497	2006
LOC101929121	0	2	1	2	0	0
LINC00366	0	0	0	0	0	0
FREM2	427	310	468	459	414	370
RNU6-56P	0	0	0	0	0	0
STOML3	1	0	0	0	0	0
PROSER1	2509	2073	2659	2482	2203	1785
NHLRC3	694	655	681	647	584	563
LHFP	514	373	481	454	368	330
COG6	1302	1007	1218	1208	1141	920
MIR4305	0	0	0	0	1	0
LINC00332	0	0	0	0	0	0
LINC00548	0	0	0	0	0	0
LINC00598	3	2	7	0	2	1
FOXO1	412	359	411	480	454	328
MIR320D1	1	0	0	0	0	0
MRPS31	638	537	663	534	509	491
SLC25A15	789	717	906	820	679	592
TPTE2P5	47	38	51	50	34	32
MIR621	0	0	0	0	0	0
SUGT1P3	8	4	7	8	6	8
ELF1	4163	3523	4154	3810	3319	2887
TRNAE20	0	0	1	0	2	0
WBP4	992	837	1006	810	776	649
MIR3168	0	0	0	0	0	0
KBTBD6	877	762	939	889	876	625
LOC101929140	23	16	21	20	15	11
KBTBD7	449	400	426	386	356	257
MTRF1	301	285	310	285	228	206
NAA16	1060	910	1138	1053	980	841
RNU6-57P	1	0	0	0	1	2
OR7E37P	0	1	0	0	0	0
RGCC	33	42	61	42	28	47
VWA8	2321	2008	2442	2081	1931	1558
MIR5006	0	0	0	0	0	0
VWA8-AS1	3	7	7	3	6	1
DGKH	1269	1123	1374	1303	1244	1067
AKAP11	4805	4028	5096	4568	4236	3531
TNFSF11	5	2	3	4	5	1
FAM216B	0	0	0	0	0	0
EPSTI1	306	251	245	77	56	46
DNAJC15	1304	1122	1344	1252	1060	954
ENOX1	31	41	28	23	35	12
CCDC122	88	69	70	50	35	55
LACC1	92	87	80	100	94	60
LINC00284	0	0	0	0	0	0
SMIM2-AS1	0	4	3	5	3	1
SMIM2	0	2	0	1	3	0
SMIM2-IT1	0	0	0	0	0	1
MIR8079	0	0	0	0	0	0
SERP2	0	0	0	0	0	0
LOC102723579	0	0	0	0	0	0
LINC01071	0	0	0	0	0	0
TSC22D1	1372	1169	1445	1627	1528	1158
TSC22D1-AS1	9	15	16	11	9	12
LINC00330	0	0	0	0	1	0
TRNAE7	0	3	0	0	0	0
NUFIP1	603	505	640	531	515	410
GPALPP1	1198	978	1323	1166	1046	980
LOC101929259	0	0	0	0	0	0
GTF2F2	1915	1670	2174	1965	1680	1364
RNU6-69P	0	0	0	0	0	0
KCTD4	0	0	3	4	1	1
TPT1	39214	34556	41978	35838	32230	28018
SNORA31	0	0	0	0	0	0
TPT1-AS1	120	111	115	107	91	100
SLC25A30	757	619	762	712	651	556
COG3	1446	1242	1525	1441	1177	1076
FAM194B	0	0	1	0	0	0
SPERT	8	14	8	18	11	10
SIAH3	34	36	44	47	35	25
ZC3H13	5010	4114	5196	5204	4830	4384
CPB2-AS1	14	7	12	3	10	1
CPB2	7	6	7	4	3	3
LCP1	1501	1427	1819	1283	1175	906
LRRC63	0	0	0	1	0	1
LINC00563	0	0	0	0	0	0
KIAA0226L	20	24	22	29	30	23
RNU6-68P	0	0	0	0	0	0
RP11-189B4.6	0	0	0	0	0	0
LOC101929368	0	0	0	0	0	0
LRCH1	1174	1018	1150	1187	1039	829
ESD	2446	2156	2633	2306	1927	1653
HTR2A	0	0	0	0	0	0
HTR2A-AS1	0	0	0	0	0	0
SUCLA2	2914	2516	3096	2869	2734	2143
LOC101929410	8	11	11	13	7	5
NUDT15	2501	2077	2713	2480	2260	1913
MED4	1010	973	1202	1052	964	851
MED4-AS1	4	0	0	0	1	0
ITM2B	10948	9415	10927	10048	9239	7641
LINC00441	2	0	0	3	1	2
RB1	4821	3946	4833	4572	4095	3592
LOC101929434	1	0	1	1	0	0
LPAR6	93	76	108	89	93	72
RCBTB2	241	207	278	310	290	256
LINC00462	0	0	0	0	0	0
CYSLTR2	0	0	2	0	0	0
FNDC3A	5110	4522	5002	3930	3499	2954
MLNR	5	3	5	5	3	2
CDADC1	231	199	217	217	211	127
LOC102723669	1	0	0	0	0	1
CAB39L	275	231	312	249	245	187
SETDB2	309	262	331	268	253	216
PHF11	316	314	335	251	234	209
RCBTB1	853	864	896	863	803	656
ARL11	1	1	0	1	0	0
EBPL	1418	1237	1620	1359	1220	932
KPNA3	6264	5505	6760	6094	5607	4467
CTAGE10P	9	10	8	9	17	9
SPRYD7	914	673	956	852	835	597
LOC102723679	19	4	12	14	19	8
DLEU2	477	455	530	390	461	343
MIR3613	5	0	4	2	3	1
TRIM13	1012	843	996	939	803	712
KCNRG	20	22	32	26	31	36
MIR16-1	0	0	0	0	0	0
MIR15A	1	0	3	0	1	0
DLEU1	510	451	539	522	486	372
FLJ31945	36	29	43	31	27	24
ST13P4	49	48	31	33	31	47
DLEU7	17	27	24	20	10	13
LOC102723697	28	14	18	26	14	8
DLEU7-AS1	12	7	11	9	10	9
RNASEH2B-AS1	6	6	7	3	17	5
RNASEH2B	1511	1393	1681	1601	1417	1167
GUCY1B2	28	24	19	25	46	27
LINC00371	0	0	0	0	0	2
FAM124A	34	39	40	39	38	25
SERPINE3	5	2	5	9	8	8
MIR5693	0	0	0	1	2	0
INTS6	3031	2513	3017	2922	2835	2350
INTS6-AS1	29	24	28	30	21	13
MIR4703	0	0	0	0	0	0
WDFY2	1067	861	1074	1030	879	774
DHRS12	173	144	192	156	164	103
LOC102723770	0	0	0	0	0	0
LOC101929522	0	1	1	3	1	2
LINC00282	0	2	0	3	1	0
CCDC70	0	0	1	0	0	0
ATP7B	338	284	438	392	312	251
ALG11	236	188	215	230	215	175
UTP14C	1571	1293	1602	1553	1401	1213
LOC100506859	5	1	2	5	1	3
NEK5	6	3	11	2	3	2
LOC101929657	1	0	0	2	3	2
NEK3	158	140	198	166	132	115
MRPS31P5	160	161	183	158	134	99
TPTE2P2	1	0	0	2	4	5
THSD1	194	156	162	165	146	109
VPS36	2811	2359	2939	2452	2258	1860
CKAP2	7976	6818	8472	7451	7032	5845
TPTE2P3	0	3	2	5	1	0
HNRNPA1L2	571	597	609	551	518	501
SUGT1	2082	1846	2340	2148	1865	1558
LECT1	0	0	1	1	0	0
MIR759	0	0	0	0	0	0
PCDH8	0	0	1	2	0	0
OLFM4	0	0	0	1	0	0
LOC102723875	0	0	0	0	0	0
LINC00558	0	0	0	0	0	0
LINC00458	0	0	0	0	0	0
MIR1297	0	0	0	0	0	0
MIR5007	0	0	0	0	0	0
PRR20A	0	0	0	0	0	0
PRR20B	0	0	0	0	0	0
PRR20C	0	0	0	0	0	0
PRR20D	0	0	0	0	0	0
PRR20E	0	0	0	0	0	0
PCDH17	0	0	0	0	0	0
LOC101926897	0	0	0	0	0	0
DIAPH3	2766	2338	3097	3016	2666	2331
LOC101926912	0	0	0	5	3	0
DIAPH3-AS1	2	0	1	3	0	0
DIAPH3-AS2	2	0	0	0	0	0
TDRD3	967	808	1018	866	844	729
LINC00378	0	0	0	0	0	0
LOC102723910	0	0	0	0	0	0
MIR3169	0	0	0	0	0	0
PCDH20	0	0	0	1	2	0
LOC101926951	0	0	0	0	0	0
LINC00358	0	0	0	0	0	0
LINC00395	0	0	0	0	0	0
OR7E156P	0	0	0	0	0	0
LOC647264	0	0	0	0	0	0
RNU6-81P	0	0	0	0	0	0
LOC102723968	0	0	0	0	0	0
LOC101927016	0	0	0	0	0	0
MIR548X2	0	0	0	0	0	0
MIR4704	0	0	0	0	0	0
PCDH9	170	98	157	212	187	155
PCDH9-AS2	0	0	0	0	0	0
PCDH9-AS3	0	0	0	0	0	0
PCDH9-AS4	0	0	0	0	0	0
LOC101927072	0	0	0	0	0	0
LINC00550	0	0	0	0	0	0
KLHL1	0	0	0	0	0	1
ATXN8OS	0	0	0	0	0	0
LINC00348	0	0	0	0	0	0
DACH1	8	12	11	17	9	13
MZT1	3784	3002	3665	3404	3168	2538
BORA	1739	1364	1860	1517	1305	1153
DIS3	3848	3257	3883	3876	3460	3099
PIBF1	1137	856	1065	952	864	752
RNU6-79P	0	0	1	2	0	0
KLF5	7935	6609	7645	6573	5849	4765
RNU6-66P	0	0	0	0	0	0
KLF12	680	681	752	743	695	535
LOC101927103	0	0	0	3	1	0
LOC101927121	0	0	0	0	0	0
LINC00381	3	3	3	1	0	2
LINC00347	0	0	0	0	0	0
CTAGE11P	3	9	6	2	2	6
TBC1D4	1348	1226	1455	1237	1115	947
COMMD6	917	672	991	900	817	626
UCHL3	1378	1214	1574	1613	1403	1173
RP11-173B14.5	10	8	9	23	6	18
LMO7	2286	1963	2424	2093	2017	1600
C13orf45	0	0	0	0	0	0
KCTD12	2753	2016	2242	1725	1541	1270
BTF3P11	2	1	0	2	2	5
IRG1	1	1	1	1	2	0
CLN5	907	684	958	778	702	594
FBXL3	2059	1782	2166	2015	1953	1582
MYCBP2	5448	4702	5875	5134	4675	3778
MYCBP2-AS1	0	1	2	1	1	0
SCEL	259	287	351	326	236	234
LOC100129307	0	0	0	0	1	0
SLAIN1	274	257	275	297	243	205
MIR3665	0	0	0	0	0	0
EDNRB-AS1	0	0	0	1	0	0
EDNRB	0	0	0	1	0	0
LINC01069	0	0	0	0	0	0
LINC00446	0	0	0	0	0	0
RNF219-AS1	0	2	2	3	1	2
POU4F1	34	18	27	29	22	17
RNF219	805	672	852	847	729	605
LINC00331	0	0	0	0	0	0
RBM26	5837	4824	6071	5525	5093	4289
RBM26-AS1	90	70	97	91	62	90
NDFIP2-AS1	0	0	1	0	0	0
NDFIP2	4766	4157	4977	4925	4659	3707
LOC102724065	5	2	4	1	5	7
LOC102724076	0	0	0	0	0	0
RP11-501G7.1	0	0	0	0	0	0
LINC01080	0	0	0	0	0	0
LOC101927216	0	0	0	0	0	0
LOC101927238	0	1	0	0	1	1
SPRY2	203	158	199	251	202	162
LOC102724139	0	0	0	0	0	1
RNU6-67P	0	0	0	0	0	0
SLITRK1	0	0	0	0	0	0
LINC00333	0	0	0	0	0	0
LINC00351	0	0	0	0	0	0
RNU6-72P	0	0	0	0	0	0
SLITRK6	107	74	83	80	67	61
MIR4500HG	0	0	0	0	0	0
MIR4500	0	0	0	0	0	0
SLITRK5	53	57	66	55	53	58
LINC00397	0	0	0	0	0	0
LINC00433	0	0	0	0	0	0
LINC00560	0	0	0	0	0	0
LINC00353	0	0	1	0	0	0
LINC00559	0	0	0	0	0	0
LOC102724086	0	0	0	0	0	0
MIR622	0	0	0	0	0	0
RP11-158A8.1	0	0	0	0	0	0
RNU6-75P	0	0	0	0	0	0
LINC00410	0	0	0	0	0	0
LINC00380	0	0	0	0	0	0
LINC00379	0	0	0	0	0	0
MIR17HG	90	61	82	58	62	54
MIR17	0	0	0	0	0	0
MIR18A	0	0	0	0	0	0
MIR19A	0	0	0	0	0	0
MIR20A	0	0	0	0	0	0
MIR19B1	0	0	0	0	0	0
MIR92A1	0	0	0	0	0	0
GPC5	1	0	2	5	3	7
MIR548AS	0	0	0	0	0	0
GPC5-AS1	0	0	0	0	0	0
GPC6	1	1	1	3	8	0
GPC6-AS2	0	0	0	0	0	0
GPC6-AS1	0	0	0	0	0	0
DCT	0	0	0	1	0	0
LOC102724113	1	0	0	0	0	0
TRNAF6	0	0	1	0	1	0
TGDS	396	377	480	432	353	347
GPR180	940	777	933	951	831	685
LOC101927248	0	0	0	0	0	0
SOX21	1	1	1	1	2	0
SOX21-AS1	5	2	15	6	8	9
LOC101927284	0	0	0	0	0	0
ABCC4	448	395	553	406	424	349
LOC102724149	1	2	5	1	1	5
CLDN10	2	1	5	2	1	1
CLDN10-AS1	0	0	0	0	0	0
DZIP1	993	812	1035	939	828	681
LOC101927308	27	23	33	30	30	23
DNAJC3-AS1	144	94	153	144	105	101
DNAJC3	2636	2234	2866	2746	2532	1994
UGGT2	806	672	864	829	755	652
HS6ST3	7	3	8	1	8	1
MIR4501	0	0	0	0	0	0
LINC00359	0	0	0	0	0	0
OXGR1	0	0	0	0	0	0
LOC101927361	0	0	3	0	0	0
MBNL2	1856	1450	1847	1463	1284	1166
LOC101927385	3	0	2	4	5	6
RAP2A	1321	1131	1408	1359	1247	1030
IPO5	10952	9608	12243	10949	9892	7986
FARP1	1826	1615	2018	2110	1746	1478
RNF113B	0	0	0	0	0	0
MIR3170	0	0	0	0	0	0
STK24	13242	11762	14784	11975	10688	8954
SLC15A1	0	2	2	3	4	0
DOCK9	3307	2863	3517	3426	3141	2576
DOCK9-AS1	0	2	0	0	0	1
RNU6-83P	0	0	0	0	0	0
DOCK9-AS2	25	27	26	43	34	27
UBAC2-AS1	39	43	33	45	39	39
UBAC2	2999	2899	3510	3067	2534	2099
GPR18	2	1	7	2	2	0
GPR183	1	1	2	5	1	4
FKSG29	2	5	0	1	2	2
MIR623	2	0	0	0	0	1
TM9SF2	11713	9880	12223	11645	10502	8912
CLYBL	66	62	93	64	60	57
MIR4306	0	0	0	0	0	0
CLYBL-AS2	1	0	1	0	0	0
RP11-279D17.2	0	0	0	0	0	0
LOC101927437	8	7	2	2	3	4
ZIC5	644	557	650	496	501	370
ZIC2	446	401	460	400	341	291
LINC00554	0	0	0	0	0	0
PCCA	505	451	583	496	442	352
PCCA-AS1	3	2	4	3	1	2
LOC102724293	0	0	3	0	1	0
GGACT	405	351	470	330	324	220
TMTC4	472	377	526	388	337	280
NALCN-AS1	0	0	0	0	0	0
NALCN	60	45	57	67	60	39
ITGBL1	17	18	15	27	23	12
FGF14	0	0	1	0	0	1
MIR2681	0	0	0	0	0	0
MIR4705	0	0	0	0	0	0
FGF14-IT1	0	0	0	0	0	0
FGF14-AS1	0	0	0	0	0	0
FGF14-AS2	0	0	0	0	0	0
TPP2	4307	3572	4527	4187	3831	3129
METTL21C	0	0	2	1	1	0
LOC283482	0	0	0	0	0	0
CCDC168	5	4	10	11	13	8
TEX30	788	617	831	771	695	518
KDELC1	502	434	506	466	400	359
BIVM	460	383	468	482	421	331
BIVM-ERCC5	0	0	0	0	0	0
ERCC5	72	61	86	80	70	64
METTL21EP	5	9	3	3	7	1
SLC10A2	0	0	0	0	0	0
DAOA-AS1	0	0	0	0	0	0
DAOA	0	0	0	0	0	0
LINC00343	0	0	0	0	0	0
LINC00344	0	0	1	0	0	0
LINC00460	11	15	22	29	20	18
EFNB2	1741	1417	1921	2126	2049	1526
ARGLU1	6439	5483	6428	5929	5339	4626
LINC00551	2	1	3	3	2	2
LINC00443	1	0	3	1	3	3
FAM155A	0	0	0	0	0	0
MIR1267	0	0	0	0	0	0
FAM155A-IT1	0	0	0	0	0	0
LIG4	809	636	780	916	814	771
ABHD13	1158	974	1215	1130	1177	936
TNFSF13B	4	7	2	12	3	4
LOC102724347	0	0	0	0	0	0
MYO16	36	26	30	26	29	26
MYO16-AS1	11	14	15	10	5	7
LOC101927627	0	0	0	0	0	0
LINC00676	0	0	0	0	0	0
IRS2	863	718	864	982	906	688
LOC101927695	2	0	0	0	0	0
LOC101927646	0	0	0	0	0	1
LOC101927712	3	3	3	3	3	3
COL4A1	1205	1156	1422	1487	1441	1137
COL4A2	3017	2712	3541	3481	3108	2445
LOC102724442	0	0	0	1	0	0
MIR8073	0	0	0	0	0	0
COL4A2-AS2	1	0	1	0	2	0
COL4A2-AS1	3	1	0	3	1	0
RAB20	413	343	415	360	351	291
CARKD	1585	1478	1871	1617	1378	1198
CARS2	1816	1459	2024	1813	1539	1226
ING1	959	796	1042	1016	931	721
LINC00346	260	180	273	253	225	177
ANKRD10	3211	2777	3075	2476	2270	1893
RP11-551M15.1	0	0	0	0	0	0
ARHGEF7	3990	3458	4316	3982	3441	2782
LOC101060553	28	11	7	18	19	7
TEX29	3	7	10	9	14	9
LOC102724489	0	0	0	0	0	0
LOC102724510	0	0	0	0	0	0
RP11-75F3.1	0	0	0	0	0	0
SOX1	532	512	673	452	415	376
LINC00403	0	2	0	0	3	0
LOC100506016	0	0	0	0	0	0
LINC01070	0	0	0	0	0	0
LOC101928730	0	0	0	0	0	0
LINC01043	0	0	0	0	0	0
SPACA7	0	0	0	0	0	0
TUBGCP3	2298	1886	2539	2112	1886	1591
C13orf35	0	0	0	2	1	0
ATP11A	2818	2380	2923	3019	2790	2312
ATP11A-AS1	2	2	0	0	1	2
MCF2L	91	79	114	177	125	109
MCF2L-AS1	2	3	2	8	2	0
F7	0	0	0	0	3	0
F10	10	14	13	24	14	12
LOC102724474	8	16	15	22	21	18
PROZ	28	23	28	43	28	24
PCID2	1968	1756	2179	2167	1844	1524
CUL4A	7434	6264	7881	7024	6365	5192
MIR8075	4	1	2	2	0	1
LAMP1	13059	11305	13974	12741	11386	9567
GRTP1	990	876	1063	1035	841	664
LOC101928841	7	3	9	31	40	25
ADPRHL1	194	140	178	196	162	129
DCUN1D2	547	453	577	556	477	431
TMCO3	1440	1310	1645	1473	1349	1046
TFDP1	14361	12135	15019	14126	12719	10476
ATP4B	11	8	8	2	1	1
GRK1	0	2	0	0	0	1
GRK1_1	0	0	0	0	0	0
LINC00552	0	3	0	2	1	0
TMEM255B	9	16	19	11	7	7
GAS6-AS1	77	50	78	78	64	64
GAS6	223	201	255	282	216	175
GAS6-AS2	18	25	18	35	22	18
LINC00454	0	0	0	0	0	0
LINC00452	1	0	0	2	6	3
LINC00565	0	0	1	0	1	2
LOC100507747	0	0	2	3	1	6
LOC102723545	0	1	0	1	0	1
RASA3	153	133	153	180	164	146
LOC101929355	0	0	0	0	0	1
CDC16	2760	2363	2947	2846	2490	2144
MIR548AR	14	6	18	10	7	4
MIR4502	2	0	1	3	0	3
UPF3A	2738	2330	3009	2717	2414	2180
CHAMP1	2084	1870	2429	2438	2306	1822
LOC102723647	12	13	11	12	9	11
OR11H12	0	1	0	0	0	0
RP11-536C10.7	0	0	0	0	0	0
LOC101929972	1	0	2	2	2	4
POTEM	1	3	2	1	1	1
LOC100508046	0	0	0	0	0	0
FLJ39632	183	191	210	161	161	133
BMS1P18	6	4	9	5	3	5
LOC440157	228	169	198	150	170	129
BMS1P17	2	4	5	2	4	11
POTEG	1	0	0	0	0	0
LOC102724666	2	0	3	1	5	1
OR11H2	0	1	0	0	0	0
OR4Q3	0	0	0	0	0	0
OR4M1	0	0	0	0	0	0
OR4N2	0	0	0	0	0	0
OR4K2	0	0	0	0	0	0
OR4K5	0	0	0	0	0	0
OR4K1	0	0	0	0	0	0
OR4K15	0	0	0	0	0	0
OR4K14	0	0	0	0	0	0
OR4K13	0	0	0	0	0	0
OR4L1	0	0	0	0	0	0
OR4K17	0	0	0	0	0	0
OR4N5	0	0	0	0	0	0
OR11G2	0	0	0	0	0	0
OR11H6	3	0	1	0	0	2
OR11H4	4	3	1	2	3	4
TTC5	657	603	701	697	606	483
CCNB1IP1	877	735	969	840	770	644
SNORD126	0	3	1	0	0	0
RPPH1	69	48	67	34	53	41
PARP2	2151	1872	2349	2224	1906	1693
TEP1	2030	1901	2065	2059	1889	1433
KLHL33	3	0	2	2	3	0
OSGEP	891	819	1014	958	841	770
APEX1	6958	6019	7550	6908	6146	5227
TMEM55B	921	754	1037	984	772	669
PNP	2406	2152	2662	2460	2217	1671
RNASE10	0	0	0	0	0	0
RNASE9	0	0	1	0	0	0
RNASE11	0	0	0	0	0	0
RNASE12	0	0	0	0	0	0
RP11-14J7.6	0	0	0	0	0	0
TRNAP1	0	0	0	0	0	0
TRNAL1	0	0	0	0	0	0
TRNAP2	0	0	0	1	0	0
TRNAT2	0	0	0	0	0	0
TRNAL15	0	0	0	0	0	0
TRNAT20	0	0	0	0	1	0
TRNAP17	0	0	0	0	0	0
OR6S1	0	0	0	0	0	0
TRNAY14	0	0	0	0	0	0
TRNAY13	0	0	0	0	0	0
TRNAY1	0	0	0	0	0	0
TRNAY2	0	0	0	0	0	0
TRNAT12	0	0	1	0	0	0
TRNAY3	0	1	1	0	0	0
TRNAP7	0	0	0	1	0	0
ANG	23	9	13	11	8	12
RNASE4	79	70	96	55	80	53
EDDM3A	0	0	0	0	0	0
EDDM3B	0	0	0	0	0	0
RNASE6	0	0	0	0	0	0
RNASE1	0	0	1	0	0	0
LOC100507513	0	0	0	1	0	1
RNASE3	0	0	0	0	1	0
ECRP	0	0	0	0	0	0
RNASE2	0	0	1	0	0	0
METTL17	989	846	1130	1026	848	748
RP11-84C10.4	4	7	7	11	8	12
SLC39A2	2	3	4	3	2	0
NDRG2	220	207	237	238	208	172
MIR6717	0	1	0	0	0	0
TPPP2	2	0	0	1	0	0
RNASE13	0	1	1	0	0	1
RNASE7	59	31	55	56	59	36
RNASE8	0	0	0	0	0	0
ARHGEF40	150	174	202	214	190	136
ZNF219	1400	1234	1555	1463	1399	1069
TMEM253	12	8	19	32	12	15
OR5AU1	0	0	1	0	0	0
LINC00641	420	336	456	417	416	388
HNRNPC	23568	19460	25150	23255	20971	17913
RPGRIP1	32	37	18	32	30	31
SUPT16H	18950	16028	20913	19104	17500	14927
CHD8	9392	8084	10398	10572	9626	7903
SNORD9	2	5	8	4	0	2
SNORD8	1	3	1	0	4	1
RAB2B	1142	1027	1314	1286	1101	1006
METTL3	1933	1648	2115	1904	1791	1365
SALL2	807	645	909	1027	914	671
LOC101929755	0	0	0	0	0	0
LOC102724753	0	0	0	0	0	0
DAD1	2485	2346	3071	3027	2426	2044
ABHD4	694	615	756	724	690	564
OXA1L	2740	2567	3136	2822	2584	2028
SLC7A7	18	16	23	23	23	16
MRPL52	957	847	1142	1056	944	663
MMP14	5820	4995	5994	5573	4928	4147
LRP10	5788	4989	6162	5526	4747	3665
REM2	5	12	8	11	13	17
RBM23	3349	2694	3472	3431	2970	2522
PRMT5	5291	4476	5678	5404	4704	4062
RP11-298I3.1	4	7	11	3	10	4
TRNAR21	0	0	0	0	0	0
HAUS4	1003	845	1131	1024	924	729
MIR4707	0	0	0	0	0	0
AJUBA	37	48	54	45	40	29
LOC102724795	17	15	18	12	21	13
C14orf93	264	224	264	281	243	183
PSMB5	3350	2941	3880	3971	3352	2721
PSMB11	0	0	0	1	0	2
CDH24	708	662	766	882	788	569
LOC102723563	3	4	6	3	2	3
ACIN1	9348	7383	9294	9049	8327	7168
C14orf119	1390	1242	1522	1555	1380	1105
LOC100128908	0	1	1	1	0	2
CEBPE	0	0	0	0	0	0
SLC7A8	120	89	124	127	123	83
C14orf164	9	9	13	8	20	18
HOMEZ	566	461	604	503	459	399
PPP1R3E	365	278	355	260	257	204
BCL2L2-PABPN1	0	0	0	0	0	0
BCL2L2	3652	3078	3961	3337	3130	2610
PABPN1	449	378	509	409	354	301
SLC22A17	13	7	4	13	13	6
EFS	606	580	724	694	620	446
IL25	0	0	0	0	0	0
CMTM5	0	0	0	0	0	0
MYH6	0	0	0	0	0	0
MIR208A	0	0	0	0	0	0
MYH7	0	0	0	0	0	0
MIR208B	0	0	0	0	0	0
NGDN	1267	1089	1370	1266	1136	927
THTPA	184	135	171	186	178	133
ZFHX2	113	92	88	129	124	73
AP1G2	1596	1485	1847	1702	1490	1166
LOC102724814	50	59	60	61	57	49
JPH4	0	0	1	1	0	0
LOC102724824	2	0	0	0	0	0
DHRS2	252	201	299	363	273	271
LOC102724845	0	0	0	0	0	0
DHRS4-AS1	589	564	592	534	519	422
DHRS4	144	124	167	134	122	108
DHRS4L2	202	173	249	225	199	162
DHRS4L1	11	12	20	11	11	9
LOC101927011	5	8	3	8	5	7
LRRC16B	5	4	4	6	2	2
CPNE6	0	0	0	0	1	3
NRL	19	18	23	9	16	19
PCK2	1106	1069	1349	1027	849	595
DCAF11	2530	2105	2852	2348	2123	1709
FITM1	2	2	0	1	3	1
PSME1	4514	4094	4840	3747	3454	2978
EMC9	586	566	672	622	554	439
PSME2	3378	2959	3437	2882	2631	2178
MIR7703	0	0	0	0	0	0
RNF31	1200	1096	1327	1199	1132	866
IRF9	1549	1393	1395	565	579	451
REC8	186	161	202	112	99	81
IPO4	3003	2533	3434	3392	3038	2359
TM9SF1	2829	2402	2969	2913	2616	2010
TSSK4	76	77	74	93	50	45
CHMP4A	1499	1244	1589	1570	1348	1264
NEDD8-MDP1	0	0	0	0	0	0
MDP1	12	11	22	17	18	8
NEDD8	1027	973	1206	1217	1006	898
GMPR2	1936	1677	2164	2093	1796	1503
TINF2	1331	1158	1397	1194	1157	899
TGM1	662	534	473	442	358	277
RABGGTA	699	606	700	767	595	536
DHRS1	476	423	551	481	394	338
NOP9	1208	962	1219	1318	1153	847
CIDEB	13	8	14	13	13	13
LTB4R2	46	57	49	68	62	52
LTB4R	734	629	715	791	693	599
ADCY4	5	1	6	6	3	4
RIPK3	2	2	1	2	4	0
NFATC4	626	518	617	706	584	478
NYNRIN	344	293	370	387	354	284
CBLN3	27	27	27	38	44	37
KHNYN	2157	1890	2179	2020	1863	1600
SDR39U1	164	167	170	158	169	159
LOC101927045	228	229	243	239	204	181
CMA1	4	4	5	6	6	2
CTSG	0	0	0	0	0	0
GZMH	0	0	0	0	0	0
GZMB	0	1	0	0	0	0
STXBP6	34	36	27	22	43	27
NOVA1	89	81	103	101	89	77
RP11-626P14.1	0	0	0	0	0	0
LOC102724890	0	0	0	0	0	0
RP11-384J4.1	0	0	0	0	0	0
MIR4307	0	0	0	0	0	0
LOC728755	57	36	74	48	47	31
LINC00645	4	4	4	2	7	1
FOXG1	14	5	7	15	6	6
C14orf23	0	0	0	0	0	0
LOC102724917	0	0	0	0	0	0
LOC102724934	0	0	0	0	0	0
PRKD1	463	433	459	490	414	333
G2E3	2464	2061	2555	2260	2139	1712
SCFD1	4581	3743	4888	4959	4600	3772
COCH	35	27	36	25	24	31
RP11-829H16.3	0	1	6	2	2	4
STRN3	3704	3230	3969	4098	3791	3167
MIR624	0	0	0	0	0	0
AP4S1	1188	952	1257	1100	1060	816
HECTD1	15273	13095	16342	15751	14567	11960
HEATR5A	1654	1566	1923	1743	1566	1272
LOC101927124	11	14	9	8	17	8
DTD2	750	694	891	708	616	559
GPR33	0	0	0	0	0	0
NUBPL	1404	1206	1476	1300	1148	964
ARHGAP5-AS1	67	78	85	78	67	66
ARHGAP5	9882	7981	10004	9759	9149	7466
RNU6-7	4	0	0	0	3	0
RNU6-8	8	12	5	5	9	2
AKAP6	68	51	78	66	47	54
NPAS3	8	2	9	3	4	9
EGLN3	286	218	275	271	219	209
LOC102724945	3	0	0	0	0	0
SPTSSA	4590	3726	4118	3946	3813	3266
LOC102724963	0	0	0	0	0	0
EAPP	1196	993	1246	1168	1120	1019
LOC102723306	0	0	0	0	0	0
RNU1-27P	0	0	0	0	1	3
RNU1-28P	0	2	0	1	0	0
LOC102723319	1	0	0	1	0	0
SNX6	4315	3815	4718	4432	3962	3244
CFL2	2037	1849	2376	2158	1993	1561
BAZ1A	8625	7174	9148	8849	8220	6967
LOC100506157	15	21	33	19	15	18
LOC102723366	3	2	2	2	0	0
IGBP1P1	1	0	0	1	5	0
SRP54	5148	4411	5629	5209	4654	4070
FAM177A1	2381	1911	2391	2583	2322	1951
PPP2R3C	727	651	842	685	625	538
LOC101927178	33	27	31	44	34	24
KIAA0391	1877	1627	2124	1871	1647	1307
PSMA6	7240	6374	7754	7065	6461	5157
LOC102723388	0	0	0	0	0	1
NFKBIA	3686	3078	3600	3278	3081	2398
INSM2	0	0	0	0	0	0
RALGAPA1	2012	1695	2040	2237	1990	1573
BRMS1L	1877	1548	1991	1981	1826	1530
LINC00609	0	0	4	2	3	0
PTCSC3	1	2	2	3	0	4
LOC101927199	0	0	0	0	1	0
LOC102723418	0	0	0	0	0	0
MBIP	873	792	988	869	754	630
SFTA3	1	1	4	1	0	1
NKX2-1	132	106	145	87	105	69
NKX2-1-AS1	3	1	3	4	5	0
NKX2-8	113	106	141	93	85	54
LOC102723434	0	1	1	0	0	0
LOC101927291	3	1	2	4	0	0
PAX9	3335	2895	3441	2527	2197	1911
SLC25A21	1512	1235	1404	1179	1111	857
MIR4503	0	0	0	0	0	0
SLC25A21-AS1	79	29	64	22	26	33
MIPOL1	539	442	558	437	420	351
FOXA1	1195	805	1045	1076	972	781
TTC6	11	9	13	10	5	3
SSTR1	0	0	0	0	0	0
CLEC14A	0	0	0	0	0	0
LOC102723503	0	0	0	0	0	0
LINC00639	3	7	5	1	6	7
LOC102723516	0	0	0	1	0	0
SEC23A	8810	7594	9272	8458	7814	6352
GEMIN2	943	858	1037	920	888	660
TRAPPC6B	2312	1813	2241	2558	2288	2014
PNN	10291	8035	10038	9163	8059	7623
MIA2	6	5	2	1	1	0
CTAGE5	2145	1796	2140	1787	1651	1425
LOC100288846	5	3	4	1	5	7
FBXO33	1015	877	1215	1132	995	846
LOC644919	163	128	185	139	140	94
LRFN5	37	26	33	36	31	36
FSCB	0	0	0	0	0	0
LOC101927351	0	0	0	0	0	0
LOC101927395	0	0	0	0	0	0
C14orf28	209	176	217	175	150	128
RP11-857B24.5	2	9	8	4	2	2
KLHL28	1052	863	1027	1067	954	762
FAM179B	1982	1463	1889	1833	1657	1449
PRPF39	1674	1411	1810	1584	1465	1320
SNORD127	1	3	3	0	1	2
FKBP3	4343	3740	4850	4167	3867	3407
FANCM	660	551	751	752	710	638
MIS18BP1	5928	4816	5836	4840	4566	3846
LINC00871	1	0	0	0	0	0
RPL10L	5	5	5	3	3	6
MDGA2	0	0	0	0	0	0
MIR548Y	0	0	0	0	0	0
LINC00648	10	10	9	8	12	5
LOC101927483	0	0	0	0	0	0
RPS29	10534	11391	13558	12106	9545	7586
RN7SL1	537	801	706	565	471	394
LRR1	1651	1405	1815	1775	1413	1174
RPL36AL	4329	3748	4963	4448	4001	3419
MGAT2	2924	2392	3180	2923	2678	2159
DNAAF2	709	684	841	732	610	493
POLE2	856	740	953	822	788	596
KLHDC1	37	51	50	40	58	53
KLHDC2	1118	1000	1303	1120	1012	877
NEMF	5251	4021	5093	4969	4621	4178
RN7SL2	966	1593	1453	1128	1157	805
ARF6	8350	7053	8609	7880	7139	5524
RP11-58E21.4	1	2	0	1	1	2
MIR6076	0	0	0	0	0	0
C14orf182	41	42	42	29	39	31
RP11-58E21.3	12	8	14	16	13	16
C14orf183	2	0	0	7	3	1
VCPKMT	506	424	532	525	468	373
SOS2	1666	1459	1802	1656	1537	1324
L2HGDH	3033	2564	3342	3009	2678	2156
MIR4504	0	0	0	0	0	0
ATP5S	752	681	755	649	632	494
CDKL1	242	190	290	193	182	143
MAP4K5	4415	3934	4901	4167	3825	3210
ATL1	80	90	103	90	78	66
SAV1	2225	1892	2306	2071	1967	1612
NIN	5597	4729	6138	6369	5949	4905
ABHD12B	15	7	10	8	9	11
PYGL	5372	4857	6196	5439	4936	3901
TRIM9	97	71	65	116	84	63
TMX1	6869	5656	6796	6272	5855	4932
LINC00640	4	5	2	3	4	5
FRMD6-AS2	0	0	0	0	1	0
FRMD6	3935	3464	4153	4016	3714	2900
FRMD6-AS1	69	61	89	55	36	40
RP11-280K24.4	3	1	4	3	1	1
GNG2	7	9	10	25	11	14
LOC102723604	0	0	0	0	0	0
C14orf166	5926	5160	6691	6132	5538	4591
NID2	37	38	55	43	61	43
PTGDR	0	0	0	0	0	0
PTGER2	15	13	17	17	18	10
TXNDC16	902	709	920	952	856	795
GPR137C	60	68	71	104	93	71
ERO1L	4947	4343	5482	4657	4343	3497
PSMC6	5733	5117	6287	6107	5515	4637
STYX	2891	2410	2960	3027	2773	2268
GNPNAT1	8772	7576	9411	8724	7902	6469
FERMT2	4089	3387	4260	4431	3963	3343
DDHD1	1368	1245	1481	1485	1357	1057
RP11-547D23.1	0	1	0	1	4	5
LOC102723621	0	0	0	0	0	0
MIR5580	0	0	0	0	0	0
BMP4	21	15	14	16	18	15
CDKN3	2354	1991	2710	2198	1960	1678
CNIH1	5853	5496	6433	6436	5821	4718
GMFB	7697	6679	8263	8147	7524	6208
CGRRF1	541	509	603	660	665	501
SAMD4A	284	258	339	412	314	272
LOC729451	1	0	0	2	0	1
GCH1	915	789	979	1203	1062	840
MIR4308	0	0	0	1	0	0
WDHD1	5214	4410	5296	4766	4341	3557
SOCS4	4352	3790	4424	4873	4401	3743
MAPK1IP1L	7893	6605	8542	7763	6991	5830
LGALS3	4160	3476	4471	4395	3848	3155
DLGAP5	7470	5880	7771	5399	4971	4212
FBXO34	3073	2543	3227	2815	2476	2144
ATG14	1137	1034	1316	1270	1169	957
TBPL2	0	4	2	0	2	0
KTN1-AS1	119	100	166	90	90	75
KTN1	35229	29166	36014	32789	30354	25997
RPL13AP3	32	51	30	35	38	40
LINC00520	6	0	5	6	4	2
LOC102723670	3	4	1	2	1	5
LOC102723682	0	3	2	2	1	1
PELI2	339	292	323	271	294	224
LOC102723699	0	0	0	0	0	0
LOC101927690	0	0	0	0	0	0
TMEM260	877	756	864	830	799	669
OTX2	1	0	0	0	0	0
OTX2-AS1	2	0	0	0	0	0
EXOC5	8818	7176	9167	8585	8212	6809
AP5M1	2412	2039	2520	2506	2294	1890
NAA30	2219	2029	2499	2490	2157	1750
C14orf105	0	0	1	0	0	0
SLC35F4	1	1	0	2	1	1
C14orf37	149	109	160	152	141	100
ACTR10	2886	2583	3174	2976	2536	2091
TRNAK13	0	1	0	0	0	1
PSMA3	5498	4798	5911	5181	4741	3947
FLJ31306	1568	1265	1515	1642	1438	1216
ARID4A	1544	1171	1447	1626	1541	1278
TOMM20L	26	11	19	31	18	15
TIMM9	1571	1349	1814	1500	1326	1155
KIAA0586	2244	1889	2199	1990	1891	1455
DACT1	9	11	14	17	15	11
LOC102723725	0	0	0	0	0	0
LOC102723742	0	0	0	0	0	0
DAAM1	2608	2356	2780	2725	2301	1925
L3HYPDH	279	273	367	299	226	218
GPR135	34	28	34	20	16	20
JKAMP	2130	1806	2281	2120	1929	1593
CCDC175	0	0	0	0	0	0
RTN1	56	34	51	63	36	51
MIR5586	0	0	0	0	0	0
LRRC9	22	18	20	19	14	16
PCNXL4	2453	2160	2639	2434	2213	1800
DHRS7	1692	1439	1768	1560	1322	1088
LOC101927702	0	0	3	3	5	2
PPM1A	4112	3710	4392	3932	3517	2877
LOC101927729	0	0	0	0	0	0
C14orf39	20	8	8	8	9	13
SIX6	0	0	2	1	0	0
SIX1	1038	870	1104	806	686	600
SIX4	2268	2031	2447	2299	2124	1576
MNAT1	2362	1946	2573	2326	2020	1764
TRMT5	1478	1305	1518	1503	1481	1091
SLC38A6	472	344	416	370	361	270
LOC101927756	1	4	1	4	6	2
TMEM30B	4518	3887	4561	4415	3908	3297
PRKCH	1309	1137	1454	1374	1260	1095
RP11-47I22.2	4	0	2	3	5	2
FLJ22447	6	13	5	10	6	4
HIF1A-AS1	0	2	3	0	1	0
HIF1A	7420	6428	8178	7492	6811	5933
HIF1A-AS2	3	2	4	1	4	1
SNAPC1	1095	862	1142	1009	1027	738
SYT16	14	17	25	24	18	21
LINC00643	1	1	2	3	4	0
LINC00644	0	0	0	0	0	0
KCNH5	2	2	4	1	0	2
RHOJ	2	2	5	3	3	6
GPHB5	0	0	0	0	0	0
PPP2R5E	9452	8226	10060	9255	8539	7090
WDR89	2153	1729	2127	1861	1797	1332
SGPP1	2115	1761	2144	2256	2093	1672
SYNE2	16067	14297	16680	14695	13583	11763
MIR548H1	1	0	0	0	0	0
ESR2	61	70	102	82	79	69
TEX21P	15	16	12	12	8	6
MTHFD1	21345	18706	23951	20342	18354	15492
ZBTB25	764	657	777	696	667	506
AKAP5	528	437	467	730	634	506
ZBTB1	3233	2728	3323	3128	2927	2363
LOC102723809	16	9	17	22	26	23
HSPA2	2450	2206	2727	3428	2909	2233
PPP1R36	25	16	9	32	23	24
LOC101927856	1	2	2	5	4	1
PLEKHG3	4008	3558	4265	4357	3895	3036
SPTB	547	434	546	614	594	413
MIR7855	0	0	0	0	0	0
CHURC1-FNTB	0	0	0	0	0	0
CHURC1	1975	1641	1930	2194	1848	1681
GPX2	198	159	163	185	137	144
RAB15	284	262	279	384	335	285
FNTB	36	34	43	48	37	25
MAX	2074	1826	2273	2036	1902	1536
MIR4706	2	0	0	0	2	0
RP11-840I19.3	5	4	4	2	2	1
LOC100128233	0	0	0	0	0	0
MIR4708	0	0	0	0	0	0
FUT8	1300	1167	1507	1214	1028	912
FUT8-AS1	5	3	1	2	1	3
MIR625	0	0	0	0	0	0
LOC101927878	0	0	0	0	0	0
LINC00238	4	3	0	0	2	2
GPHN	2449	2112	2718	2630	2384	1993
LOC101927899	4	1	2	0	0	1
FAM71D	3	2	1	3	5	2
MPP5	5443	4649	5722	5570	5046	4178
ATP6V1D	2755	2413	3052	3385	2898	2514
EIF2S1	10005	8781	11342	10362	9370	8096
PLEK2	756	775	856	893	755	661
MIR5694	0	0	0	0	0	0
TMEM229B	27	34	31	16	15	16
PLEKHH1	301	249	344	360	295	242
PIGH	361	329	365	342	323	251
ARG2	671	538	753	681	597	460
LOC102723884	0	4	2	2	5	0
VTI1B	1978	1683	2219	1949	1757	1499
RDH11	6876	6147	7624	6791	6252	4998
RDH12	3	3	11	3	4	10
LOC102723898	0	0	0	0	0	0
ZFYVE26	1736	1684	2016	1817	1596	1330
RAD51B	370	326	412	303	296	229
LOC101927971	0	0	0	0	0	0
LOC102723923	0	4	0	0	0	1
LOC100996664	1	2	0	1	0	2
ZFP36L1	4058	3432	4129	3976	3473	2813
ACTN1	30354	26722	33978	27417	24302	19622
ACTN1-AS1	135	143	180	161	142	110
DCAF5	3332	2846	3622	3431	3129	2609
EXD2	2431	2269	2922	2485	2347	1704
GALNT16	58	53	69	47	50	33
ERH	8782	7921	10124	9441	8232	7167
SLC39A9	7506	6316	7995	7819	7078	5673
PLEKHD1	4	5	1	2	1	0
CCDC177	1	2	0	0	0	0
KIAA0247	856	824	825	1100	924	743
LOC100289511	16	7	10	14	7	8
SRSF5	5586	4473	5493	5360	4739	4076
SLC10A1	0	3	3	4	9	2
LOC100506358	0	2	1	6	5	1
SMOC1	0	3	2	4	16	5
SLC8A3	2	2	3	1	0	0
ADAM21P1	1	0	1	1	1	0
LOC101928046	1	1	0	0	0	0
SYNJ2BP-COX16	0	0	0	0	0	0
COX16	90	106	112	123	111	91
SYNJ2BP	3237	2725	3482	3225	2860	2457
ADAM21	17	16	19	12	10	10
LOC102723984	0	0	2	1	2	0
ADAM20P1	42	32	36	30	35	33
ADAM20	14	16	9	11	11	15
MED6	1376	1157	1559	1409	1322	1051
LOC101928075	0	0	0	0	0	1
TTC9	144	133	142	183	155	146
MAP3K9	971	787	932	1237	1077	849
LOC100506411	124	109	144	142	145	122
PCNX	5874	5098	6519	5928	5584	4555
LOC102724015	6	7	5	7	7	3
SNORD56B	0	0	0	1	0	0
LOC102724024	10	10	23	12	12	18
LOC145474	1	3	6	7	4	3
SIPA1L1	3245	3053	3828	3486	3082	2586
RGS6	3	4	1	2	2	5
MIR7843	0	0	0	0	0	0
DPF3	66	65	87	138	121	99
LOC102724054	0	0	0	0	0	0
DCAF4	1112	927	1291	1005	841	728
TRNAC24	1	0	2	1	1	0
ZFYVE1	889	880	983	989	882	712
RBM25	12898	10842	12964	12735	11861	10879
PSEN1	7014	6172	7292	6844	6305	5276
PAPLN	361	321	354	271	286	163
LOC101928123	0	3	6	9	2	2
NUMB	8480	7561	9229	8891	8116	6665
LOC101928143	0	0	0	0	1	0
HEATR4	56	38	49	46	46	36
C14orf169	970	897	1167	1026	904	743
ACOT1	208	208	248	250	202	157
ACOT2	1137	1028	1312	1197	1098	818
ACOT4	284	275	332	329	297	221
LOC101928206	2	2	7	1	0	0
ACOT6	6	11	10	7	9	8
DNAL1	1728	1438	1815	1766	1636	1295
PNMA1	3135	2597	3313	3272	2857	2353
ELMSAN1	4999	4298	5628	4815	4335	3406
MIR4505	0	0	0	4	3	2
RP5-1021I20.1	84	92	94	95	74	68
LOC100506498	1	3	4	2	7	4
PTGR2	1746	1510	1941	1525	1514	1162
ZNF410	5128	4604	5761	5276	4569	3718
FAM161B	365	293	340	342	330	241
COQ6	877	713	938	992	846	681
ENTPD5	669	606	832	736	734	564
CCDC176	179	144	171	163	153	108
ALDH6A1	761	702	867	647	631	494
LIN52	952	863	1048	963	907	746
VSX2	5	3	3	4	5	2
ABCD4	1482	1333	1811	1648	1501	1099
VRTN	0	0	0	1	1	0
SYNDIG1L	0	0	1	2	1	0
NPC2	3162	2841	3478	3904	3412	2927
MIR4709	0	0	0	0	0	0
ISCA2	1182	1049	1284	1162	995	789
LTBP2	564	559	642	1087	987	762
LOC101928352	10	12	7	12	10	7
AREL1	6092	5152	6561	6069	5510	4356
FCF1	6199	5371	6830	6327	5859	5003
YLPM1	10183	8483	10835	9995	9510	7713
PROX2	223	226	255	282	236	206
DLST	7976	6994	8915	8386	7322	6019
RPS6KL1	291	242	313	362	380	290
PGF	48	35	32	79	60	34
EIF2B2	2783	2303	3013	3056	2727	2206
MLH3	2289	1986	2481	2261	2006	1723
ACYP1	444	381	502	417	385	295
ZC2HC1C	102	71	106	151	126	109
NEK9	5934	4967	6205	6352	5690	4623
TMED10	21678	18523	23425	21093	19220	15731
FOS	571	403	395	543	482	419
RP11-293M10.5	4	3	7	4	3	6
LOC101928377	49	64	64	77	65	56
JDP2	2794	2225	2792	2749	2434	2001
BATF	0	0	0	0	0	0
LOC102724153	0	0	0	0	0	0
FLVCR2	44	28	32	86	69	44
MIR7641-2	0	0	0	0	1	0
C14orf1	2902	2564	3245	3405	2933	2484
TTLL5	3961	3233	4026	3832	3571	2981
TGFB3	66	57	68	86	61	74
LOC102724170	2	3	7	3	0	2
IFT43	778	658	861	775	648	511
GPATCH2L	3332	2790	3332	3616	3223	2717
ESRRB	15	17	35	23	36	27
VASH1	404	386	450	518	422	369
LOC100506603	152	138	167	156	131	113
ANGEL1	2299	2087	2485	2525	2151	1674
C14orf166B	0	0	0	0	0	0
IRF2BPL	7226	5476	5972	4536	3901	3027
RP11-7F17.5	46	23	21	32	22	19
LOC102724190	3	2	4	2	5	3
CIPC	2913	2583	3224	2938	2676	2117
ZDHHC22	4	2	2	3	14	5
LOC101926998	0	0	0	1	0	0
TMEM63C	144	108	171	219	183	121
NGB	0	1	0	0	0	1
MIR1260A	0	0	0	0	0	0
POMT2	1017	970	1189	1070	879	758
GSTZ1	939	806	928	825	762	666
TMED8	2220	1885	2359	2321	2112	1674
SAMD15	150	95	125	136	127	143
NOXRED1	24	14	23	19	35	22
VIPAS39	1267	1047	1335	1232	1119	997
AHSA1	10719	8719	10932	9486	8820	7415
ISM2	4	2	7	10	0	2
SPTLC2	6462	5577	6658	5468	4810	3989
ALKBH1	996	844	1056	1032	875	731
SLIRP	2446	2175	3008	2922	2470	2048
SNW1	6926	5895	7332	6606	6106	5068
C14orf178	7	4	3	11	8	10
ADCK1	286	216	294	289	272	221
NRXN3	0	0	0	3	0	0
DIO2	679	502	644	719	577	552
DIO2-AS1	0	1	1	0	1	2
LOC102724213	3	5	0	1	2	1
CEP128	1830	1478	1820	1799	1624	1309
TSHR	5	2	1	1	2	5
LOC101928462	0	0	0	5	1	1
LOC101928431	12	4	11	22	16	10
GTF2A1	5669	4552	5704	5874	5405	4495
SNORA79	2	0	1	2	0	1
LOC101928504	65	39	54	67	56	43
STON2	4842	4044	5358	4100	3755	2954
RP11-299L17.3	0	0	0	0	0	1
LOC102724277	0	0	0	0	0	0
SEL1L	11002	9282	11532	11080	10042	7853
RP11-799P8.1	2	0	0	2	0	0
LOC102724294	0	0	0	0	0	0
RP11-406A9.2	0	0	0	0	0	0
LOC102724338	0	0	0	0	0	0
LINC00911	0	0	0	0	0	0
LOC100506731	4	3	2	8	6	7
FLRT2	394	357	411	438	400	354
LOC102724348	2	6	7	5	6	0
LOC101928767	38	40	37	37	26	27
LOC101928740	1	1	0	0	0	1
LOC102724380	2	4	11	2	5	3
LOC283585	0	0	0	0	0	0
GALC	948	838	1040	994	867	801
GPR65	0	0	0	0	1	0
RP11-300J18.1	0	0	0	0	0	0
LINC01146	0	0	0	0	0	0
KCNK10	0	0	1	1	4	0
SPATA7	407	337	387	354	308	321
PTPN21	842	792	996	832	800	606
ZC3H14	6254	5304	6817	6377	5786	5012
EML5	575	501	597	613	544	486
TTC8	2653	2407	2846	2687	2454	2215
TRNAA17	0	0	0	0	0	0
FOXN3	2605	2519	2844	2511	2341	1895
LOC102724423	7	8	0	4	10	4
LOC101928817	0	2	0	0	2	0
FOXN3-AS1	35	13	36	37	25	35
LOC102723683	1	0	0	0	1	0
FOXN3-AS2	0	1	0	0	1	0
EFCAB11	1080	933	1178	1032	912	815
TDP1	2426	1992	2660	2357	1975	1753
LOC101927029	2	5	0	3	3	2
KCNK13	5	9	17	25	16	16
PSMC1	11989	9997	13020	12775	11646	9946
NRDE2	2610	2199	2773	2640	2413	1928
CALM1	37784	32300	40229	41046	37064	30993
LOC101930294	2	0	0	0	3	0
LINC00642	5	0	0	3	2	1
TTC7B	3106	2784	3605	3071	2610	2091
LOC102724444	1	0	1	2	1	0
RP11-1078H9.5	3	7	3	4	5	3
RPS6KA5	1252	1121	1243	1049	1011	896
LOC102724461	0	0	0	1	0	0
C14orf159	173	145	172	120	90	86
SNORA11B	0	0	1	0	0	0
GPR68	39	27	37	41	37	50
LOC102724476	0	2	0	0	1	0
CCDC88C	1226	969	1220	1125	898	798
SMEK1	13735	11699	15113	13961	12655	10274
LOC101928957	0	0	0	1	0	0
CATSPERB	0	0	0	1	0	0
TC2N	0	0	0	0	0	1
FBLN5	309	240	342	375	366	308
LOC102724531	0	0	0	0	0	0
TRIP11	8800	7324	9133	9304	8573	7350
ATXN3	2615	2177	2657	2471	2118	1754
LOC102724564	3	2	4	6	1	0
NDUFB1	2016	1748	2275	2309	2050	1762
CPSF2	18790	15238	20287	18511	16928	13676
SLC24A4	10	8	11	30	33	16
RIN3	1514	1394	1863	1551	1317	1051
LGMN	4540	3943	4962	5512	4687	3952
GOLGA5	6419	5375	6663	6671	6170	5205
LOC101929002	0	0	0	0	0	0
CHGA	0	0	0	0	0	0
ITPK1	7	5	8	3	1	4
ITPK1-AS1	0	0	0	0	0	0
MOAP1	0	0	0	0	0	0
TMEM251	0	0	0	0	0	0
C14orf142	0	0	0	0	0	0
UBR7	0	0	0	0	0	0
BTBD7	0	0	0	0	0	0
UNC79	0	0	0	0	0	0
COX8C	0	0	0	0	0	0
PRIMA1	0	0	0	0	0	0
FAM181A-AS1	0	0	0	0	0	0
FAM181A	0	0	0	0	0	0
ASB2	0	0	0	0	0	0
MIR4506	0	0	0	0	0	0
LINC00521	0	0	0	0	0	0
OTUB2	0	0	0	0	0	0
DDX24	0	0	0	0	0	0
IFI27L1	0	0	0	0	0	0
IFI27	0	0	0	0	0	0
IFI27L2	0	0	0	0	0	0
PPP4R4	0	0	0	0	0	0
SERPINA10	0	0	0	0	0	0
SERPINA6	0	0	0	0	0	0
SERPINA1	129	90	127	160	154	131
SERPINA11	0	0	0	0	1	0
SERPINA9	0	0	2	9	10	1
SERPINA12	0	2	0	1	0	2
SERPINA4	0	0	0	2	0	2
SERPINA5	5	2	7	8	1	6
LOC101929055	0	0	0	0	0	0
SERPINA3	128	135	144	221	169	194
SERPINA13P	0	0	0	0	3	0
GSC	95	68	107	82	73	53
DICER1	9087	7864	10005	9318	8604	7197
MIR3173	4	0	0	1	1	1
DICER1-AS1	210	210	190	209	167	147
CLMN	2599	2308	3110	2985	2613	2074
RP11-725G5.2	2	0	1	1	0	0
LINC00341	13	8	5	7	13	10
SYNE3	20	25	17	21	22	12
LOC101929107	1	0	1	2	0	0
LOC102724640	2	2	2	3	4	3
SNHG10	583	516	682	557	511	376
SCARNA13	0	0	0	0	0	0
GLRX5	5314	4613	6004	5276	4570	3827
LOC100506999	2	0	2	3	3	3
TCL6	0	0	0	0	0	0
TCL1B	0	0	0	0	0	0
TCL1A	0	0	0	0	0	0
LINC00617	0	0	0	0	0	0
C14orf132	466	421	538	536	487	461
BDKRB2	718	575	775	668	595	507
BDKRB1	20	25	46	33	58	33
ATG2B	6855	5714	7197	7467	6959	5434
GSKIP	3101	2716	3351	3510	3325	2485
AK7	23	13	24	19	22	19
PAPOLA	41746	33962	43678	42422	39035	32229
LOC102724667	5	1	2	3	3	4
VRK1	5374	4718	5803	5439	4878	4190
LINC00618	26	26	24	23	20	20
LOC101929241	0	0	0	0	0	0
RP11-76E12.1	0	0	0	0	0	0
C14orf64	4	6	9	7	2	4
C14orf177	0	0	0	0	0	0
BCL11B	385	312	365	361	360	200
SETD3	2602	2211	2797	2627	2446	1996
CCNK	2948	2467	3246	3014	2596	2258
CCDC85C	1898	1765	2213	1831	1510	1193
HHIPL1	0	0	0	0	0	1
CYP46A1	2	0	7	5	3	2
EML1	437	436	510	476	378	329
LOC102724682	0	0	0	0	0	0
EVL	279	256	273	286	250	199
MIR151B	0	0	0	0	0	0
MIR342	0	0	0	0	0	0
DEGS2	10	2	6	7	9	4
YY1	5877	5012	6129	5614	5095	4327
MIR6764	0	1	0	4	2	1
SLC25A29	1060	931	1151	1108	1025	792
MIR345	0	0	0	0	0	0
SLC25A47	2	0	0	0	0	0
WARS	13096	11984	12040	6128	5194	4532
WDR25	135	111	138	95	95	75
BEGAIN	62	39	115	85	55	56
LINC00523	0	0	0	2	2	3
DLK1	0	0	0	0	0	0
MIR2392	0	0	0	0	0	0
MEG3	0	0	0	0	0	0
MIR770	0	0	0	0	0	0
MIR493	0	0	0	0	0	0
MIR337	0	0	0	0	0	0
MIR665	0	0	0	0	0	0
RTL1	0	0	0	0	0	1
MIR431	0	0	0	0	0	0
MIR433	0	0	0	0	0	0
MIR127	0	0	0	0	0	0
MIR432	0	0	0	0	0	0
MIR136	0	0	0	0	0	0
MEG8	0	0	0	0	0	0
SNORD112	0	0	0	0	0	0
AL132709.5	0	0	0	0	0	0
MIR370	0	0	0	0	0	0
SNORD113-1	0	0	0	0	0	0
SNORD113-2	0	0	0	0	0	0
SNORD113-3	0	0	0	0	0	0
SNORD113-4	0	0	0	0	0	0
SNORD113-5	0	0	0	0	0	0
SNORD113-6	0	0	0	0	0	0
SNORD113-7	0	0	0	0	0	0
SNORD113-8	0	0	0	0	0	0
SNORD113-9	0	0	0	0	0	0
SNORD114-1	0	0	0	0	0	0
SNORD114-2	0	0	0	0	0	0
SNORD114-3	0	0	0	0	0	0
SNORD114-4	0	0	0	0	0	0
SNORD114-5	0	0	0	0	0	0
SNORD114-6	0	0	0	0	0	0
SNORD114-7	0	0	0	0	0	0
SNORD114-8	0	0	0	0	0	0
SNORD114-9	0	0	0	0	0	0
SNORD114-10	0	0	0	0	0	0
RP11-909M7.3	1	0	0	0	0	0
SNORD114-11	0	0	0	0	0	0
SNORD114-12	0	0	0	0	0	0
SNORD114-13	0	0	0	0	0	0
SNORD114-14	0	0	0	0	0	0
SNORD114-15	0	0	0	0	0	0
SNORD114-16	0	0	0	0	0	0
SNORD114-17	0	0	0	0	0	0
SNORD114-18	0	0	0	0	0	0
SNORD114-19	0	0	0	0	0	0
SNORD114-20	0	0	0	0	0	0
SNORD114-21	0	0	0	0	0	0
SNORD114-22	0	0	0	0	0	0
SNORD114-23	0	0	0	0	0	0
SNORD114-24	0	0	0	0	0	0
SNORD114-25	0	0	0	0	0	0
SNORD114-26	0	0	0	0	0	0
SNORD114-27	0	0	0	0	0	0
SNORD114-28	0	0	0	0	0	0
SNORD114-29	0	0	0	0	0	0
SNORD114-30	0	0	0	0	0	0
SNORD114-31	0	0	0	0	0	0
MIR379	0	0	0	0	0	0
MIR411	0	0	0	0	0	0
MIR299	0	0	0	0	0	0
MIR380	0	0	0	0	0	0
MIR1197	0	0	0	0	0	0
MIR323A	0	0	0	0	0	0
MIR758	0	0	0	0	0	0
MIR329-1	0	0	0	0	0	0
MIR329-2	0	0	0	0	0	0
MIR494	0	0	0	0	0	0
MIR1193	0	0	0	0	0	0
MIR543	0	0	0	0	0	0
MIR495	0	0	0	0	0	0
MIR376C	0	0	0	0	0	0
MIR376A2	0	0	0	0	0	0
MIR654	0	0	0	0	0	0
MIR376B	0	0	0	0	0	0
MIR376A1	0	0	0	0	0	0
MIR300	0	0	0	0	0	0
MIR1185-1	0	0	0	0	0	0
MIR1185-2	0	0	0	0	0	0
MIR381HG	0	0	0	0	0	0
MIR381	0	0	0	0	0	0
MIR487B	0	0	0	0	0	0
MIR539	0	0	0	0	0	0
MIR889	0	0	0	0	0	0
MIR544A	0	0	0	0	0	0
MIR655	0	0	0	0	0	0
MIR487A	0	0	0	0	0	0
MIR382	0	0	0	0	0	0
MIR134	0	0	0	0	0	0
MIR668	0	0	0	0	0	0
MIR485	0	0	0	0	0	0
MIR323B	0	0	0	0	0	0
MIR154	0	0	0	0	0	0
MIR496	0	0	0	0	0	0
MIR377	0	0	0	0	0	0
MIR541	0	0	0	0	0	0
MIR409	0	0	0	0	0	0
MIR412	0	0	0	0	0	0
MIR369	0	0	0	0	0	0
MIR410	0	0	0	0	0	0
MIR656	0	0	0	0	0	0
MEG9	0	0	0	0	0	1
LOC101929422	0	0	0	0	0	0
LOC101929443	1	0	0	0	0	0
LOC101929462	3	3	1	1	1	2
LOC100507277	0	0	0	0	0	0
DIO3OS	2	4	12	3	5	1
MIR1247	4	2	6	2	3	2
DIO3	1	1	1	2	5	0
LINC00239	5	1	4	7	2	7
PPP2R5C	4180	3598	4503	4424	3790	3292
DYNC1H1	14570	13468	16246	16671	15132	12345
HSP90AA1	116441	92933	123073	107188	96239	80421
WDR20	683	517	701	755	672	583
MOK	205	158	178	198	176	128
TRNAI15	0	1	0	0	0	0
ZNF839	576	489	598	667	528	430
CINP	448	379	484	476	481	313
TECPR2	833	721	902	848	840	683
ANKRD9	220	181	226	201	186	109
MIR4309	0	0	0	0	1	0
RCOR1	5787	4971	6250	5631	5238	4428
LOC102724871	1	0	1	0	2	0
TRAF3	1683	1559	1913	1811	1498	1217
AMN	24	26	37	38	30	25
CDC42BPB	5614	4714	6028	4769	4359	3586
EXOC3L4	8	6	5	5	7	3
LOC102723726	307	341	404	263	221	207
TNFAIP2	9947	8609	10838	7959	7142	5811
LINC00605	0	0	0	0	0	0
EIF5	9080	8074	10282	8990	8090	6447
SNORA28	1	1	1	1	0	1
MARK3	3352	2747	3516	3177	2956	2369
CKB	192	177	201	204	148	148
TRMT61A	403	319	439	392	363	287
BAG5	2256	2002	2472	2338	2184	1814
APOPT1	588	496	613	581	448	424
KLC1	2449	2147	2663	2333	2121	1776
XRCC3	1340	1233	1439	1333	1085	918
ZFYVE21	719	701	893	772	669	595
PPP1R13B	981	865	1043	1193	1028	897
LINC00637	1	0	2	0	0	1
C14orf2	1380	1219	1611	1538	1324	1094
TDRD9	5	1	8	8	8	3
RD3L	0	0	0	0	0	0
ASPG	21	23	24	17	15	8
MIR203	0	0	0	0	0	0
MIR3545	0	0	0	0	0	0
KIF26A	350	254	331	391	299	239
C14orf180	0	0	0	0	0	0
TMEM179	0	0	0	0	0	0
LOC101929634	3	0	3	1	0	0
MIR4710	0	0	1	0	0	0
LOC101929949	5	0	0	0	2	2
INF2	2348	2160	2779	2394	2166	1654
ADSSL1	236	216	237	197	208	147
SIVA1	1255	1159	1578	1389	1256	779
LOC102723328	6	7	8	14	16	7
LOC102723342	7	11	7	14	12	12
AKT1	4264	3583	4660	4371	3716	3255
ZBTB42	150	110	166	138	121	110
LINC00638	20	19	24	32	19	13
CEP170B	2966	2724	3522	3175	2768	2119
PLD4	3	5	3	3	2	2
AHNAK2	1458	1625	1857	1827	1604	1386
C14orf79	160	133	187	165	171	145
CDCA4	1274	1109	1634	1226	1020	877
GPR132	11	11	4	4	9	4
LOC102723354	112	83	109	82	78	57
JAG2	5888	5092	6503	5185	4543	3540
MIR6765	0	0	0	0	0	0
NUDT14	354	284	417	348	281	227
BRF1	972	836	1075	973	860	745
BTBD6	951	782	1051	995	851	694
PACS2	1144	1056	1271	1183	994	781
TEX22	6	1	12	14	6	5
RP11-521B24.3	57	38	53	72	49	44
MTA1	3335	2823	3892	3459	3007	2424
CRIP2	113	124	166	96	83	70
CRIP1	4	2	5	4	6	7
C14orf80	342	260	378	373	301	234
TMEM121	13	10	19	6	9	17
MIR8071-1	0	0	0	0	0	0
MIR8071-2	0	0	0	0	0	0
MIR4507	0	0	0	0	0	0
LOC102723453	0	0	0	0	0	0
LOC102723435	0	0	0	0	0	0
LINC00226	0	0	0	0	0	0
LOC102723479	0	0	0	0	0	0
LOC102723492	0	0	0	0	0	0
MIR3118-3	0	0	0	0	0	0
LOC100287823	0	0	0	0	0	0
LOC101926992	0	0	0	0	0	0
MAFIP	71	97	99	79	81	75
IGHV3-9	0	0	0	0	0	0
LOC102723387	0	0	0	0	0	0
LOC102723407	0	0	0	0	0	0
CHEK2P2	2	3	0	4	4	3
HERC2P3	243	211	272	310	245	251
LOC100996379	2	0	4	4	1	4
GOLGA6L6	0	0	0	0	0	0
GOLGA8CP	0	0	0	0	0	0
NBEAP1	17	5	14	23	12	7
MIR3118-4	0	0	0	0	0	0
POTEB2	0	0	0	0	0	0
MIR5701-1	0	0	0	0	0	0
LINC01193	1	0	0	0	0	0
LOC101926972	0	0	0	0	0	1
LOC646214	67	58	70	74	55	41
CXADRP2	0	3	5	7	4	5
LOC101926958	0	0	0	0	0	0
LOC102724631	0	0	1	0	0	0
LOC102724610	0	0	0	0	0	0
RP11-69H14.6	0	0	0	0	0	0
LOC102724737	188	271	214	233	225	304
LOC102724760	0	0	0	0	0	0
LOC102724971	0	0	0	0	0	0
MIR3118-6	0	0	0	0	0	0
POTEB	0	0	0	0	0	0
NF1P2	0	0	0	0	1	1
MIR5701-2	0	0	0	0	0	0
RP11-69H14.6_1	0	0	0	0	0	0
LOC102724796	0	0	0	0	0	0
OR4M2	0	0	0	0	0	0
OR4N4	0	0	0	0	0	0
OR4N3P	0	0	0	0	0	0
LOC642131	0	0	0	0	0	0
LOC102724835	0	0	0	0	0	0
MIR1268A	0	0	0	0	0	0
LOC102724891	0	0	0	0	0	0
LOC101928039	7	6	14	5	11	7
REREP3	47	59	61	71	66	54
GOLGA8EP	0	0	0	0	0	2
LOC440243	0	0	0	0	0	0
HERC2P7	3	1	1	0	4	3
HERC2P2	800	586	677	875	713	604
LOC101927846	0	0	0	0	0	0
GOLGA8I	0	0	0	0	0	0
WHAMMP3	95	74	97	74	74	74
LOC283683	7	0	2	1	0	4
NIPA1	1825	1698	2118	2116	2060	1627
NIPA2	4080	3328	4533	4332	3925	3114
CYFIP1	2666	2287	2993	2873	2630	2024
TUBGCP5	140	102	143	135	121	94
GOLGA6L1	0	0	0	0	0	0
GOLGA8DP	0	0	0	0	0	0
MIR4509-1	0	0	0	0	0	0
LOC102723534	1	0	2	5	1	2
LOC102723564	77	83	99	107	89	88
LOC102723623	0	0	0	0	0	0
GOLGA8S	0	0	1	0	1	0
GOLGA6L2	2	0	1	1	6	3
MIR4508	0	0	0	0	0	0
MKRN3	302	215	345	250	220	197
MAGEL2	0	0	0	0	0	0
NDN	6	7	4	3	1	0
LOC101928792	0	0	0	0	0	0
PWRN2	0	0	0	0	0	0
LOC102723749	0	0	0	0	0	0
LOC101928818	0	0	0	0	0	0
PWRN3	0	0	0	0	0	0
LOC102723790	0	0	0	0	0	0
PWRN1	0	1	0	0	0	0
NPAP1	0	1	0	0	0	0
UBE3A	4812	4075	5283	5292	5021	4016
ATP10A	5	0	2	1	0	1
MIR4715	0	0	0	0	0	0
RP11-1084I9.1	0	0	0	0	0	0
TRNAE11	0	0	0	0	0	0
LINC00929	0	0	0	0	0	0
GABRB3	0	0	0	0	0	0
GABRA5	0	0	0	0	0	0
GABRG3	0	2	0	0	0	0
AC136896.1	0	0	0	0	0	0
OCA2	0	1	0	0	0	0
HERC2	1678	1569	1907	1878	1709	1500
LOC645202	0	0	0	0	0	0
GOLGA8F	0	0	0	0	0	0
MIR4509-2	0	0	0	0	0	0
MIR4509-3	0	0	0	0	0	0
GOLGA8G	0	0	0	0	0	0
LOC100132202	0	0	0	0	0	0
LOC101929047	0	0	0	0	0	0
HERC2P9	0	3	0	2	1	0
LOC102723873	0	0	0	0	0	0
GOLGA8M	0	0	0	0	0	0
LOC101929283	0	0	0	0	0	0
WHAMMP2	0	0	0	0	0	0
LOC100289656	0	0	0	0	0	0
LOC646278	8	6	16	16	7	9
LOC102723925	0	0	0	0	0	0
GOLGA6L7P	0	0	0	0	0	0
APBA2	21	14	28	11	24	15
FAM189A1	0	0	0	0	0	0
NDNL2	0	0	0	0	0	0
TJP1	240	188	260	209	231	160
GOLGA8J	1	2	0	3	0	0
LOC101927852	0	0	0	0	0	0
ULK4P3	0	0	0	1	0	0
GOLGA8T	0	0	0	0	0	0
LOC101929922	0	0	0	0	0	0
DKFZP434L187	0	0	0	0	0	0
LOC102724055	0	0	0	0	0	0
CHRFAM7A	0	0	1	0	1	0
GOLGA8R	0	0	4	3	2	0
LOC101927788	0	0	0	0	0	0
LOC101060569	0	1	0	0	0	0
LOC102724005	3	1	3	2	2	2
LOC102724016	0	0	0	0	0	0
DNM1P50	0	0	0	1	0	0
ULK4P2	5	0	6	0	4	1
LOC101927579	4	4	3	1	1	3
GOLGA8H	3	15	19	7	9	9
ARHGAP11B	0	0	0	0	0	0
LOC100288637	120	111	121	126	129	100
LOC101930434	2	3	7	14	10	4
HERC2P10	0	2	1	1	1	0
FAN1	17	9	29	20	22	11
MTMR10	47	45	65	67	57	52
TRPM1	0	0	0	0	0	0
MIR211	0	0	0	0	0	0
RP11-16E12.2	0	0	0	0	0	0
KLF13	129	82	128	121	79	63
OTUD7A	9	1	12	4	10	5
CHRNA7	3	2	6	2	3	3
LOC102724078	0	0	0	0	0	0
LOC102724099	0	0	0	0	0	0
GOLGA8K	12	12	14	9	12	10
LOC101927956	0	1	0	0	0	0
ULK4P1	0	0	0	0	0	0
GOLGA8O	1	2	1	1	1	0
LOC100653133	0	0	0	0	0	0
LOC101929887	0	0	0	0	0	0
WHAMMP1	11	6	11	9	11	6
LOC100996255	0	0	0	0	0	2
LOC102724144	0	0	0	0	0	0
GOLGA8N	1	0	0	0	0	0
LOC101928042	0	0	0	0	0	0
LOC102724126	0	0	0	0	0	0
ARHGAP11A	185	131	180	158	140	118
SCG5	0	1	2	4	0	1
GREM1	0	0	0	0	0	0
LOC100131315	0	0	0	0	0	0
FMN1	13	11	19	29	10	16
TMCO5B	0	0	0	0	0	0
RP11-489D6.2	0	0	0	0	0	0
RYR3	27	26	32	29	27	39
AVEN	332	317	348	464	410	330
CHRM5	2	2	0	1	4	2
EMC7	1906	1698	2105	2145	1994	1644
PGBD4	200	184	210	207	153	145
KATNBL1	1076	937	1132	1150	1120	763
EMC4	1694	1626	1999	2062	1862	1431
SLC12A6	1529	1464	1672	1645	1524	1291
NOP10	1502	1452	1759	1716	1575	1180
NUTM1	6	4	6	8	4	1
LPCAT4	929	894	1051	1041	833	737
GOLGA8A	210	166	192	195	161	155
MIR1233-1	0	0	0	0	0	0
GOLGA8B	541	444	546	637	561	446
MIR1233-2	0	0	0	0	0	0
GJD2	0	0	0	0	0	0
RP11-814P5.1	0	0	0	1	0	0
ACTC1	0	0	0	0	1	2
AQR	3880	3393	4269	4498	4061	3480
ZNF770	5012	4013	5046	5431	5136	3955
ANP32AP1	33	47	45	56	43	55
DPH6	352	311	363	306	294	233
MIR3942	1	0	2	0	1	1
DPH6-AS1	5	4	0	4	3	0
MIR4510	0	0	0	0	0	0
LOC100507480	0	0	0	0	0	0
LOC102724214	0	0	0	0	0	0
C15orf41	434	385	535	475	448	354
LOC102724228	10	7	9	18	12	9
CSNK1A1P1	8	9	5	7	10	11
LOC145845	0	0	1	0	0	0
MEIS2	612	465	692	664	572	504
MIR8063	0	0	0	0	0	0
TMCO5A	0	0	0	0	0	0
RP11-1008C21.1	1	0	0	0	1	0
SPRED1	1537	1291	1527	1747	1594	1256
FAM98B	3295	2722	3632	3263	3255	2685
RASGRP1	19	33	36	31	36	19
C15orf53	0	0	0	0	0	0
LOC102724253	0	0	0	0	0	0
LOC101928245	0	0	0	1	0	2
C15orf54	0	1	0	0	1	0
LOC102724283	0	0	0	0	0	0
THBS1	3337	2715	3393	4581	3922	3218
FSIP1	17	14	22	19	30	14
GPR176	226	174	274	247	227	183
LOC100505534	9	4	6	2	3	5
EIF2AK4	3577	3088	3993	3553	3388	2595
SRP14	4081	3467	4384	4397	4020	3371
SRP14-AS1	47	48	38	45	49	40
LOC102724328	0	0	1	3	2	0
BMF	43	38	41	68	46	43
BUB1B	3187	2718	3504	2912	2713	2359
PAK6	1603	1437	1953	1676	1512	1244
C15orf56	26	21	36	32	30	16
ANKRD63	9	4	3	1	1	3
PLCB2	1	1	4	5	2	1
LINC00984	597	473	639	661	537	384
C15orf52	254	257	273	336	273	231
PHGR1	0	1	0	0	0	0
DISP2	65	55	56	76	73	39
KNSTRN	2262	1904	2473	2222	1984	1614
IVD	2664	2242	2957	3179	2725	2300
BAHD1	1180	985	1206	1180	1088	886
CHST14	444	398	554	582	490	410
C15orf57	387	360	461	482	450	362
MRPL42P5	2	2	4	5	2	3
RPUSD2	460	382	574	560	479	410
TRNAS18	0	0	0	0	0	0
CASC5	4547	3846	4746	4708	4358	3789
RAD51-AS1	40	45	48	52	33	35
RAD51	881	835	1062	991	890	694
RMDN3	1169	964	1269	1387	1231	1079
GCHFR	105	89	91	117	119	83
DNAJC17	225	207	237	232	207	167
C15orf62	31	37	38	36	32	29
ZFYVE19	464	383	462	526	483	427
PPP1R14D	2	2	1	2	1	1
LOC102724362	8	6	10	19	12	19
SPINT1	2472	2357	2882	3349	2853	2416
RHOV	325	268	284	289	281	224
LOC102724381	0	0	0	0	0	0
VPS18	740	576	835	949	820	671
DLL4	6	6	6	9	8	19
CHAC1	119	115	195	107	95	93
INO80	2777	2238	2952	2562	2425	1996
EXD1	3	6	5	3	0	0
CHP1	4150	3648	4732	4591	4305	3387
OIP5-AS1	2332	1795	2350	2324	2112	1606
OIP5	464	391	571	541	502	351
NUSAP1	5972	4966	6452	6355	5543	4853
NDUFAF1	477	421	571	550	511	363
RTF1	4369	3793	4741	4758	4382	3770
ITPKA	18	31	34	33	17	17
LTK	5	6	9	20	10	10
RPAP1	1076	923	1178	1117	1034	806
TYRO3	631	643	724	651	573	489
MGA	3884	3441	4384	3837	3639	2864
MIR626	0	0	0	0	0	2
MAPKBP1	973	916	1054	1049	1000	759
JMJD7-PLA2G4B	0	0	0	0	0	0
JMJD7	107	121	142	187	128	95
PLA2G4B	11	8	10	14	10	8
SPTBN5	80	79	76	108	105	85
MIR4310	0	0	0	0	0	0
EHD4	2422	2116	2887	2540	2316	1775
LOC101928363	3	2	1	5	0	3
LOC101928388	2	4	3	4	4	2
PLA2G4E	2	1	4	4	1	3
PLA2G4D	6	5	9	10	6	5
PLA2G4F	7	3	5	7	6	5
VPS39	1900	1625	2072	2097	1841	1578
MIR627	0	0	0	0	0	0
TMEM87A	3613	3173	3953	3904	3524	2905
GANC	679	680	717	725	621	524
CAPN3	54	39	48	69	59	44
ZNF106	6360	5780	6895	7284	6811	5389
SNAP23	980	876	980	1005	983	782
LRRC57	808	709	857	918	789	700
HAUS2	1754	1543	2034	2053	1902	1543
STARD9	204	151	184	188	158	150
CDAN1	710	698	830	788	773	597
LOC102724445	943	809	1076	1037	939	754
TTBK2	1716	1661	1935	1991	1723	1318
UBR1	2791	2376	3024	3369	3019	2409
TMEM62	337	327	440	325	299	264
CCNDBP1	1190	1004	1248	1255	1086	972
EPB42	0	0	0	1	0	0
TGM5	0	0	0	0	0	4
TGM7	0	0	0	1	0	0
LCMT2	147	135	161	190	160	130
ADAL	108	86	118	105	106	86
ZSCAN29	1104	1000	1261	1304	1100	941
TUBGCP4	2399	2084	2530	2152	1889	1537
TP53BP1	4527	3765	4719	4779	4431	3574
MAP1A	33	18	24	41	40	36
PPIP5K1	1416	1303	1572	1508	1253	1097
CKMT1B	23	21	23	17	26	16
STRC	0	0	0	2	3	3
CATSPER2	71	78	71	80	80	50
CKMT1A	51	56	53	55	23	33
LOC101930343	0	1	0	2	2	1
CATSPER2P1	38	34	51	48	67	44
PDIA3	17166	15582	19318	19656	17283	15105
ELL3	189	138	183	161	160	136
SERF2	1023	933	1035	1084	979	837
SERF2-C15ORF63	0	0	0	0	0	0
MIR1282	0	0	0	0	0	0
SERINC4	19	15	18	21	24	14
HYPK	0	0	0	1	0	0
MFAP1	1958	1681	2011	1985	1877	1700
WDR76	2119	1922	2441	2174	1954	1711
FRMD5	637	515	694	800	658	554
PIN4P1	2	17	12	17	15	8
CASC4	4214	3477	4514	4469	3947	3137
CTDSPL2	3224	2684	3433	3301	3073	2527
EIF3J-AS1	483	408	548	422	397	331
EIF3J	7255	5954	7513	7845	7037	6036
SPG11	1923	1559	1864	1777	1600	1285
PATL2	16	15	9	7	6	6
B2M	2583	2070	2620	2245	2038	1546
TRIM69	2	0	0	0	0	0
C15orf43	0	0	0	0	0	0
SORD	2492	2250	2853	2484	1999	1532
DUOX2	14	13	11	14	7	8
DUOXA2	3	1	2	0	3	0
DUOXA1	9	19	12	11	6	8
DUOX1	492	410	430	435	457	339
SHF	79	85	111	102	97	64
TRNAH1	0	0	0	0	0	0
TRNAH2	1	3	1	0	1	2
TRNAH6	0	0	0	0	3	0
LOC101928414	4	3	6	2	2	3
SLC28A2	1	0	0	2	4	3
GATM	685	639	736	855	752	631
GATM-AS1	0	0	0	1	0	0
LOC102724493	3	10	9	11	8	4
SPATA5L1	375	310	389	350	360	229
C15orf48	2	0	5	1	2	1
MIR147B	0	0	0	0	0	0
LOC102724512	2	0	0	0	1	0
SLC30A4	265	285	273	285	278	216
HMGN2P46	41	63	32	40	42	62
BLOC1S6	2581	2183	2577	2715	2601	2007
SQRDL	238	217	204	176	159	133
SEMA6D	42	32	30	50	25	25
RP11-198M11.2	0	0	0	0	0	0
LOC102724553	0	0	0	0	0	0
SLC24A5	3	0	0	1	2	1
MYEF2	212	203	241	277	298	240
CTXN2	0	0	0	0	0	0
SLC12A1	0	0	0	0	0	0
DUT	4572	3884	4979	4571	4133	3139
FBN1	113	138	117	139	92	100
CEP152	996	795	955	903	859	713
LOC101928472	1	0	0	0	0	1
SHC4	8	5	2	10	10	2
EID1	2976	2587	3179	3242	2899	2565
SECISBP2L	1417	1209	1529	1590	1491	1298
COPS2	4887	4225	5320	5634	5073	4342
GALK2	524	452	564	525	450	392
NDUFAF4P1	5	2	1	0	3	1
MIR4716	0	0	0	0	0	0
FAM227B	87	53	80	60	72	52
FGF7	0	0	0	1	1	4
DTWD1	438	359	463	446	389	270
ATP8B4	1	2	2	4	3	1
LOC102724587	0	0	1	0	0	0
SLC27A2	120	106	109	114	103	82
HDC	0	0	1	1	1	0
GABPB1	1293	1150	1263	1225	1109	957
FLJ10038	179	124	175	142	127	97
GABPB1-AS1	140	121	176	129	133	109
MIR4712	15	6	11	5	9	10
USP8	4172	3578	4405	4460	4250	3709
USP50	1	0	0	2	0	3
TRPM7	2761	2441	2916	3079	2815	2276
SPPL2A	1603	1535	1815	1891	1675	1380
AP4E1	1645	1384	1741	1719	1751	1270
DCAF13P3	5	8	9	4	7	7
TNFAIP8L3	48	61	60	85	74	55
CYP19A1	5	2	7	4	8	2
MIR4713	0	0	0	1	0	0
MIR7973-2	0	0	0	0	0	0
MIR7973-1	0	0	0	0	0	0
GLDN	46	32	68	39	33	21
DMXL2	1421	1173	1426	1623	1520	1186
SCG3	1	0	0	0	0	1
LYSMD2	351	322	460	392	310	241
TMOD2	379	352	414	406	360	332
TMOD3	6913	5808	7236	7606	6714	5501
LOC100422556	8	7	3	6	2	3
LEO1	1683	1437	1852	1687	1648	1344
MAPK6	4292	3809	4609	4052	3681	2910
BCL2L10	0	0	0	1	0	0
GNB5	1067	1016	1228	1287	1058	926
RP11-430B1.2	7	14	7	10	6	6
MYO5C	1356	1168	1488	1452	1207	1100
MIR1266	0	0	0	0	0	0
MYO5A	4174	3598	4362	4725	4320	3511
ARPP19	10006	8840	10854	10513	9766	7769
FAM214A	539	392	475	590	511	459
ONECUT1	23	17	23	23	21	14
LOC101928499	0	1	1	0	0	0
WDR72	1766	1476	1693	1429	1398	1130
UNC13C	0	0	0	1	0	0
RSL24D1	3120	2864	3423	3195	2854	2261
RAB27A	657	495	695	569	520	417
LOC101928527	133	116	133	124	87	88
PIGB	432	329	424	389	383	314
DYX1C1-CCPG1	0	0	0	0	0	0
CCPG1	114	117	148	159	127	98
MIR628	0	1	1	0	0	1
C15orf65	13	12	12	9	17	13
DYX1C1	3	6	3	5	5	3
PYGO1	509	499	653	459	427	358
PRTG	55	45	90	62	40	28
NEDD4	2293	2007	2578	2527	2418	1929
RFX7	3313	2724	3468	3475	3093	2601
LOC102724648	2	8	5	6	5	3
TEX9	219	196	208	210	179	149
MNS1	566	460	537	555	513	440
ZNF280D	958	807	932	975	997	812
LOC145783	63	58	80	46	50	44
TCF12	4229	3457	4476	4356	3845	3149
LINC00926	10	20	13	19	16	15
LOC101928611	0	0	0	0	0	0
CGNL1	47	49	59	30	63	50
GCOM1	8	13	12	5	8	7
MYZAP	25	26	33	31	29	24
POLR2M	31	24	43	43	33	23
ALDH1A2	0	1	0	1	3	0
AQP9	0	0	0	0	0	0
LOC102724696	0	0	0	1	0	0
LOC102724683	0	0	0	0	4	0
LOC101928635	0	1	3	2	0	0
LOC102724766	0	0	0	0	0	0
LIPC	1	3	1	0	0	0
RP11-355N15.1	0	0	0	0	0	0
LOC101928668	0	0	1	1	0	0
ADAM10	7574	6292	7889	7961	7333	6142
HSP90AB4P	76	78	70	59	61	110
LOC101928725	11	9	24	17	19	10
FAM63B	641	574	619	826	732	552
SLTM	5887	4636	5714	5983	5333	4548
RNF111	1910	1576	1937	1940	1927	1520
CCNB2	4016	3318	4413	3804	3535	2937
MYO1E	2723	2537	3000	2598	2356	1978
MIR2116	1	2	0	3	1	2
LDHAL6B	4	3	3	2	0	3
FAM81A	431	318	447	438	413	288
GCNT3	3	1	1	5	2	7
GTF2A2	1656	1489	1872	1935	1799	1465
BNIP2	3825	3270	3997	3980	3784	3072
FOXB1	6	5	4	6	12	8
ANXA2	28971	25838	32233	33244	29808	25025
NARG2	1813	1456	1794	1648	1531	1300
RORA	127	112	104	90	99	82
RP11-219B17.1	38	24	49	40	27	25
LOC100996876	0	0	0	0	0	0
LOC102724802	0	0	0	1	0	0
LOC102724790	0	0	0	0	0	0
LOC101928828	0	0	0	0	0	0
LOC101928850	0	0	0	0	0	0
LOC100506530	0	0	0	0	0	0
VPS13C	3020	2563	3038	2879	2600	2170
LOC101928907	0	0	2	0	0	0
C2CD4A	3	2	1	1	1	0
C2CD4B	0	0	0	0	0	0
RP11-299H22.1	0	0	0	0	0	0
FLJ38723	0	0	0	0	0	1
LOC102724938	0	0	0	0	0	0
LOC102724953	0	0	0	0	0	0
MIR8067	0	0	0	0	0	0
MIR6085	0	0	0	0	0	0
TLN2	438	357	435	503	439	348
LOC102724972	0	0	0	0	0	0
MGC15885	0	1	2	0	0	0
MIR190A	0	0	0	0	0	0
LOC101928955	4	5	3	10	7	11
TPM1	2097	1753	2176	2161	1971	1667
LACTB	347	304	378	363	341	291
RPS27L	551	441	599	626	533	487
LOC101928972	0	0	0	0	0	0
RAB8B	778	727	771	866	845	660
APH1B	87	87	115	119	142	97
CA12	5	9	11	20	18	14
LOC102723344	0	0	0	0	0	0
LOC102723355	0	0	0	0	0	0
USP3	948	867	1079	1004	854	693
USP3-AS1	10	2	11	13	6	8
FBXL22	16	17	16	9	12	13
HERC1	3407	2995	3665	3919	3490	2893
MIR422A	0	0	0	0	0	0
DAPK2	54	60	69	58	51	48
RP11-111E14.1	0	0	0	0	0	1
FAM96A	1808	1420	1943	1790	1663	1275
SNX1	3097	2611	3420	3228	2965	2358
SNX22	30	17	31	35	42	23
PPIB	2068	1920	2530	2572	2148	1996
CSNK1G1	2296	1925	2519	2477	2208	1823
KIAA0101	3529	3024	3647	4098	3640	2931
TRIP4	528	496	554	614	539	465
LOC102723384	3	0	2	1	0	0
ZNF609	6044	5195	6728	6131	5769	4681
LOC101930091	0	0	3	0	0	0
LOC101929016	0	0	0	0	0	0
OAZ2	2270	1999	2470	2459	2258	1776
LOC101929042	0	0	1	0	0	0
RBPMS2	21	38	37	29	40	29
MIR1272	0	0	0	0	0	0
PIF1	443	331	476	407	319	221
PLEKHO2	292	262	375	366	310	265
ANKDD1A	67	63	55	79	75	64
SPG21	2747	2421	3038	2943	2548	2021
MTFMT	608	492	743	676	638	513
SLC51B	0	0	0	3	1	0
RASL12	2	0	1	1	2	0
KBTBD13	0	0	0	3	0	0
UBAP1L	14	19	19	33	12	12
PDCD7	1791	1462	1925	1886	1630	1322
CLPX	2121	1889	2298	2235	2097	1739
CILP	3	0	1	3	1	2
PARP16	356	324	411	380	295	276
RNU5A-1	2	3	3	5	0	2
RNU5B-1	1	0	2	4	1	0
IGDCC3	0	0	0	1	0	0
IGDCC4	3	4	2	2	1	3
DPP8	3592	3001	3847	4061	3780	3247
PTPLAD1	5519	5103	6277	5799	5283	4491
RNU6-19P	2	2	1	0	2	0
VWA9	2284	1976	2503	2403	2207	1793
SLC24A1	455	398	494	504	459	381
LOC102723464	0	0	0	0	1	0
DENND4A	1042	895	1110	1048	922	807
MIR4511	0	1	0	0	0	0
TRNAQ24	0	0	0	0	0	0
RAB11A	3709	3255	4066	3964	3467	2929
MEGF11	1	4	3	1	5	3
MIR4311	0	0	0	0	0	0
DIS3L	1271	1227	1507	1329	1272	1023
TIPIN	544	440	604	543	555	449
SCARNA14	1	0	0	0	1	1
MAP2K1	2661	2404	3120	3134	2879	2262
SNAPC5	321	242	317	328	284	227
MIR4512	2	3	1	2	0	3
RPL4	48024	42881	53537	49237	44023	36093
SNORD18C	6	11	14	16	11	5
SNORD18B	4	2	0	4	7	1
SNORD16	6	4	6	6	6	13
SNORD18A	2	1	0	1	0	3
ZWILCH	3418	2970	3801	3783	3382	2643
LCTL	19	20	9	26	21	24
SMAD6	17	19	19	33	42	15
LOC102723481	1	0	0	4	1	0
LOC102723493	0	3	2	5	1	1
SMAD3	7268	6467	7700	7102	6286	5260
AAGAB	2434	2254	2923	2635	2320	2044
IQCH	83	67	74	74	71	65
IQCH-AS1	189	173	185	196	184	160
C15orf61	46	51	53	46	45	22
MAP2K5	609	471	574	579	495	424
SKOR1	6	6	6	5	3	12
RP11-34F13.2	0	1	0	3	1	1
RNU6-1	7	6	13	13	15	9
PIAS1	2050	1767	2088	2206	1908	1708
CALML4	366	379	437	321	337	257
CLN6	1563	1453	1801	1655	1490	1161
FEM1B	4535	3900	4662	4357	3887	3233
ITGA11	4	3	3	4	4	10
CORO2B	42	31	43	50	47	45
ANP32A	11541	9798	12769	12069	10715	9613
MIR4312	3	0	0	5	5	5
ANP32A-IT1	14	21	20	28	40	18
NOX5	1	1	1	2	1	1
SPESP1	0	0	0	0	0	0
LINC00277	0	1	0	0	0	0
GLCE	1090	1005	1221	1242	1067	954
LOC102723548	0	0	0	0	0	1
PAQR5	463	493	577	460	404	302
KIF23	5129	4226	5634	5161	4590	4012
RPLP1	19472	17561	23090	21745	18289	15248
RP11-279F6.1	4	2	0	1	3	2
LINC00593	0	0	1	0	0	0
LOC101929129	0	0	0	1	0	0
TLE3	5442	4883	6376	4840	4248	3325
MIR629	0	0	0	0	0	0
LOC101929151	13	12	2	21	14	17
UACA	1195	986	1258	1388	1306	1174
LARP6	414	393	483	447	391	361
LRRC49	105	84	128	105	82	79
THAP10	144	142	166	220	179	163
CT62	2	2	5	5	2	2
THSD4	833	850	975	1063	967	741
RP11-673C5.2	0	0	0	0	0	0
LOC101929173	0	0	0	0	2	0
NR2E3	3	1	4	5	4	0
MYO9A	1784	1504	1976	1850	1747	1448
SENP8	120	118	103	136	126	85
GRAMD2	108	82	101	104	114	63
PKM	69390	58764	75782	75684	67017	55108
LOC102723606	0	0	0	1	1	0
PARP6	1532	1290	1607	1679	1525	1258
CELF6	7	10	8	12	12	8
HEXA	1428	1209	1537	1416	1176	1034
HEXA-AS1	5	2	3	7	5	7
TMEM202	0	0	0	0	0	0
ARIH1	3613	3224	4010	3893	3573	2823
LOC102723628	0	0	1	0	0	0
MIR630	8	2	10	5	8	5
LOC102723640	1	0	0	1	0	1
GOLGA6B	1	0	0	2	2	1
LOC646670	0	0	0	1	0	0
HIGD2B	3	1	1	0	1	0
BBS4	320	212	286	302	292	217
ADPGK	1337	1097	1425	1530	1411	1142
ADPGK-AS1	1	1	3	0	1	2
NEO1	3091	2638	3385	3401	3170	2501
HCN4	2	3	3	9	3	7
C15orf60	5	0	1	1	2	2
NPTN	3414	2757	3620	3284	2924	2533
NPTN-IT1	0	0	1	0	1	2
CD276	1523	1447	1749	1600	1300	1080
C15orf59	14	14	14	30	15	21
LOC102723657	0	0	0	0	0	0
TBC1D21	0	0	0	0	0	0
LOXL1-AS1	112	79	103	98	75	74
LOXL1	14	9	17	20	8	12
STOML1	108	99	140	155	118	91
PML	1779	1523	1751	1601	1281	1097
GOLGA6A	0	1	0	2	6	6
LOC732265	2	1	2	2	1	2
LOC283731	0	0	0	0	1	0
ISLR2	3	4	2	1	3	2
ISLR	1	0	2	1	0	2
STRA6	9	3	9	5	14	3
LOC102723673	0	0	0	0	0	0
CCDC33	1	0	0	1	0	0
CYP11A1	100	78	114	106	66	97
LOC729739	5	3	3	2	0	2
SEMA7A	31	34	55	81	76	43
MIR6881	0	0	0	0	0	0
UBL7	618	570	673	673	595	469
UBL7-AS1	51	56	87	52	55	47
LOC101929333	9	7	6	19	6	4
LOC102723685	4	2	1	3	1	9
LOC102723714	9	1	5	6	5	3
ARID3B	151	136	173	249	181	170
LOC102723772	7	4	4	5	7	5
LOC101929354	0	0	0	0	0	1
CLK3	1052	986	1185	1165	962	899
LOC102723750	0	0	3	1	0	4
EDC3	1780	1579	2023	1981	1869	1514
CYP1A1	83	40	57	67	81	74
CYP1A2	0	0	2	1	0	0
CSK	2187	1929	2423	2398	2094	1723
MIR4513	0	0	0	0	0	0
LMAN1L	0	1	0	7	2	0
CPLX3	0	0	0	6	5	0
ULK3	765	629	829	832	743	555
MIR6882	0	0	0	0	0	0
SCAMP2	3067	2630	3364	3507	2993	2494
MPI	562	493	622	720	563	465
FAM219B	896	842	1006	875	797	632
COX5A	2803	2396	3183	3086	2632	2261
RPP25	26	37	29	43	31	20
SCAMP5	100	129	133	160	148	120
PPCDC	147	135	156	158	169	124
C15orf39	649	557	736	669	621	467
GOLGA6C	0	1	1	0	1	1
GOLGA6D	0	0	0	0	0	0
COMMD4	924	796	926	1007	879	657
NEIL1	86	58	107	105	101	73
MIR631	5	4	8	8	2	6
MAN2C1	754	723	930	858	739	638
SIN3A	4672	3726	5145	4485	4049	3252
LOC102723785	0	1	0	1	2	0
PTPN9	1810	1650	2082	2000	1907	1547
SNUPN	842	737	943	980	868	708
IMP3	675	615	733	738	640	478
SNX33	688	611	800	669	620	499
CSPG4	18	12	24	11	17	13
ODF3L1	18	13	24	10	14	12
DNM1P35	1	1	3	5	1	0
LOC101929408	0	0	0	0	1	0
MIR4313	0	0	0	0	0	0
LOC441728	0	0	0	0	0	0
UBE2Q2	1637	1512	1702	1709	1606	1201
FBXO22	784	646	825	796	719	606
FBXO22-AS1	0	0	0	0	0	0
NRG4	323	258	317	242	231	220
C15orf27	44	51	56	42	46	33
RP11-593F23.1	2	3	0	1	1	0
ETFA	3232	2859	3268	3334	2962	2353
TYRO3P	3	1	0	0	1	0
ISL2	64	54	86	65	61	54
SCAPER	494	387	476	487	473	408
MIR3713	0	0	0	0	0	0
RCN2	2567	2051	2582	2728	2605	2037
PSTPIP1	7	5	2	21	14	9
TSPAN3	4761	4133	5360	5094	4542	3928
PEAK1	1850	1697	1974	2124	1978	1557
LINC00597	1	0	1	1	0	1
HMG20A	1818	1543	1991	1872	1794	1475
LOC101929457	1	1	1	1	5	1
LINGO1	1	2	2	2	8	1
RP11-307C19.3	0	0	0	0	0	0
LOC101929478	0	0	0	0	0	0
LOC645752	0	0	0	1	0	0
LOC440292	0	2	0	0	1	0
LOC91450	0	0	0	0	0	0
TBC1D2B	1300	1185	1358	1457	1260	1037
SH2D7	0	0	0	0	0	0
CIB2	5	11	7	9	8	7
IDH3A	3327	2678	3429	3510	3197	2716
ACSBG1	15	9	21	16	20	16
DNAJA4	390	339	459	391	422	326
WDR61	1096	967	1210	1164	1080	880
CRABP1	58	81	78	89	83	59
IREB2	6197	5308	6547	6886	6492	5352
HYKK	57	66	85	75	77	72
PSMA4	5838	5190	6345	6545	5916	4873
CHRNA5	632	570	676	707	659	532
CHRNA3	20	24	26	32	24	17
CHRNB4	119	104	150	113	82	69
LOC646938	0	1	1	0	2	3
ADAMTS7	44	32	45	31	49	37
TRNAK6	1	0	0	1	0	0
MORF4L1	11629	10096	12559	12121	10936	9128
CTSH	1565	1499	1748	1370	1319	1080
RASGRF1	185	145	221	235	250	187
LOC729911	0	0	0	0	0	0
MIR184	0	0	0	0	0	0
ANKRD34C	0	0	0	0	0	0
TMED3	1498	1302	1714	1582	1254	1073
KIAA1024	92	73	92	84	99	66
TRNAC12	0	0	0	0	0	0
ST20-MTHFS	0	0	0	0	0	0
MTHFS	12	26	16	17	22	13
ST20	53	41	37	65	70	47
C15orf37	40	41	37	63	51	43
BCL2A1	0	3	1	0	10	3
ZFAND6	2051	1776	2141	2212	2019	1568
FAH	359	336	386	314	329	242
LOC100996492	0	0	0	2	0	0
LINC00927	0	0	0	0	0	0
LOC101929560	5	4	2	5	2	1
ARNT2	398	384	513	529	431	370
LOC100133746	0	0	0	0	0	0
RP11-379K22.2	0	0	0	0	0	0
MIR5572	0	0	0	0	0	0
ABHD17C	1439	1213	1561	1400	1357	1073
KIAA1199	152	194	226	424	362	314
MIR549	0	0	0	1	0	0
LOC102723954	41	44	67	75	43	44
MESDC2	2234	1926	2328	2240	2134	1743
MIR4514	0	0	0	0	0	1
MESDC1	774	674	861	768	623	481
C15orf26	0	0	2	0	0	0
IL16	40	29	36	76	42	56
STARD5	171	145	172	129	138	128
RP11-761I4.3	7	3	11	6	12	18
TMC3	5	5	7	4	4	7
LOC102723985	29	26	27	11	17	11
LOC102724001	4	3	7	1	0	7
MEX3B	128	97	132	138	134	105
LOC101929690	0	0	0	0	0	0
EFTUD1	1600	1264	1684	1518	1361	1134
LOC101929714	7	8	0	4	5	2
FAM154B	41	32	35	48	67	44
ADAMTS7P1	0	0	0	1	0	1
GOLGA6L10	8	7	10	8	13	11
UBE2Q2P3	0	0	0	0	0	0
UBE2Q2P2	0	0	0	0	0	0
GOLGA6L9	63	57	75	83	70	50
LOC102724034	2	0	1	0	2	1
LOC80154	146	123	118	104	81	89
RPS17	2	2	2	4	1	2
CPEB1	6	2	12	10	7	9
RP11-752G15.3	4	7	4	3	10	5
AP3B2	220	167	214	263	235	180
AC105339.1	0	3	0	1	1	0
LOC283693	7	11	7	10	11	2
RP11-752G15.6	125	97	115	87	61	59
FSD2	75	60	53	64	56	58
SCARNA15	0	0	0	0	0	0
WHAMM	1386	1095	1417	1461	1203	1137
HOMER2	1875	1641	2053	1740	1465	1256
FAM103A1	170	161	177	206	183	174
C15orf40	722	590	837	784	686	575
BTBD1	5697	4946	6220	6381	5750	4791
MIR4515	0	0	0	0	0	0
TM6SF1	250	233	246	255	247	194
HDGFRP3	5029	4294	5383	5320	5140	4271
LOC102724056	4	4	2	5	0	1
BNC1	2928	2685	3222	3020	2768	2220
SH3GL3	159	142	162	134	120	104
ADAMTSL3	42	29	43	71	50	52
EFTUD1P1	5	11	9	15	13	7
DNM1P41	5	1	1	3	8	3
LOC102724079	0	0	0	0	0	0
UBE2Q2L	1	1	0	7	2	3
LOC440300	3	6	0	2	1	0
GOLGA2P7	44	30	29	26	22	20
GOLGA6L4	4	3	4	2	6	2
LOC102724093	0	1	0	0	0	0
LOC102724117	0	0	0	0	0	0
LOC102724135	25	39	34	44	22	37
LOC102724171	0	0	0	0	0	0
GOLGA6L5P	19	21	25	17	15	20
UBE2Q2P1	53	62	73	72	81	46
LINC00933	3	9	6	9	6	1
ZSCAN2	261	193	239	274	237	182
SCAND2P	446	408	521	553	453	404
WDR73	994	837	1165	1125	972	775
NMB	222	184	247	255	224	161
SEC11A	7286	6337	8075	7383	6548	5693
ZNF592	4841	4087	5354	5121	4710	3748
ALPK3	244	186	280	444	343	261
SLC28A1	3	3	3	16	13	13
PDE8A	2519	2187	2873	2967	2717	2361
LOC101929451	6	4	6	7	2	3
LOC642423	0	0	1	0	0	0
LOC101929479	65	59	56	63	55	39
GOLGA6L3	0	1	1	2	0	0
LOC101929641	2	4	4	4	1	5
LOC102724393	0	0	0	0	1	2
AKAP13	12586	11613	14375	12908	11743	9470
LOC101929656	5	0	1	1	3	2
RP11-158M2.5	5	3	9	7	11	9
KLHL25	414	375	466	538	464	363
MIR1276	1	0	0	3	1	0
MIR548AP	0	0	0	0	0	0
RP11-553E24.2	0	0	0	0	0	0
AGBL1	0	0	0	0	0	0
AGBL1-AS1	0	0	1	0	0	1
LOC102724452	0	0	0	0	0	0
LOC102724465	0	0	0	0	0	0
LINC00052	3	1	1	4	1	3
LOC101929724	0	0	0	0	0	1
NTRK3	0	0	0	0	0	0
NTRK3-AS1	0	0	0	0	0	0
LOC102724494	0	0	0	2	1	0
MRPL46	1151	980	1241	1343	1156	896
MRPS11	1800	1467	1946	1980	1806	1461
DET1	348	288	350	325	263	250
LOC102724513	1	0	2	0	0	2
RP11-97O12.2	0	0	0	0	0	0
MIR1179	0	0	0	0	0	0
MIR7-2	0	0	0	0	0	0
MIR3529	0	0	0	0	0	0
AEN	1362	1218	1619	1511	1303	1062
ISG20	279	249	279	74	54	36
ACAN	0	2	1	1	3	2
HAPLN3	122	101	122	137	91	97
MFGE8	430	418	503	517	421	376
LOC102724554	44	55	73	82	47	57
LOC102724566	0	0	0	0	0	0
ABHD2	7556	6953	8687	8556	7833	6290
RLBP1	0	2	2	0	0	0
FANCI	9618	8294	10459	10127	9120	7466
POLG	6407	5535	6497	6235	5236	4276
MIR6766	0	0	0	0	1	0
TRNAR22	1	2	0	4	2	0
MIR9-3	0	0	0	0	0	0
LINC00925	50	43	53	60	66	51
RHCG	156	122	115	159	147	113
LINC00928	6	1	4	3	3	0
TICRR	5140	4769	5903	5245	4641	3707
KIF7	943	811	1005	1043	916	751
PLIN1	37	24	41	49	40	40
PEX11A	559	535	625	618	589	460
WDR93	9	12	21	15	12	18
MESP1	6	4	3	8	8	5
MESP2	0	0	2	0	0	2
ANPEP	20	6	15	40	59	45
C15orf38-AP3S2	0	0	0	0	0	0
AP3S2	46	40	38	50	36	39
MIR5094	4	0	8	9	2	5
MIR5009	1	6	0	0	0	0
C15orf38	5566	4848	5744	5526	5016	4112
ZNF710	1296	1184	1451	1436	1288	1056
MIR3174	4	1	4	3	0	2
IDH2	3016	2728	3345	3551	3037	2502
LOC102724576	0	0	0	0	0	0
SEMA4B	11530	10072	11744	10533	9391	7254
CIB1	3759	3439	4020	4003	3479	2590
GDPGP1	239	182	228	263	253	214
TTLL13	30	41	40	61	56	50
NGRN	7142	5974	7744	7686	6995	5536
ZNF774	119	93	118	157	142	105
GABARAPL3	7	6	1	4	5	16
IQGAP1	41563	35299	45083	44469	40656	34080
CRTC3	3509	3211	4096	3541	3261	2551
LOC101926895	9	11	11	24	6	11
RP11-387D10.3	6	2	2	6	5	5
BLM	4114	3601	4540	4806	4238	3549
FURIN	5943	5570	6671	6710	5798	4501
FES	11	10	17	29	47	28
MAN2A2	2276	1860	2502	2682	2269	1922
UNC45A	3427	2918	3854	3929	3406	2765
HDDC3	624	485	630	606	510	440
RCCD1	760	707	844	766	693	559
PRC1	6114	5169	6606	6510	5656	4766
PRC1-AS1	7	3	6	14	11	5
VPS33B	515	476	548	557	461	420
AC068831.10	8	5	7	13	7	8
SV2B	0	0	1	0	0	2
RP11-661P17.1	0	0	0	0	0	0
SLCO3A1	1232	1033	1267	1227	1079	902
ST8SIA2	1	0	1	0	1	0
C15orf32	0	0	0	0	0	0
LINC00930	0	0	0	0	0	1
FAM174B	93	78	96	130	122	95
LOC643797	0	0	0	0	1	0
LOC101926994	17	21	25	29	14	11
ASB9P1	4	10	4	13	2	7
LOC100507217	841	665	845	933	715	713
CHD2	6448	5272	6352	6724	6177	5235
MIR3175	0	0	0	0	0	0
RGMA	43	37	55	65	29	31
LOC101927025	0	0	2	1	0	0
UNQ9370	0	0	0	0	0	0
LOC100996663	0	0	0	0	0	0
LOC283682	1	0	0	0	0	0
LOC101927153	0	0	0	0	0	0
LOC102724767	0	0	0	0	0	0
LOC101927129	0	0	0	0	0	0
LOC101927112	0	0	0	0	0	0
LOC101927091	0	0	0	0	0	0
MCTP2	627	541	644	624	628	471
LOC440311	7	3	3	2	8	10
LINC01197	0	0	0	0	0	0
LOC102724815	0	0	0	0	0	0
LINC00924	0	0	0	0	0	0
LOC101927192	2	2	3	0	0	4
NR2F2-AS1	31	21	29	21	20	10
NR2F2	2068	1629	2136	2158	1853	1558
MIR1469	2	1	0	1	0	4
LOC102724872	29	18	19	33	26	16
LOC101927263	8	7	2	6	3	4
SPATA8-AS1	0	0	0	0	0	0
SPATA8	0	0	0	0	0	0
RP11-461F11.1	0	0	0	0	0	0
RP11-461F11.3	0	0	0	0	0	0
LINC00923	0	0	0	0	0	0
ARRDC4	377	382	424	504	474	345
LOC101927332	0	0	0	0	0	0
FAM169B	3	0	0	0	0	0
LOC102724939	7	5	10	13	5	10
IGF1R	4869	4233	5153	4547	4004	3306
MIR4714	0	2	0	0	0	0
PGPEP1L	3	1	0	0	0	0
SYNM	857	705	854	1187	1075	889
TTC23	795	701	812	741	745	593
LRRC28	298	255	310	292	260	222
HSP90B2P	86	98	95	109	80	123
MEF2A	3825	3421	4004	4223	3860	3312
LYSMD4	344	321	386	379	351	267
DNM1P46	0	4	1	6	2	2
LOC102724973	2	0	0	0	0	0
ADAMTS17	83	92	115	236	204	140
SPATA41	78	49	70	61	54	61
LOC102723320	0	0	1	0	0	0
CERS3	37	29	40	33	24	26
PRKXP1	600	542	590	988	807	679
LOC102723335	9	17	13	19	14	14
LINS	1293	1107	1335	1513	1397	1135
ASB7	3432	3253	3833	4511	4130	3171
LOC440313	0	1	1	3	4	1
RP11-66B24.1	362	267	399	380	311	214
ALDH1A3	43687	39217	48959	57232	51415	42529
LOC101927751	23	27	42	39	26	24
LRRK1	3143	2786	3514	3430	3012	2395
CHSY1	4958	4397	5712	6137	5501	4619
VIMP	3499	2971	3723	4214	3639	2968
SNRPA1	10614	9141	11853	11723	10293	8755
PCSK6	2254	1981	2674	3300	2871	2208
LOC100507472	20	12	14	15	18	9
LOC102723394	0	1	0	0	1	0
LOC101927505	0	0	0	2	1	0
TM2D3	1743	1594	1866	1804	1707	1364
TARSL2	1498	1243	1680	1963	1825	1480
LOC100128108	11	7	17	13	12	7
LOC102723942	0	0	0	0	0	0
LOC101927628	0	0	0	0	0	0
LOC101927662	0	0	0	0	0	0
LOC101927594	0	0	0	0	0	0
LOC102723565	0	0	0	0	0	2
LOC102723960	0	0	0	0	0	0
OR4F6	0	0	0	0	0	0
OR4F15	0	0	0	0	0	0
OR4F13P	0	0	0	0	0	0
OR4F4	0	0	0	0	0	0
FAM138E	0	0	0	0	0	0
LOC102723600	6	5	0	7	10	3
MIR1302-9	0	0	0	0	0	0
WASH3P	40	41	60	32	38	29
MIR6859-2	0	0	0	0	0	0
DDX11L9	0	0	0	0	1	0
LOC102723461	0	2	6	1	0	2
LOC102723502	0	0	0	0	0	0
LOC102723532	0	0	0	0	0	0
DDX11L10	1	0	0	1	0	0
WASIR2	50	39	63	43	31	27
POLR3K	564	514	726	676	572	461
SNRNP25	481	373	508	463	455	394
RHBDF1	638	531	673	650	556	434
MPG	431	421	512	470	394	331
NPRL3	1376	1114	1549	1407	1256	951
HBZ	0	0	1	0	0	0
LUC7L	1050	883	1043	1199	993	850
ITFG3	2781	2481	3076	2858	2492	1948
RGS11	1	3	1	3	0	2
ARHGDIG	0	0	0	3	4	0
PDIA2	0	0	2	1	1	6
AXIN1	1910	1697	2132	1790	1497	1316
MRPL28	4819	4181	5640	4991	4313	3424
TMEM8A	2590	2232	2909	2822	2403	1831
LOC100134368	38	41	27	46	43	30
NME4	3978	3725	4696	4094	3647	2919
DECR2	0	0	0	0	0	0
RAB11FIP3	7	4	8	16	15	7
CAPN15	1936	1760	2296	1975	1606	1198
LINC00235	0	0	0	0	0	0
MIR5587	6	5	7	7	2	1
MIR3176	7	6	2	15	14	7
C16orf11	0	0	1	1	2	2
NHLRC4	8	7	10	7	12	5
PIGQ	843	680	917	1020	880	647
RAB40C	552	483	642	595	512	442
LOC101929280	9	6	11	11	18	6
WFIKKN1	9	7	8	5	11	2
C16orf13	644	604	776	713	624	459
LOC100287175	1	0	0	0	0	1
TRNAG4	0	0	0	0	0	0
LOC100130285	2	1	1	5	2	9
FAM195A	417	369	487	419	387	297
WDR90	1476	1284	1573	1692	1367	1091
RHOT2	1761	1470	1794	1792	1396	1254
RHBDL1	64	41	66	73	55	46
STUB1	722	556	718	696	572	457
JMJD8	337	235	381	342	323	240
WDR24	665	600	755	749	668	530
FBXL16	0	1	1	4	4	5
METRN	216	195	257	194	173	129
FAM173A	227	171	239	243	230	126
CCDC78	40	38	33	45	40	37
HAGHL	258	218	280	205	187	127
NARFL	456	342	436	482	385	278
MSLN	49	53	55	118	101	75
MIR662	0	2	0	0	0	1
RPUSD1	672	557	834	746	681	525
CHTF18	1493	1252	1616	1705	1447	1183
GNG13	4	2	4	13	14	9
PRR25	5	3	2	7	5	7
LMF1	259	204	256	249	213	188
LOC101929409	3	0	0	0	2	0
LOC101929387	4	0	3	2	3	2
SOX8	0	0	1	0	1	0
SSTR5-AS1	0	0	0	0	1	0
SSTR5	1	0	1	3	0	1
C1QTNF8	0	0	0	0	0	0
CACNA1H	0	0	0	0	0	0
TPSG1	0	0	0	1	0	0
TPSB2	1	0	0	0	0	0
TPSAB1	0	0	0	0	0	0
TPSD1	3	0	0	0	1	0
UBE2I	5989	5434	6795	6102	5253	4688
LOC102724592	0	2	1	2	0	1
BAIAP3	6	4	15	13	20	10
TSR3	657	589	865	743	596	471
GNPTG	513	483	523	569	405	384
UNKL	586	546	685	900	736	641
LOC101929440	1	0	1	4	1	0
C16orf91	356	288	402	358	302	240
CCDC154	32	14	16	30	15	18
CLCN7	2168	1991	2569	2234	1905	1478
PTX4	0	3	0	3	2	0
TELO2	1283	1052	1330	1468	1241	940
IFT140	823	591	853	678	587	500
TMEM204	4	3	2	7	2	4
LOC102724611	9	4	6	11	12	6
CRAMP1L	1957	1712	2052	2014	1819	1366
HN1L	9805	8130	10714	9770	8631	6900
MAPK8IP3	1467	1347	1657	1815	1474	1293
LOC101929480	2	3	2	2	2	0
MIR3177	0	0	0	0	0	0
NME3	605	487	718	643	519	380
MRPS34	2742	2477	3345	2778	2402	1835
EME2	138	116	103	146	137	120
SPSB3	579	428	583	536	450	356
NUBP2	788	771	970	900	764	521
IGFALS	6	11	14	11	9	12
HAGH	643	533	715	643	553	503
FAHD1	934	799	1095	983	872	754
MEIOB	3	5	7	8	2	3
LINC00254	0	0	0	0	0	0
HS3ST6	0	0	0	0	0	0
MSRB1	598	509	627	638	559	398
RPL3L	4	6	8	3	4	2
NDUFB10	2060	1628	2278	2022	1799	1570
RPS2	95676	80114	108912	97326	84066	68666
SNORA10	7	11	13	10	5	10
SNORA64	10	7	8	10	4	4
SNHG9	55	51	39	51	41	47
SNORA78	3	0	0	0	1	2
RNF151	0	2	2	3	1	2
TBL3	1851	1687	2162	1831	1575	1241
NOXO1	162	104	140	129	137	88
GFER	639	553	851	782	648	521
SYNGR3	31	45	40	38	25	29
ZNF598	2399	2203	2861	2638	2169	1725
NPW	8	1	3	2	7	8
SLC9A3R2	596	522	657	619	539	449
NTHL1	347	252	344	295	229	201
TSC2	2166	1898	2242	2327	2087	1731
PKD1	1938	1757	2185	2165	1865	1419
MIR1225	0	0	0	0	0	0
MIR6511B-1	0	0	0	0	0	0
MIR4516	0	0	0	0	0	0
MIR3180-5	0	0	0	0	0	1
RAB26	233	163	203	154	138	75
SNHG19	349	296	374	295	208	154
SNORD60	9	9	12	7	2	3
TRAF7	5919	5441	7104	6098	5336	4250
CASKIN1	4	2	10	16	16	7
MLST8	1151	972	1325	1285	1067	917
BRICD5	73	51	57	58	40	56
PGP	913	749	957	856	761	567
E4F1	596	514	699	606	596	466
DNASE1L2	65	73	77	66	54	48
ECI1	1213	1167	1630	1209	1021	790
RNPS1	7885	7078	9148	7700	6834	5481
MIR3677	2	1	1	1	0	1
MIR940	5	1	4	4	3	0
MIR4717	0	0	0	0	1	0
ABCA3	121	129	171	154	167	140
ABCA17P	12	10	9	16	7	6
CCNF	2579	2328	3008	2505	2183	1742
MIR6767	0	1	0	0	0	0
C16orf59	368	320	384	331	340	246
MIR6768	3	1	0	0	1	0
LOC729652	4	5	9	8	7	7
NTN3	5	3	8	6	8	4
TBC1D24	902	781	1024	1053	923	701
ATP6V0C	5124	4433	5483	5530	4727	3788
AMDHD2	254	207	262	221	180	138
CEMP1	46	29	49	41	39	32
MIR3178	2	0	3	1	0	0
PDPK1	3556	3139	3744	3791	3423	2890
LOC652276	168	132	204	182	142	131
FLJ42627	17	21	8	14	20	27
ERVK13-1	228	193	225	290	190	193
KCTD5	2646	2154	2788	2939	2712	2102
PRSS27	44	58	58	91	80	68
SRRM2-AS1	14	10	12	26	24	15
SRRM2	28007	23418	29594	29231	26269	21986
TCEB2	3095	2834	3435	3564	3033	2352
PRSS33	2	0	2	0	0	4
LOC102724707	0	0	0	0	0	1
PRSS41	0	0	0	0	0	0
PRSS21	3249	2941	3820	2973	2490	1988
ZG16B	11	12	8	15	11	16
PRSS30P	14	23	23	27	19	14
PRSS22	1305	1336	1890	1979	1709	1384
LOC101929566	10	9	6	8	2	4
FLYWCH2	532	505	688	602	562	466
FLYWCH1	1161	1075	1294	1158	1083	755
KREMEN2	171	137	176	248	162	129
PAQR4	631	689	753	620	528	391
PKMYT1	1327	1402	1691	1530	1282	941
LINC00514	32	26	22	21	24	16
LOC102724771	5	6	4	9	11	6
LOC101929613	27	18	24	39	16	25
CLDN9	38	45	47	69	67	50
CLDN6	3	0	2	5	5	2
TNFRSF12A	2761	2500	3284	2794	2444	2139
HCFC1R1	913	837	1147	899	774	644
THOC6	895	756	988	835	776	635
CCDC64B	62	62	74	51	45	53
RP11-473M20.5	36	36	34	41	39	27
MMP25	15	4	13	22	17	11
LOC101929668	93	39	78	64	70	54
RP11-473M20.7	12	12	19	20	13	14
IL32	70	77	68	79	77	64
ZSCAN10	3	0	0	1	1	2
ZNF205-AS1	5	3	5	8	6	4
ZNF205	281	247	291	225	252	213
RP11-473M20.14	139	85	130	149	122	91
ZNF213	531	474	568	488	385	322
CASP16	1	0	6	4	4	2
TRNAR19	0	3	1	1	0	0
TRNAR18	1	2	4	1	0	1
TRNAK15	2	2	4	5	3	0
TRNAP19	0	0	1	0	0	0
TRNAP12	0	0	0	0	0	0
TRNAK26	0	0	0	0	0	0
TRNAK21	0	0	0	0	0	1
TRNAP9	0	1	0	1	0	1
TRNAP21	0	0	0	1	0	0
TRNAP16	0	0	0	0	0	0
TRNAP18	1	1	0	3	1	1
TRNAK9	1	1	1	1	1	0
TRNAP5	1	2	1	0	0	1
TRNAR23	1	0	0	2	0	0
OR1F1	14	22	27	14	12	15
OR1F2P	7	5	7	6	1	3
ZNF200	488	452	535	526	459	355
MEFV	3	3	2	3	1	1
LINC00921	11	8	21	16	12	5
ZNF263	817	746	860	745	683	539
TIGD7	100	107	137	107	102	105
LOC102724873	65	77	80	86	76	51
ZNF75A	365	268	329	378	352	292
OR2C1	0	0	2	0	0	0
MTRNR2L4	1	0	0	0	0	0
ZSCAN32	580	507	652	588	537	455
ZNF174	232	234	286	250	210	213
ZNF597	258	180	238	231	225	227
NAA60	1072	942	1247	1010	851	701
MIR6126	2	0	3	1	1	1
C16orf90	1	0	1	4	0	0
CLUAP1	857	770	916	810	760	650
NLRC3	22	24	33	36	22	19
LOC101929732	4	1	5	3	6	4
SLX4	1078	944	1135	1045	864	731
DNASE1	400	316	393	419	310	228
TRAP1	4122	3564	4638	3957	3415	2793
LOC101929751	18	16	28	22	18	18
CREBBP	7026	5935	7599	7830	7154	6040
LOC102724927	10	7	12	12	9	2
ADCY9	967	871	1111	991	845	693
SRL	1	1	2	3	4	1
RP11-95P2.1	36	31	35	51	24	30
TFAP4	706	651	862	505	492	383
GLIS2	20	28	28	32	23	22
LOC101926896	0	0	0	0	0	0
CORO7-PAM16	0	0	0	0	0	0
PAM16	0	0	0	0	0	0
CORO7	0	0	0	0	0	0
VASN	0	0	0	0	0	0
DNAJA3	0	1	1	0	1	0
NMRAL1	0	0	0	0	0	0
HMOX2	0	0	0	0	0	1
CDIP1	19	6	15	17	9	5
C16orf96	6	2	4	2	0	1
UBALD1	576	542	661	532	508	411
MGRN1	1458	1267	1595	1528	1301	995
MIR6769A	2	1	1	1	4	0
NUDT16L1	595	457	540	616	602	472
ANKS3	250	187	286	227	202	164
C16orf71	15	7	12	21	10	15
ZNF500	419	350	491	469	377	257
SEPT12	1	4	7	4	2	4
SMIM22	7	9	11	23	24	14
ROGDI	885	686	867	779	693	576
GLYR1	5031	4032	5216	5234	4869	4144
UBN1	4232	3692	4767	4087	3676	3042
PPL	13737	12304	15510	14129	12665	11063
SEC14L5	20	20	15	22	20	12
NAGPA	225	199	230	212	214	120
NAGPA-AS1	0	0	1	0	1	0
C16orf89	0	1	0	0	0	0
ALG1	500	422	507	532	467	423
FAM86A	210	169	209	178	159	135
RBFOX1	0	1	1	1	3	2
RP11-124K4.1	0	0	0	0	0	0
MIR8065	0	0	0	0	0	0
LOC102723308	0	0	0	0	0	0
LOC440337	0	0	0	0	0	0
TMEM114	0	0	0	0	0	0
METTL22	297	228	305	294	253	231
ABAT	22	23	26	32	23	14
TMEM186	322	336	429	341	256	221
PMM2	1124	1086	1474	1201	1101	836
CARHSP1	1340	1194	1499	1231	1129	989
LOC101929989	1	0	0	1	1	0
USP7	9184	7941	10605	9756	9182	7405
C16orf72	2415	2081	2683	2647	2365	1865
LOC101927009	0	0	0	3	1	0
LOC101927026	0	0	0	0	0	0
GRIN2A	1	0	2	0	3	0
ATF7IP2	439	307	370	358	330	244
EMP2	9320	7710	10041	8595	7784	5875
TEKT5	13	4	7	5	6	6
NUBP1	465	387	542	458	420	376
TVP23A	13	11	17	10	15	4
CIITA	21	11	19	15	5	7
DEXI	200	176	205	230	185	123
LOC100505564	27	16	19	16	20	13
CLEC16A	1399	1104	1499	1318	1270	1020
SOCS1	18	12	38	32	28	20
TNP2	0	0	0	0	0	0
PRM3	0	0	0	0	0	0
PRM2	0	0	0	0	0	0
PRM1	0	0	0	0	0	0
MIR548H2	0	0	0	0	0	0
RMI2	1164	1094	1287	1174	996	821
LOC101927071	11	7	7	6	4	9
LOC388210	6	5	2	17	11	6
LOC102723455	3	0	0	0	0	0
LOC400499	8	16	6	3	3	2
LOC101927131	0	0	0	0	0	0
LOC102723843	0	1	3	0	0	0
LOC101927205	0	1	0	1	0	0
LITAF	8576	7335	9129	7410	6596	5170
SNN	1594	1278	1580	1333	1096	892
TXNDC11	1090	1014	1283	1101	933	854
ZC3H7A	2824	2457	3158	2990	2815	2392
BCAR4	2	1	1	0	3	0
RSL1D1	9287	7971	10113	9326	8402	7078
GSPT1	15345	13389	17175	15336	13788	11756
TNFRSF17	3	2	4	11	3	1
SNX29	538	521	591	624	568	460
FLJ32790	1	1	2	0	0	0
LOC101927227	0	0	0	0	0	0
LOC101929304	0	0	0	0	0	0
CPPED1	143	117	159	175	127	97
MIR4718	0	1	0	0	0	0
SHISA9	0	0	0	0	1	0
LOC101927287	0	0	0	0	0	0
ERCC4	885	782	940	964	918	714
LOC101927311	0	0	0	0	0	2
LOC101927348	0	0	0	0	0	2
MKL2	4345	3747	4737	4121	3920	3240
TRNAT6	0	0	0	0	0	0
LOC100129781	28	23	31	22	26	14
MIR193B	0	0	0	0	0	0
MIR365A	2	0	1	1	2	1
PARN	0	2	2	0	1	3
BFAR	0	1	0	1	0	0
PLA2G10	0	0	0	0	0	0
LOC100652777	0	0	0	1	2	0
NPIPA3	0	0	0	0	0	0
NPIPA2	0	1	0	0	0	1
ABCC6P2	0	0	0	0	0	1
NOMO1	10	34	37	23	20	23
LOC101927469	0	0	0	0	0	0
MIR3179-1	0	0	0	0	0	0
MIR3670-1	0	0	0	0	0	0
MIR3180-1	0	0	0	0	0	0
LOC100288162	0	0	0	0	0	0
NPIPA1	1	2	4	7	1	6
PDXDC1	288	238	319	282	283	261
MIR1972-1	0	0	0	0	0	0
NTAN1	4	6	14	7	5	12
RRN3	19	51	30	34	20	52
LOC100505915	1	0	0	0	0	2
MIR3180-4	0	0	0	0	0	0
NPIPA5	32	13	23	33	19	14
MPV17L	3	7	11	16	10	3
C16orf45	2	4	1	1	1	5
KIAA0430	0	1	0	0	0	0
MIR6506	0	0	0	0	0	0
NDE1	1	0	0	0	0	0
MIR484	0	0	0	0	0	0
MYH11	0	0	0	0	0	0
FOPNL	1	6	5	6	6	10
ABCC1	519	477	573	484	408	304
ABCC6	5	5	8	4	1	2
NOMO3	0	3	1	3	1	2
MIR3179-2	0	0	0	0	0	0
MIR3670-2	0	0	0	0	0	0
MIR3180-2	0	0	0	0	0	0
PKD1P1	68	49	44	56	52	44
MIR6511A-2	0	0	0	0	0	0
MIR6770-2	0	0	0	0	0	0
NPIPA7	0	0	0	0	0	0
XYLT1	0	0	0	0	0	0
LOC102723692	0	0	0	0	0	0
NPIPA8	1	0	0	0	2	5
MIR3180-3	0	0	0	0	0	0
MIR3179-3	0	0	0	0	0	0
LOC102723728	0	0	0	0	0	0
NOMO2	910	730	980	943	803	656
ABCC6P1	0	4	8	4	1	0
RPS15A	18184	15922	20753	18306	15886	13452
ARL6IP1	21991	18579	23275	27719	24686	19815
SMG1	17331	15403	19395	18597	16711	13952
TMC7	230	210	229	213	211	151
LOC102723385	9	3	1	1	2	0
COQ7	1387	1124	1441	1351	1275	980
ITPRIPL2	7586	6241	7262	5566	5245	3926
SYT17	408	359	385	261	226	194
CLEC19A	0	1	2	1	0	0
LOC102724257	2	3	2	1	3	0
TMC5	755	698	891	684	586	511
GDE1	4056	3433	4522	4104	3774	2974
CCP110	3338	2794	3548	3320	2914	2395
C16orf62	141	142	213	184	152	108
KNOP1	1850	1569	1987	1678	1456	1270
IQCK	292	273	343	344	273	213
GPRC5B	283	227	336	593	523	397
GPR139	0	0	0	0	1	0
LOC102723396	0	0	0	0	0	0
GP2	0	0	0	0	0	0
UMOD	0	0	0	0	0	0
PDILT	0	0	0	0	0	0
ACSM5	0	0	0	0	0	0
ACSM2A	0	0	0	0	0	0
ACSM2B	0	0	0	0	0	0
ACSM1	3	8	7	0	3	6
THUMPD1	4337	3676	4694	4165	3732	3057
ACSM3	32	26	30	13	17	20
ERI2	754	595	791	803	790	633
LOC81691	239	199	253	238	224	185
DCUN1D3	290	227	364	347	258	226
LYRM1	519	416	573	650	520	466
DNAH3	69	37	79	76	61	73
TMEM159	1216	1078	1377	1158	1023	767
ZP2	0	0	0	0	0	1
ANKS4B	0	0	0	1	0	0
CRYM	3	1	2	2	2	3
CRYM-AS1	9	9	15	13	16	4
SNX29P1	4	3	11	4	3	7
NPIPB3	223	169	205	175	137	136
LOC100190986	12	13	5	10	15	17
LOC100271836	86	134	95	104	126	135
MIR3680-1	2	0	1	3	6	3
SLC7A5P2	14	27	19	26	38	30
LOC101927814	1	2	0	0	0	1
METTL9	4500	3671	4880	4305	3779	3177
IGSF6	14	14	10	15	11	7
OTOA	1	0	1	2	4	1
RRN3P1	85	61	88	79	71	67
LOC102723428	7	11	13	9	20	5
NPIPB4	53	66	68	83	57	61
UQCRC2	6047	5410	6840	6323	5467	4706
PDZD9	158	176	174	210	169	151
C16orf52	486	451	465	599	509	407
VWA3A	5	1	5	6	9	11
TRNAL7	0	0	0	0	0	0
EEF2K	2219	1946	2411	2147	1964	1420
TRNAL27	0	0	0	0	0	0
POLR3E	1669	1424	1819	1602	1344	1173
CDR2	1210	1079	1407	1349	1186	965
RRN3P3	103	99	117	145	84	83
SMG1P1	73	74	92	83	81	96
NPIPB5	60	45	62	53	52	41
LOC653786	0	1	0	1	0	0
HS3ST2	0	0	1	0	2	0
USP31	2568	2392	2926	2444	2288	1731
SCNN1G	2	2	2	5	10	21
SCNN1B	0	2	1	1	4	0
COG7	1091	838	1063	904	894	719
GGA2	2207	1867	2336	2496	2136	1698
EARS2	2078	1825	2327	2177	1896	1527
UBFD1	8276	6851	8758	8666	7645	6235
NDUFAB1	2007	1784	2403	2228	2089	1623
PALB2	2229	1875	2496	2032	1930	1676
DCTN5	5439	4794	6037	5836	5162	4451
PLK1	5334	4382	6044	4678	3895	3298
ERN2	6	6	7	6	6	6
CHP2	1	2	7	0	0	1
PRKCB	0	0	0	0	2	0
MIR1273H	0	0	0	0	0	0
CACNG3	0	0	0	0	0	0
LOC101927875	0	0	0	0	0	0
RBBP6	4840	3964	5052	4914	4434	3751
FLJ45256	0	0	0	1	0	0
TNRC6A	6668	5663	7139	6802	6233	4870
SLC5A11	0	0	1	0	1	3
ARHGAP17	1219	1105	1461	1271	1167	975
LOC554206	20	10	20	12	15	12
LOC283887	7	5	4	3	5	4
LOC102723510	9	11	6	2	4	1
LCMT1	947	818	1076	819	827	649
RP11-266L9.2	5	4	1	1	4	4
AQP8	0	1	0	0	2	1
ZKSCAN2	771	594	767	808	674	538
HS3ST4	0	0	0	0	0	0
MIR548W	0	0	0	0	0	0
LOC102723536	0	0	0	0	0	0
C16orf82	0	0	0	0	0	0
KDM8	110	100	163	126	128	95
NSMCE1	1209	1028	1341	1164	1053	824
FLJ21408	11	3	7	7	2	9
IL4R	1830	1518	1848	1739	1494	1260
IL21R	6	7	5	1	4	0
IL21R-AS1	1	0	0	5	2	1
GTF3C1	6757	5711	7280	7163	6335	5159
KIAA0556	1467	1217	1596	1538	1242	1136
LOC100128079	0	1	2	3	4	2
GSG1L	0	0	0	0	0	1
XPO6	5784	5215	6682	6132	5333	4144
SBK1	21	24	31	35	27	20
NPIPB6	6	10	19	13	13	13
EIF3CL	462	723	507	528	509	726
MIR6862-1	0	0	0	0	0	0
CLN3	381	418	470	392	322	275
APOBR	5	5	7	4	10	2
IL27	0	0	0	1	1	0
NUPR1	10	15	18	9	4	13
CCDC101	499	412	521	507	437	400
SULT1A2	26	21	13	15	22	15
SULT1A1	182	189	188	160	136	126
NPIPB8	7	10	17	11	9	5
EIF3C	1286	1280	1448	1252	1228	1333
MIR6862-2	0	0	0	0	0	0
NPIPB9	5	7	9	8	11	17
ATXN2L	11119	9476	12377	11569	9959	8112
TUFM	9144	8125	10148	9261	8193	6934
MIR4721	0	0	0	0	0	0
SH2B1	1902	1665	2123	1832	1425	1193
ATP2A1	114	81	100	128	113	81
LOC100289092	7	19	17	14	5	15
RABEP2	364	314	430	498	397	303
CD19	0	0	1	0	0	1
NFATC2IP	3438	3070	3721	3760	3289	2553
MIR4517	11	5	16	13	15	6
LOC102723751	9	11	15	19	17	9
SPNS1	1485	1341	1680	1503	1324	1040
LAT	54	44	66	59	52	40
RRN3P2	7	8	6	3	5	6
LOC101928215	0	0	0	0	0	0
LOC101928188	0	0	1	0	0	0
LOC102723708	0	0	0	0	0	0
LOC102723693	0	0	0	1	0	0
SNX29P2	1	1	4	5	1	3
NPIPB11	87	71	105	68	73	51
LOC606724	1	0	1	2	1	0
BOLA2	201	143	242	152	167	123
SLX1B	0	0	0	0	0	1
SLX1B-SULT1A4	0	0	0	0	0	0
SULT1A4	0	0	0	0	0	0
LOC388242	0	0	0	0	0	0
LOC101928556	1	0	0	3	0	0
LOC440354	180	272	199	198	199	232
MIR3680-2	1	2	3	0	1	0
SLC7A5P1	19	20	24	22	17	8
SPN	4	4	2	5	5	1
QPRT	3	1	4	5	4	3
C16orf54	0	0	0	0	0	0
ZG16	3	3	5	5	3	3
KIF22	3519	3120	3952	3376	2812	2254
MAZ	10275	9033	11134	9132	8266	7019
PRRT2	9	12	4	10	9	13
PAGR1	2132	1836	2442	2148	1911	1640
MVP	2419	2016	2409	2028	1821	1457
CDIPT	1762	1497	1938	1800	1484	1129
CDIPT-AS1	9	6	6	8	10	3
SEZ6L2	1622	1397	1795	1892	1607	1262
ASPHD1	246	237	340	289	245	207
KCTD13	377	327	381	327	230	239
TMEM219	1473	1337	1485	1259	1070	871
TAOK2	2195	1806	2299	2377	2137	1693
HIRIP3	1537	1225	1555	1310	1231	1167
INO80E	1341	1140	1505	1460	1258	1048
DOC2A	119	94	98	146	79	77
C16orf92	0	0	0	0	0	0
FAM57B	7	10	3	12	2	6
ALDOA	39874	34061	43884	41849	36480	29166
LOC102723572	0	0	0	2	2	1
PPP4C	3386	2978	3987	3525	3091	2518
TBX6	91	93	120	92	98	69
YPEL3	165	127	151	134	130	105
LOC101928595	17	5	18	22	17	21
GDPD3	36	30	55	64	56	55
MAPK3	2027	1744	2301	2015	1683	1392
CORO1A	130	123	167	185	156	134
BOLA2B	9	3	2	5	1	3
SLX1A	0	0	0	0	0	1
SLX1A-SULT1A3	3	0	1	1	0	0
SULT1A3	0	0	0	0	0	0
LOC613038	0	2	0	2	0	2
LOC101928671	0	0	0	0	0	0
LOC613037	91	57	84	87	73	66
LOC595101	88	82	110	99	95	78
CD2BP2	3411	2863	3744	3622	3139	2631
LOC101928707	34	35	58	45	58	37
TBC1D10B	2146	1810	2353	2213	1904	1562
MYLPF	0	1	2	6	4	4
SEPT1	14	12	18	15	13	10
ZNF48	589	518	682	582	608	405
ZNF771	85	83	93	76	63	59
DCTPP1	2229	2140	2835	2466	1932	1483
SEPHS2	3932	3360	4404	4200	3774	3174
ITGAL	3	0	2	1	1	0
MIR4518	0	0	0	0	0	0
ZNF768	1718	1470	1869	1731	1449	1202
ZNF747	606	564	704	703	601	455
ZNF764	318	251	334	329	276	203
ZNF688	223	192	242	218	183	176
ZNF785	506	551	633	579	508	417
ZNF689	703	611	725	797	662	538
PRR14	1289	1034	1385	1271	1055	934
FBRS	3280	2651	3578	3649	3062	2586
LOC730183	63	25	34	46	41	33
SRCAP	9834	8666	10756	10551	9721	7791
SNORA30	1	1	1	3	1	0
LOC100862671	462	421	535	552	521	395
PHKG2	840	746	917	1057	898	749
C16orf93	2	1	5	4	4	2
RNF40	4977	4089	5386	5357	4540	3821
ZNF629	2918	2612	3377	3157	2840	2302
BCL7C	550	457	549	596	472	446
MIR4519	0	3	0	1	0	0
RP11-1072A3.2	63	43	75	57	39	37
MIR762	0	0	0	0	0	0
CTF1	266	291	311	256	271	200
FBXL19-AS1	161	128	154	172	154	139
FBXL19	2577	1968	2693	2522	2277	1902
ORAI3	451	414	511	453	414	304
SETD1A	3135	2739	3673	3366	2949	2548
HSD3B7	243	226	296	320	300	241
STX1B	27	23	32	37	23	35
STX4	783	653	802	778	702	652
LOC101928762	25	14	14	24	23	22
ZNF668	416	367	472	468	381	281
ZNF646	1196	989	1291	1181	1111	875
PRSS53	72	75	68	56	64	36
VKORC1	717	576	754	679	613	430
BCKDK	1812	1687	2218	1967	1777	1313
KAT8	883	742	1008	816	685	567
PRSS8	661	642	838	806	740	541
PRSS36	15	11	25	20	13	9
FUS	19728	17262	21641	19673	17029	15183
PYCARD	93	63	99	100	62	69
C16orf98	5	6	9	9	2	2
TRIM72	2	0	2	1	0	1
PYDC1	0	0	0	0	0	0
ITGAM	25	18	20	37	50	24
ITGAX	41	36	38	64	55	45
ITGAD	1	0	1	1	0	0
COX6A2	0	0	0	0	0	0
ZNF843	0	2	3	6	1	2
ARMC5	321	315	387	414	381	322
TGFB1I1	455	423	536	476	430	367
SLC5A2	4	5	2	0	2	1
C16orf58	1220	1098	1318	1242	1010	857
LOC101928829	7	3	13	7	3	7
AHSP	0	0	0	0	0	0
LOC102724018	1	0	0	0	0	1
YBX3P1	39	45	27	30	41	47
CLUHP3	168	150	181	235	187	151
ZNF720	549	398	513	548	475	403
LOC101928852	13	10	11	14	15	11
ZNF267	1170	961	1180	1147	1065	882
LOC101060097	0	1	2	1	0	3
HERC2P4	1	3	3	2	1	1
TP53TG3D	22	8	16	14	13	9
LOC100507221	0	0	0	0	0	0
LOC390705	0	0	0	0	0	0
LOC102724062	0	0	0	0	0	0
TP53TG3	0	0	0	0	0	0
SLC6A10P	64	59	73	73	80	56
IGHV3OR16-8	0	0	0	0	0	0
TP53TG3C	0	0	0	0	0	0
LOC102724101	0	0	0	0	0	0
TP53TG3B	0	0	0	0	0	0
LOC102724127	0	0	0	0	0	0
LOC101929031	0	0	0	0	0	0
LOC102724207	0	0	0	0	0	0
LOC102724199	0	0	0	0	0	0
LOC390714	0	0	0	0	0	0
LINC00273	0	0	0	0	0	0
LOC102724485	0	0	0	0	0	0
LOC102724505	0	0	0	0	0	0
LOC102724523	0	0	0	0	0	0
LOC100505948	0	0	0	0	0	0
MGC34800	0	0	0	0	0	0
LOC102724912	0	0	0	0	0	0
LOC102724928	0	0	0	0	0	0
UBE2MP1	8	8	5	5	5	10
RP11-488I20.3	0	0	0	0	0	0
LOC146481	0	0	0	0	0	0
RP11-80F22.15	0	0	0	0	0	0
FLJ26245	0	0	0	1	0	0
ANKRD26P1	4	1	4	15	17	10
SHCBP1	2323	2007	2657	2518	2315	1922
VPS35	7205	6268	8025	6944	6277	5071
ORC6	1847	1739	2169	2138	1870	1540
MYLK3	14	10	19	9	14	13
C16orf87	671	563	730	707	553	516
GPT2	1756	1535	2079	1663	1424	1075
DNAJA2	5316	4494	5751	5522	4829	4158
NETO2	6938	5944	7665	7226	6361	5175
RP11-329J18.2	3	2	6	2	5	1
ITFG1	2312	2068	2473	2430	2174	1776
LOC101927080	0	0	0	0	0	0
LOC102724755	0	0	0	0	0	0
PHKB	5179	4409	5688	5043	4541	3878
LOC100507534	0	2	0	0	1	2
RP11-523L20.2	3	2	5	0	1	1
ABCC12	5	3	2	3	1	3
ABCC11	1	8	5	11	2	11
LONP2	3428	2806	3722	3306	2889	2335
LOC100507577	54	46	56	53	67	49
SIAH1	260	237	293	237	247	196
N4BP1	2748	2568	3118	2169	2082	1604
LOC102724847	0	0	0	0	0	0
CBLN1	0	0	0	0	0	0
LOC102724859	0	0	0	0	0	0
C16orf78	0	0	0	0	0	0
LOC101927228	0	0	0	0	0	0
ZNF423	9	5	9	16	11	10
CNEP1R1	551	495	590	510	489	402
HEATR3	1125	980	1130	1047	995	770
LOC101927250	1	0	1	4	1	1
PAPD5	1765	1466	1715	1809	1701	1348
ADCY7	1944	1665	1924	1510	1359	1062
MIR6771	0	0	0	0	0	0
BRD7	5136	4347	5450	4845	4518	3958
NKD1	32	17	37	33	30	25
RP11-401P9.5	0	1	0	0	0	0
SNX20	0	0	0	0	0	0
NOD2	16	8	10	11	5	3
LOC102724907	0	0	2	3	0	0
CYLD	1409	1100	1367	1435	1418	1102
LOC101927313	0	0	0	0	0	0
LOC102724940	0	0	0	0	0	0
RP11-883G14.2	0	0	0	0	0	0
SALL1	103	73	129	53	40	26
LOC102724975	0	0	0	0	0	0
LOC102723323	0	0	0	0	0	0
RP11-7O14.1	0	0	0	0	0	0
C16orf97	0	0	0	0	0	0
LINC00919	0	0	0	0	0	0
LOC102467079	0	0	0	0	0	0
LOC283854	0	0	0	0	0	0
TOX3	0	0	0	1	0	0
CASC16	0	1	0	0	0	0
CHD9	5177	4600	5423	5038	4557	3770
LOC643802	5	5	7	14	11	11
LOC102723373	115	78	92	109	93	58
RBL2	3094	2621	3226	2593	2459	2056
AKTIP	715	574	823	781	717	568
RPGRIP1L	651	568	698	630	553	476
FTO	1998	1582	2010	1752	1631	1291
FTO-IT1	13	7	15	8	3	7
LOC100996338	0	1	0	0	0	0
IRX3	443	354	430	405	349	315
LOC100996345	0	0	1	0	0	0
LOC101927480	0	0	0	0	0	0
CRNDE	202	175	231	197	127	114
IRX5	46	33	45	64	37	27
IRX6	4	1	1	1	4	1
LOC102723429	0	0	0	0	0	0
MMP2	52	44	56	100	79	63
LPCAT2	1165	978	1272	1260	1084	861
CAPNS2	20	24	14	12	21	9
SLC6A2	2	5	4	9	10	6
CES1P2	0	0	0	0	0	0
CES1P1	0	0	0	1	0	0
CES1	0	0	0	0	0	0
CES5A	0	0	0	0	0	0
RP11-461O7.1	10	15	15	13	20	8
LOC101927508	0	0	1	2	1	1
GNAO1	1334	1115	1412	1265	1084	900
DKFZP434H168	0	0	0	0	0	0
MIR3935	0	0	0	0	0	0
LOC102723466	1	0	0	1	0	3
AMFR	4737	4069	5351	4948	4346	3589
NUDT21	14412	12557	15350	13631	12344	10343
OGFOD1	2225	1918	2532	2322	2031	1691
BBS2	1388	1230	1534	1324	1168	989
MT4	0	0	0	0	0	0
MT3	0	0	0	0	0	0
MT2A	2569	2353	2762	2964	2639	2088
MT1L	0	0	2	1	0	0
MT1E	769	681	823	848	789	613
MT1M	0	0	0	0	0	0
MT1JP	0	0	0	0	0	0
MT1A	0	0	0	0	0	0
MT1DP	0	0	4	1	0	0
MT1B	0	0	0	0	0	0
MT1F	12	22	17	19	17	15
LOC101927536	3	0	0	0	0	0
MT1G	0	0	0	0	0	2
MT1H	0	0	0	0	0	0
MT1IP	0	0	0	0	0	0
MT1X	358	282	341	334	303	247
NUP93	2861	2613	3387	2855	2557	2101
MIR138-2	0	0	0	0	0	0
SLC12A3	1	0	0	1	2	0
MIR6863	0	0	0	0	0	0
HERPUD1	1150	1040	1364	1161	1058	758
CETP	0	1	4	1	1	1
NLRC5	595	613	664	441	398	294
CPNE2	631	575	792	744	621	513
FAM192A	2861	2409	3062	2816	2542	2217
RSPRY1	1377	1097	1360	1452	1202	1026
ARL2BP	1016	830	1089	1150	1096	878
PLLP	9	11	7	10	11	9
TRNAL13	1	2	0	0	2	0
TRNAL11	0	0	0	0	0	0
CCL22	20	20	23	11	14	13
CX3CL1	2	3	0	4	0	9
CCL17	0	0	1	0	0	0
CIAPIN1	1871	1606	2075	1972	1762	1468
COQ9	1151	992	1304	1207	1109	913
POLR2C	2511	2340	2827	3005	2507	1972
DOK4	340	322	397	453	440	310
CCDC102A	243	217	322	346	287	188
GPR114	0	0	0	2	0	1
GPR56	4856	4059	4914	4864	4147	3284
GPR97	1	1	0	4	7	5
CCDC135	0	1	0	3	7	1
KATNB1	1219	1125	1382	1146	1101	801
KIFC3	998	843	1104	1327	1151	878
MIR6772	0	0	1	0	1	0
LOC388282	3	3	1	7	2	3
CNGB1	81	64	75	195	186	141
TEPP	5	0	0	0	0	0
ZNF319	512	441	591	579	563	401
USB1	2930	2331	3140	3268	2743	2283
MMP15	816	751	881	974	797	698
C16orf80	1420	1209	1585	1464	1315	1100
LOC101927556	3439	2988	4020	3464	3021	2466
CSNK2A2	2274	1967	2432	2275	2081	1798
CCDC113	471	415	546	487	412	310
PRSS54	0	1	2	1	3	0
GINS3	888	731	896	849	792	647
NDRG4	205	206	246	223	242	167
SETD6	639	546	713	624	584	464
CNOT1	25140	21735	27490	24448	22729	18160
SNORA46	4	1	3	3	3	4
SNORA50	7	5	1	5	5	2
SLC38A7	532	562	683	547	496	471
GOT2	11110	9648	12429	10536	9512	7887
APOOP5	1	0	1	0	0	0
RP11-430C1.1	3	0	0	1	1	0
LOC729159	0	0	0	0	0	0
LOC102723523	0	0	0	0	0	0
LOC101927605	0	0	0	1	0	2
CDH8	59	71	83	45	47	37
RNU6-21P	0	0	0	0	0	0
LOC102723550	0	0	0	0	0	0
LOC102723560	0	0	0	0	0	0
LOC101927629	0	0	0	0	0	0
CDH11	70	87	115	259	250	226
RP11-95H3.1	0	0	0	0	0	0
LINC00922	0	0	0	0	0	1
LOC101927676	0	0	0	0	0	0
CDH5	325	357	473	663	662	541
LINC00920	39	27	25	44	37	47
BEAN1	17	10	17	23	26	16
CTD-2258A20.5	0	0	0	2	0	0
TK2	931	796	970	977	832	659
CKLF-CMTM1	0	0	0	0	0	0
CKLF	36	52	30	39	32	25
CMTM1	69	45	66	51	51	44
CMTM2	6	4	3	2	2	3
CMTM3	117	125	153	201	165	144
CMTM4	4464	3942	4932	4649	4249	3314
DYNC1LI2	8295	7151	9025	8580	7807	6299
LOC101927792	7	0	10	11	6	4
CCDC79	1	3	3	9	0	2
NAE1	2543	2194	3042	2696	2521	2019
CA7	0	0	1	2	1	2
PDP2	769	647	798	615	631	493
LOC101927816	0	0	0	0	0	0
CDH16	0	1	0	0	2	4
RRAD	2	1	1	1	0	0
FAM96B	881	730	897	846	762	546
CES2	1277	1168	1302	1153	1052	848
CES3	5	5	2	2	2	5
CES4A	0	0	0	0	0	0
CBFB	4670	4050	4799	4617	4617	3605
C16orf70	754	726	872	782	647	632
B3GNT9	141	152	180	193	155	136
TRADD	238	212	244	247	205	146
FBXL8	53	75	52	48	37	40
HSF4	140	124	112	110	86	87
NOL3	341	325	322	326	309	225
KIAA0895L	327	250	292	288	300	192
EXOC3L1	7	8	2	6	4	6
E2F4	3034	2772	3577	2788	2549	1991
ELMO3	666	600	794	754	669	436
MIR328	0	0	0	0	0	0
LRRC29	8	5	13	16	16	11
TMEM208	432	389	478	502	422	312
FHOD1	675	473	755	692	564	437
SLC9A5	40	36	47	50	45	32
PLEKHG4	85	74	87	69	87	56
KCTD19	1	0	1	1	0	0
LRRC36	0	0	0	1	4	0
TPPP3	9	9	7	6	9	2
ZDHHC1	141	110	148	121	92	81
HSD11B2	74	63	81	73	60	40
ATP6V0D1	2665	2196	2758	2715	2457	2016
LOC101927837	55	54	51	44	39	29
AGRP	2	3	3	4	1	0
LOC100505942	3	3	2	1	0	2
FAM65A	2592	2305	3186	2924	2360	2049
CTCF	4663	3993	4973	4279	3962	3326
RLTPR	17	12	17	32	28	32
ACD	857	694	965	889	813	665
PARD6A	106	65	97	121	104	65
ENKD1	172	151	189	173	128	143
C16orf86	3	3	11	4	3	4
GFOD2	690	514	741	643	579	469
RANBP10	995	907	1098	1075	1012	822
TSNAXIP1	13	17	18	12	10	4
CENPT	598	474	589	635	615	515
THAP11	891	781	1091	875	759	617
NUTF2	3258	2877	3669	3091	2731	2226
EDC4	2320	2030	2521	2372	2098	1516
NRN1L	1	0	4	2	0	1
PSKH1	807	673	891	845	770	654
CTRL	24	18	32	24	29	13
PSMB10	524	471	588	459	395	340
LCAT	97	63	76	89	86	50
SLC12A4	1087	912	1106	1475	1231	956
DPEP3	0	1	0	1	1	0
DPEP2	0	0	0	0	0	0
LOC100131303	0	0	0	0	0	1
DDX28	407	391	465	446	330	322
DUS2	572	480	626	603	512	395
NFATC3	2044	1757	2238	2039	1838	1423
ESRP2	911	839	1099	984	861	743
MIR6773	3	0	0	0	0	1
PLA2G15	375	320	464	411	319	302
SLC7A6	2432	2002	2693	2193	2057	1630
SLC7A6OS	181	141	146	192	119	103
PRMT7	1097	887	1181	1133	1004	792
SMPD3	32	47	47	72	60	35
ZFP90	740	673	741	583	540	471
CDH3	8557	7699	9535	7702	6857	5503
CDH1	9163	7786	10006	10504	9531	7504
TANGO6	574	499	660	538	469	348
HAS3	558	445	554	596	468	308
CHTF8	3322	2951	3507	3374	2848	2201
CIRH1A	1000	886	1076	1067	904	760
SNTB2	2648	2325	2677	2753	2491	1880
VPS4A	3288	2658	3422	3228	2941	2382
COG8	472	408	518	426	399	316
PDF	41	33	32	39	32	20
NIP7	2825	2472	3127	2811	2620	2124
TMED6	52	35	52	48	24	42
TERF2	1640	1419	1848	1754	1628	1281
CYB5B	6689	6122	7743	6996	6377	5192
MIR1538	0	0	0	0	0	0
NFAT5	6169	5126	6257	6616	6021	4672
NQO1	13687	11762	14847	12609	10933	9100
NOB1	2530	2274	2923	2387	2109	1693
WWP2	2367	1975	2495	2162	1819	1524
MIR140	0	0	0	0	0	0
CLEC18A	9	8	13	6	17	9
PDXDC2P	655	589	778	802	658	596
MIR1972-2	0	0	1	0	0	1
LOC102723738	2	0	1	2	3	1
PDPR	1851	1630	2113	2079	1825	1530
CLEC18C	0	2	0	0	0	1
LOC100506060	48	34	68	54	54	36
LOC102723773	697	486	663	720	633	491
EXOSC6	933	770	1049	836	752	550
AARS	8597	7619	9511	8265	7387	5857
DDX19B	1027	835	1146	1014	818	752
LOC100506083	40	36	50	37	46	28
DDX19A	1743	1413	1988	1743	1552	1302
ST3GAL2	689	647	749	657	581	463
RNU6-23P	0	0	0	0	0	0
FUK	282	240	316	284	217	196
COG4	1979	1656	2105	2013	1731	1374
SF3B3	15565	13341	17006	15051	13855	11161
SNORD111B	0	1	0	0	0	2
SNORD111	0	0	1	2	0	0
IL34	3	2	4	3	4	2
MTSS1L	3426	2979	3773	3143	2759	2235
VAC14	1734	1540	1882	1482	1361	1065
VAC14-AS1	13	10	5	8	6	5
TRNAG5	0	0	0	4	2	0
TRNAG6	3	0	2	4	0	3
TRNAG20	0	0	0	0	0	0
TRNAG16	0	0	0	0	0	0
HYDIN	2	7	2	6	5	3
CMTR2	1559	1284	1568	1593	1380	1053
LOC102723786	0	0	0	0	0	0
CALB2	315	345	390	289	211	162
TRNAM9	0	0	0	0	0	0
LOC102723796	0	0	0	0	0	0
ZNF23	343	290	372	332	331	242
ZNF19	95	80	106	100	79	68
CHST4	1	4	3	4	6	0
RP11-432I5.1	6	2	0	3	1	1
TAT	0	0	4	2	2	1
MARVELD3	964	892	1139	958	850	730
PHLPP2	1306	1130	1488	1397	1222	1008
SNORA70D	1	0	0	0	0	0
AP1G1	8271	7217	9292	9063	8348	6608
SNORD71	3	0	0	3	1	0
ATXN1L	4418	3659	5045	4537	3867	3208
ZNF821	66	52	97	81	81	65
IST1	4728	4097	5141	4448	3963	3335
PKD1L3	2	4	2	9	8	7
DHODH	352	296	390	329	313	206
TXNL4B	767	605	771	779	577	496
HP	2	0	0	2	0	0
HPR	1	0	0	0	1	0
DHX38	4208	3351	4285	4183	3654	3144
PMFBP1	28	40	35	33	15	22
LOC101927957	4	6	4	10	3	3
LOC102723823	13	9	8	12	3	2
LOC102723844	26	18	14	16	11	12
LOC101927978	19	20	15	19	11	11
ZFHX3	1771	1611	1909	1862	1753	1389
LOC102723853	0	0	3	1	2	1
HCCAT5	0	0	0	0	0	0
C16orf47	0	0	0	0	0	0
RP11-140I24.1	0	0	0	0	0	0
LOC101927998	1	0	0	0	0	0
TRNAK17	0	0	0	0	0	0
LOC102723876	0	0	0	0	0	0
AC009120.4	0	0	3	0	2	0
PSMD7	4118	3651	4697	4401	3541	3141
LOC283922	117	124	140	149	115	120
LOC440386	11	8	6	3	3	7
NPIPB15	163	130	147	160	136	113
LOC102723936	0	0	0	0	0	1
CLEC18B	26	6	16	28	25	20
GLG1	8990	7553	9762	9060	8104	6455
LOC102723976	0	1	0	1	0	2
RFWD3	5312	4780	6100	5843	5101	4244
MLKL	900	779	1021	838	752	603
FA2H	79	71	100	71	68	57
WDR59	1776	1609	1893	1769	1480	1219
ZNRF1	583	502	730	620	585	410
LDHD	2	1	1	3	4	0
LOC102723987	0	0	0	0	0	0
ZFP1	685	591	773	647	614	500
CTRB2	0	0	0	0	0	0
CTRB1	0	0	1	1	1	1
LOC100506281	3	4	7	5	10	3
BCAR1	2757	2317	2966	2784	2450	1916
CFDP1	3030	2669	3240	2655	2406	2249
LOC101928178	19	16	22	25	17	18
TMEM170A	909	744	1012	979	887	647
CHST6	5	9	12	25	10	7
CHST5	13	6	8	5	17	8
TMEM231	513	443	531	441	381	367
GABARAPL2	2710	2364	2829	2692	2370	2014
ADAT1	1293	1129	1432	1541	1250	1090
KARS	9574	7932	10509	9160	8157	6779
TERF2IP	2013	1684	2079	2182	1846	1677
CNTNAP4	0	0	0	0	0	0
LOC102724022	0	0	0	0	0	0
RP11-96P7.1	0	0	0	0	0	0
MIR4719	0	0	0	0	0	0
MON1B	1535	1226	1609	1442	1361	1063
SYCE1L	2	2	3	2	3	3
ADAMTS18	0	1	0	0	0	0
NUDT7	47	37	61	28	45	22
VAT1L	1	0	0	1	0	0
CLEC3A	0	0	0	0	0	0
WWOX	1029	901	1128	807	781	644
LOC102724047	0	0	0	0	0	0
MAF	22	17	32	26	41	41
LOC101928230	0	1	4	3	1	0
LOC102467146	1	2	4	2	3	0
LOC101928248	0	0	1	0	0	0
LOC102724084	0	2	1	2	1	1
DYNLRB2	3	3	7	6	9	5
RP11-18F14.1	0	0	0	1	0	0
CDYL2	203	185	237	237	240	173
LOC100996425	18	12	16	13	15	12
CMC2	954	856	1118	1000	937	790
CENPN	4178	3527	4650	4296	3795	3216
LOC102724118	5	6	4	9	6	2
ATMIN	3775	3141	4095	4153	3630	2980
C16orf46	130	83	105	103	82	73
GCSH	682	581	753	654	599	502
PKD1L2	19	16	12	10	17	14
BCMO1	5	4	10	2	5	4
GAN	1086	990	1235	1126	1083	845
MIR4720	28	38	55	55	30	34
CMIP	7130	6716	8342	7151	6086	5256
MIR7854	0	1	0	0	0	0
MIR6504	0	0	0	3	0	0
LOC100129617	21	8	10	8	9	8
RP11-960L18.1	1	0	0	0	0	0
PLCG2	1063	960	931	376	346	299
SDR42E1	74	59	84	96	71	63
HSD17B2	1	1	3	0	1	3
MPHOSPH6	1036	942	1185	1161	1028	823
LOC101928392	0	0	0	0	0	0
LOC101928364	0	0	0	0	0	0
CDH13	7	7	10	2	1	6
MIR8058	0	0	0	0	0	0
RP11-22H5.2	0	0	0	0	0	0
LOC102724182	0	0	0	0	0	0
MIR3182	0	0	0	0	0	0
LOC102724163	2	0	0	0	0	0
HSBP1	6434	5498	6774	6385	5873	4673
MLYCD	190	170	238	213	169	157
OSGIN1	76	48	97	83	70	44
NECAB2	13	5	25	11	9	4
SLC38A8	1	1	0	0	1	0
MBTPS1	5425	4756	5829	4759	4254	3486
LOC729887	18	18	38	15	31	9
HSDL1	1440	1307	1494	1418	1264	981
DNAAF1	3	0	1	4	11	7
TAF1C	1297	1189	1478	1443	1246	1025
ADAD2	123	81	124	92	77	77
KCNG4	0	0	0	0	0	1
WFDC1	0	0	0	0	0	0
ATP2C2	437	425	530	554	459	348
TLDC1	2720	2571	3193	2728	2584	1935
COTL1	17119	14579	20172	20604	17934	14873
KLHL36	3711	3214	4029	3759	3325	2627
USP10	8166	7074	8877	8089	7149	5802
CRISPLD2	375	328	460	529	471	402
LOC101928474	2	1	2	1	1	1
ZDHHC7	4140	3604	4535	4186	3715	3039
KIAA0513	721	658	852	757	795	576
FAM92B	3	0	0	0	0	0
LOC400548	1	0	0	8	0	1
LOC102724242	0	3	0	0	0	0
GSE1	5795	5071	6383	6139	5297	4380
LINC00311	1	4	8	9	2	3
LOC727710	3	7	2	6	7	5
MIR5093	0	0	0	1	0	0
LOC101928502	2	0	1	2	2	1
GINS2	1994	1794	2332	1917	1687	1372
C16orf74	696	567	793	721	601	410
MIR1910	0	0	1	1	2	3
EMC8	2162	1986	2477	2417	2023	1599
LOC101928557	3	1	1	0	1	2
COX4I1	9017	7534	10144	9533	8333	7067
IRF8	9	3	10	24	15	11
MIR6774	0	0	0	0	0	0
LOC101928582	0	0	0	0	0	0
LINC01082	0	0	0	0	0	0
LINC01081	0	0	0	0	0	0
RP11-514D23.1	0	0	0	0	0	0
LINC00917	0	0	0	0	0	0
FENDRR	3	1	9	5	2	2
LOC102724331	0	0	0	0	0	0
FOXF1	18	27	20	18	12	7
MTHFSD	756	693	837	893	680	601
FLJ30679	9	12	14	18	10	7
FOXC2	7	5	11	11	9	8
FOXL1	121	121	133	115	95	66
LOC102724344	0	0	0	0	0	0
LOC101928614	0	0	0	0	0	0
LOC440390	0	0	0	2	0	0
RP11-899L11.1	0	0	0	0	0	0
RP11-178L8.5	0	0	0	0	1	0
C16orf95	80	55	88	64	71	41
LOC101928659	9	9	14	6	5	5
FBXO31	906	785	999	813	737	569
TRNAM13	0	0	0	1	0	0
MAP1LC3B	1698	1625	2004	1924	1759	1449
ZCCHC14	2713	2360	2902	2628	2463	1983
JPH3	69	64	70	53	55	38
LOC100129215	39	31	30	39	25	33
KLHDC4	717	618	721	706	581	437
LOC100129637	309	275	335	283	285	208
LOC102724467	14	16	23	27	18	17
SLC7A5	74925	63216	84807	63680	56011	43623
MIR6775	2	0	3	1	0	2
CA5A	3	1	2	8	4	1
BANP	395	286	369	375	336	237
LOC102724506	0	0	0	1	1	1
LOC400553	0	1	0	0	0	1
LOC101928880	5	1	0	2	0	0
ZNF469	1540	1394	1808	1199	1026	857
ZFPM1	166	135	185	162	168	103
MIR5189	0	0	0	0	0	0
LOC100128882	9	9	7	5	8	2
LOC102724588	2	0	4	3	0	2
ZC3H18	3021	2501	3261	2783	2457	2137
IL17C	2	2	4	3	2	4
CYBA	3427	3038	3846	3568	3060	2675
MVD	1216	996	1289	1187	981	872
SNAI3-AS1	56	47	43	48	43	45
SNAI3	33	38	36	35	33	21
RNF166	479	393	495	450	377	299
CTU2	362	362	399	303	255	237
PIEZO1	3820	3272	4251	3803	3418	2557
MIR4722	0	0	0	0	0	0
RP5-1142A6.2	10	5	4	9	5	5
FLJ40448	0	1	2	6	2	1
CDT1	1581	1370	1768	1473	1226	915
APRT	1188	1118	1472	1192	1086	833
GALNS	439	439	536	477	391	352
TRAPPC2L	690	574	728	681	570	439
PABPN1L	0	0	0	0	0	0
CBFA2T3	2	9	23	10	13	13
LOC101927793	1	0	3	2	4	0
LOC102724632	1	0	2	0	2	0
LOC100129697	0	0	0	0	0	0
ACSF3	463	410	480	413	364	287
LOC102724669	0	0	0	0	0	0
LINC00304	2	0	0	1	0	4
RP11-46C24.3	0	0	0	1	0	0
CDH15	0	0	0	1	0	1
SLC22A31	6	5	4	9	7	5
ZNF778	137	137	158	155	143	122
ANKRD11	6111	5457	7068	5786	5225	4364
LOC101927838	22	13	36	14	18	16
AC137932.6	6	5	7	7	6	5
LOC101927863	5	6	2	6	7	3
SPG7	1606	1412	1706	1598	1385	1121
RPL13	23473	20891	26714	21442	18241	14797
SNORD68	7	6	11	11	7	8
CPNE7	284	237	383	273	226	217
DPEP1	0	1	1	5	3	3
CHMP1A	3049	2639	3343	2926	2588	2080
LOC102724709	4	10	15	10	15	2
SPATA33	283	226	302	214	239	213
CDK10	1005	847	1024	961	849	665
SPATA2L	124	98	118	140	115	88
VPS9D1	100	75	95	104	75	57
VPS9D1-AS1	242	203	286	287	219	194
ZNF276	255	196	233	263	182	136
FANCA	936	758	1006	880	720	612
SPIRE2	413	380	417	385	311	299
LOC102724730	7	8	9	13	9	2
TCF25	2208	1953	2459	2161	1866	1675
LOC101927910	72	83	79	111	92	92
MC1R	127	92	109	139	129	91
TUBB3	594	540	629	876	693	570
DEF8	989	899	1177	1131	939	710
CENPBD1	503	435	502	402	425	374
AFG3L1P	483	433	518	460	411	342
DBNDD1	191	179	231	212	193	134
GAS8	332	268	321	289	280	280
C16orf3	3	1	5	2	6	8
URAHP	15	16	6	14	16	9
PRDM7	1	3	0	8	2	2
FAM157C	12	4	11	3	3	6
LOC101059936	3	4	8	6	5	6
LOC101927999	20	27	36	31	16	24
LOC100133182	68	59	93	101	69	63
LOC101928072	3	3	0	3	3	1
LOC102723655	0	0	0	0	0	0
LOC102723912	0	0	0	0	0	0
LOC102723713	13	9	21	19	23	10
LOC102723771	0	1	0	0	0	1
SLC6A10PB	117	110	118	116	79	81
LOC102724014	0	0	0	0	0	0
LOC102723841	0	0	0	0	0	0
LOC102724031	23	26	31	10	21	20
LOC102723869	0	0	0	0	0	0
LOC102724052	0	0	0	0	0	0
LOC102723890	0	0	0	0	0	0
LOC102723777	0	0	0	0	0	0
LOC653486	0	0	0	0	0	0
DOC2B	0	2	0	1	0	0
LOC100506371	0	0	0	0	0	0
RPH3AL	10	6	6	9	6	4
LOC101929482	0	0	0	0	0	0
LOC101929070	0	0	1	1	2	2
LOC100506388	0	0	0	0	0	0
C17orf97	140	140	159	162	144	101
FAM101B	761	780	1059	798	719	511
VPS53	2446	2117	2796	2523	2285	1883
FAM57A	841	710	925	720	652	589
GEMIN4	2114	1835	2446	2094	1778	1389
DBIL5P	23	30	40	18	20	9
GLOD4	2700	2276	2923	2540	2174	1933
RNMTL1	453	380	467	411	377	281
NXN	1205	982	1263	1446	1148	928
LOC101927727	23	37	31	26	21	13
LOC100130876	1	2	2	3	1	1
TIMM22	0	0	0	0	0	0
ABR	2	0	0	3	0	1
MIR3183	0	0	0	0	0	0
BHLHA9	0	0	0	0	0	0
TUSC5	0	0	0	0	0	0
YWHAE	0	0	1	1	0	3
CRK	222	191	261	230	221	153
MYO1C	11131	9665	12517	11025	9935	8085
INPP5K	558	413	556	465	420	381
PITPNA-AS1	166	131	176	154	129	89
PITPNA	3094	2709	3555	3230	2860	2424
SLC43A2	6	7	5	8	9	4
SCARF1	0	0	0	0	0	0
RILP	0	0	0	0	0	0
PRPF8	2	0	1	1	2	0
TLCD2	0	0	3	1	1	0
MIR22HG	0	0	0	0	0	0
MIR22	0	0	0	0	0	0
WDR81	60	48	35	44	36	29
LOC101927754	0	0	0	0	0	0
SERPINF2	0	0	0	0	0	0
SERPINF1	139	88	91	143	97	103
SMYD4	1020	869	1142	1022	951	772
RPA1	6918	6030	7821	7071	6272	5156
RTN4RL1	90	75	91	110	96	82
DPH1	337	296	321	309	253	237
OVCA2	18	18	22	16	20	17
MIR132	0	0	0	0	0	0
MIR212	0	2	1	0	0	0
HIC1	33	32	24	30	31	19
SMG6	1352	1214	1499	1387	1226	1080
LOC101927839	0	0	0	0	0	0
SRR	167	142	200	173	169	122
TSR1	3045	2708	3535	3114	2675	2199
SNORD91B	1	3	1	1	4	1
SNORD91A	3	0	3	0	0	1
SGSM2	687	614	700	703	641	535
LOC101927864	2	2	3	3	1	1
MNT	561	490	587	537	443	346
LOC284009	3	5	6	3	5	9
METTL16	2392	2157	2701	2292	2122	1635
PAFAH1B1	8993	7443	9811	8462	8026	6483
CLUH	4836	4513	5747	4629	4058	3314
MIR6776	0	0	0	0	0	0
LOC101928991	0	0	0	0	0	0
MIR1253	0	0	0	0	0	0
LOC102723970	0	0	0	0	0	0
RAP1GAP2	990	773	1075	937	848	703
LOC101927911	2	1	1	3	2	2
OR1D5	0	0	0	0	0	0
OR1D2	0	0	0	0	0	0
OR1G1	0	1	0	0	1	0
OR1A2	0	0	0	0	0	0
OR1A1	0	0	0	0	0	0
OR1D4	0	0	0	0	0	0
OR3A2	0	0	0	0	0	0
OR3A1	0	0	0	0	0	0
OR3A4P	0	0	0	0	0	0
OR1E1	0	0	0	0	0	0
OR3A3	0	0	0	0	0	0
OR1E2	0	0	0	0	0	0
SPATA22	0	0	0	0	0	0
ASPA	5	8	9	6	3	5
TRPV3	22	16	25	66	55	21
TRPV1	205	202	242	225	213	143
SHPK	497	451	565	467	426	400
CTNS	377	356	383	374	395	282
P2RX5-TAX1BP3	41	49	56	57	50	24
TAX1BP3	8	6	10	12	10	3
EMC6	24	21	32	22	22	20
P2RX5	176	132	158	161	119	110
ITGAE	323	286	380	312	302	218
GSG2	1000	890	1183	984	897	684
C17orf85	2848	2380	3072	2946	2705	2220
CAMKK1	139	145	181	127	124	93
P2RX1	0	0	2	0	0	0
ATP2A3	146	158	130	204	171	139
ZZEF1	2975	2611	3216	3115	2683	2183
CYB5D2	411	314	435	448	452	308
ANKFY1	4440	3637	4737	4192	3794	3023
UBE2G1	4149	3466	4455	3748	3520	2802
SPNS3	3	4	5	2	0	4
SPNS2	46	38	46	83	79	48
MYBBP1A	2302	2062	2528	2141	1902	1412
GGT6	723	648	811	779	709	572
SMTNL2	0	2	1	0	2	1
ALOX15	184	137	187	192	193	157
PELP1	4375	3709	4760	3832	3128	2823
LOC101559451	13	5	9	9	9	8
ARRB2	1449	1207	1554	1239	1120	940
MED11	215	158	222	213	158	147
CXCL16	641	587	769	654	639	469
ZMYND15	18	13	17	18	15	12
TM4SF5	0	0	0	0	0	0
VMO1	6	6	5	4	9	7
GLTPD2	56	54	78	49	46	39
PSMB6	3008	2663	3366	3171	2670	2232
PLD2	1193	1021	1385	1266	1097	892
MINK1	4695	3973	5073	4542	3996	3308
CHRNE	5	10	8	14	12	4
C17orf107	35	32	29	20	15	25
GP1BA	70	63	82	117	82	66
SLC25A11	1715	1486	1997	1910	1551	1264
RNF167	3167	2733	3583	3451	2913	2602
PFN1	31270	27869	34654	32739	28176	23261
ENO3	354	289	362	564	416	368
SPAG7	1272	1043	1358	1179	1036	963
CAMTA2	1113	1056	1247	1149	980	827
MIR6864	3	1	0	0	0	0
MIR6865	1	0	1	0	0	0
RP5-1050D4.5	5	2	4	4	1	3
INCA1	45	43	77	45	46	42
KIF1C	4354	3777	5000	4711	4117	3448
LOC102724009	4	4	12	11	8	4
SLC52A1	76	52	95	77	70	77
ZFP3	12	22	18	18	22	17
ZNF232	147	124	180	140	94	97
LOC101928000	14	14	10	13	5	6
USP6	36	37	30	35	35	36
ZNF594	564	508	635	539	518	411
RP11-333E1.1	7	13	3	7	9	7
SCIMP	1	4	3	5	0	0
RABEP1	4528	3932	4999	4441	3960	3403
NUP88	2181	1907	2446	2226	1918	1576
RPAIN	850	727	837	791	711	541
C1QBP	5366	5090	6543	5569	4772	4288
DHX33	2467	2167	2922	2552	2310	1715
DERL2	1054	915	1176	1124	943	742
MIS12	1491	1336	1652	1429	1308	1064
LOC728392	119	119	125	112	115	82
NLRP1	931	848	915	973	850	701
LOC101928044	5	6	7	4	7	13
LOC101928019	2	3	1	1	1	2
LOC339166	0	0	0	0	0	0
WSCD1	2	0	5	2	3	4
AIPL1	0	0	2	0	0	0
FAM64A	951	735	984	713	598	456
PITPNM3	230	204	271	178	200	131
KIAA0753	1267	1084	1305	1211	1049	861
LOC101928083	139	114	136	133	104	91
TXNDC17	1048	938	1233	1182	1067	778
MED31	130	117	122	146	123	93
C17orf100	28	39	37	34	39	43
MIR4520A	0	0	0	0	0	0
MIR4520B	0	0	0	0	0	0
ALOX15P1	5	3	6	7	6	3
SLC13A5	10	3	3	4	3	0
XAF1	238	210	140	25	14	22
FBXO39	5	3	3	6	7	3
TEKT1	0	0	0	0	0	1
ALOX12P2	170	140	187	172	170	127
LOC100506713	19	7	17	15	17	15
ALOX12	59	60	86	47	50	35
RNASEK-C17orf49	0	0	0	0	0	1
RNASEK	29	24	25	29	16	23
C17orf49	0	0	0	0	0	0
MIR497HG	5	2	6	5	9	1
MIR195	0	0	0	2	0	0
MIR497	0	1	0	0	0	0
BCL6B	2	1	8	1	3	0
SLC16A13	234	195	204	204	188	118
SLC16A11	4	18	7	9	5	6
CLEC10A	0	0	0	0	0	0
ASGR2	0	0	0	0	1	0
ASGR1	12	27	15	32	20	22
DLG4	615	491	690	631	588	451
ACADVL	4126	3678	4591	4190	3548	3020
MIR324	9	4	6	12	13	5
DVL2	1285	1121	1384	1232	1135	940
PHF23	1580	1327	1627	1579	1425	1182
GABARAP	2896	2660	3272	2788	2331	1921
CTDNEP1	4934	4281	5558	4989	4342	3392
ELP5	1493	1244	1676	1314	1152	946
CLDN7	4789	4309	5528	5445	4543	3449
SLC2A4	9	9	8	2	8	4
YBX2	1	0	4	3	1	0
EIF5A	27474	23931	31749	27767	23318	19411
GPS2	1011	786	1103	997	915	791
NEURL4	1450	1194	1524	1489	1270	1029
ACAP1	31	40	36	46	22	11
KCTD11	606	505	612	497	496	411
TMEM95	0	0	1	1	0	1
TNK1	499	484	615	507	439	358
TMEM256-PLSCR3	1	1	0	1	1	0
PLSCR3	3	2	5	4	3	3
TMEM256	233	213	253	196	177	163
NLGN2	2056	1878	2393	2021	1779	1481
SPEM1	3	1	1	2	2	1
C17orf74	0	4	1	2	0	5
LOC102724073	0	0	0	4	4	4
TMEM102	274	202	239	197	180	131
FGF11	85	52	75	70	60	49
CHRNB1	111	81	114	144	103	89
ZBTB4	2884	2410	3056	2576	2168	1803
SLC35G6	5	1	2	3	5	3
POLR2A	11730	9827	12347	13681	12538	10561
TNFSF12-TNFSF13	0	0	0	0	0	0
TNFSF12	60	81	78	66	58	53
TNFSF13	68	55	92	88	70	78
SENP3-EIF4A1	4	8	2	8	3	2
SENP3	239	256	303	256	228	172
EIF4A1	0	0	0	0	0	0
SNORA48	16	6	9	16	7	5
SNORD10	8	11	4	7	9	5
SNORA67	21	26	31	20	27	18
CD68	1123	1103	1193	1137	1068	936
LOC102724164	88	91	108	72	68	54
MPDU1	1678	1345	1864	1979	1656	1445
SOX15	1984	1670	2141	1864	1521	1206
FXR2	1999	1840	2264	2052	1789	1579
SHBG	4	3	1	3	1	10
SAT2	517	442	519	469	446	342
ATP1B2	1	1	4	2	4	1
TP53	2501	2057	2649	2448	2081	1658
WRAP53	845	642	868	757	586	497
EFNB3	155	165	181	161	158	132
DNAH2	27	32	38	45	44	45
RPL29P2	10	14	5	6	1	11
KDM6B	1053	833	1042	1096	994	733
TMEM88	5	3	5	8	7	6
NAA38	474	399	462	514	396	319
CYB5D1	902	718	903	871	757	609
LOC102724217	86	72	73	71	66	67
CHD3	13955	11644	15194	14180	13080	11060
SCARNA21	12	5	1	3	2	0
LOC284023	58	64	65	35	34	27
KCNAB3	45	48	47	54	28	30
TRAPPC1	1370	1222	1462	1310	1110	946
CNTROB	1265	984	1226	1097	953	823
GUCY2D	7	2	2	6	4	4
ALOX15B	2	1	0	0	0	0
ALOX12B	19	35	29	37	23	12
MIR4314	0	0	0	0	0	0
ALOXE3	15	25	26	35	26	17
TRNAK1	0	0	0	0	0	0
TRNAQ1	0	2	0	0	1	0
TRNAL2	0	0	0	0	0	0
HES7	8	7	12	18	14	11
TRNAR1	0	0	0	0	0	0
TRNAG2	0	0	0	0	0	0
TRNAS6	0	0	0	0	0	0
TRNAT22	0	0	0	0	0	0
PER1	446	356	509	476	408	272
MIR6883	1	0	1	0	0	0
VAMP2	739	622	828	629	527	533
TMEM107	193	164	199	171	149	110
SNORD118	0	0	0	0	0	0
TRNAW3	0	0	0	0	0	0
TRNAS23	0	0	0	0	0	0
MIR4521	0	0	0	0	0	0
TRNAT8	0	0	0	0	0	0
TRNAI23	0	0	0	0	0	0
C17orf59	236	173	216	204	188	136
AURKB	2082	1797	2319	1856	1547	1195
LINC00324	12	5	12	12	5	10
TRNAW4	0	0	0	0	0	0
TRNAG18	0	0	0	0	0	0
TRNAD17	0	0	0	0	0	0
TRNAP8	0	0	0	0	0	0
CTC1	630	552	660	768	600	513
TRNAT9	0	0	0	0	0	0
TRNAS14	0	0	0	0	0	0
TRNAI24	0	0	0	0	0	0
PFAS	2361	2012	2722	2364	2027	1627
SLC25A35	242	236	273	244	269	202
RANGRF	27	26	32	30	27	21
ARHGEF15	0	0	2	1	1	1
ODF4	0	0	2	0	2	0
LOC100128288	50	47	56	45	31	37
KRBA2	153	109	131	121	95	99
RPL26	13175	11380	14835	12529	10795	9315
RNF222	1	0	3	2	0	2
NDEL1	1238	1101	1301	1249	1122	930
MYH10	5542	4859	5970	5124	4683	3905
LOC102724262	12	5	15	14	6	4
LOC102724287	0	0	0	0	0	0
CCDC42	1	0	0	0	0	0
SPDYE4	0	0	0	0	0	0
MFSD6L	0	0	1	0	0	0
PIK3R6	0	0	0	0	0	1
PIK3R5	23	15	33	30	5	8
LOC101928235	13	18	18	23	19	14
NTN1	1916	1887	2349	1874	1549	1364
RP11-85B7.2	9	5	8	12	5	9
STX8	446	379	523	376	328	312
WDR16	17	25	26	11	14	10
USP43	486	433	578	438	379	270
DHRS7C	0	0	0	0	0	0
LOC644070	0	2	1	0	2	0
GLP2R	12	9	21	21	10	5
RCVRN	0	0	0	0	0	0
GAS7	53	52	50	19	33	17
MYH13	0	0	0	0	0	0
LOC102724366	0	0	0	0	0	0
MYH8	0	0	0	0	0	0
MYH4	0	0	0	0	0	1
MYH1	0	0	0	0	0	0
MYH2	0	0	0	0	0	0
LOC100128560	0	1	2	0	0	0
MYH3	92	90	107	102	84	66
SCO1	1692	1507	1958	1715	1545	1238
ADPRM	151	120	151	118	127	86
TMEM220	11	10	19	10	13	19
MAGOH2	12	20	15	20	16	26
TMEM220-AS1	0	0	0	0	0	0
LINC00675	0	0	0	0	0	0
PIRT	0	0	0	0	0	0
LOC101928325	0	0	0	0	0	0
SHISA6	0	0	0	1	0	0
DNAH9	0	0	1	0	0	3
LOC101928350	0	0	0	0	0	0
ZNF18	179	168	224	174	161	113
MAP2K4	1623	1483	1732	1644	1532	1122
MIR744	0	0	0	1	0	0
LINC00670	0	0	0	0	0	0
MYOCD	0	0	0	0	0	0
AC005358.3	0	0	0	0	0	0
LOC100128006	0	0	0	0	0	0
ARHGAP44	5	1	2	5	1	2
MIR1269B	0	0	0	0	0	0
ELAC2	3416	2941	3792	3432	2978	2583
HS3ST3A1	74	80	128	84	97	55
MIR548H3	0	0	0	0	0	0
LOC100506974	21	12	7	9	19	5
CDRT15P1	10	11	5	4	9	4
COX10-AS1	140	112	145	128	113	102
COX10	684	497	681	614	495	405
CDRT15	3	1	4	0	3	3
HS3ST3B1	28	19	30	28	28	16
MGC12916	6	12	11	14	6	6
LOC101928475	0	0	0	0	0	0
CDRT7	0	0	0	0	0	0
CDRT8	0	0	0	0	0	0
PMP22	211	168	227	200	174	179
MIR4731	0	0	0	0	0	0
TEKT3	7	13	19	7	15	2
TVP23C-CDRT4	0	0	0	0	0	0
CDRT4	1	1	3	1	1	0
TVP23C	118	105	166	141	99	103
CDRT1	24	19	33	26	27	27
TRIM16	4529	3845	4842	3946	3390	2667
ZNF286A	1137	998	1241	1122	1027	826
TBC1D26	2	1	1	1	3	3
CDRT15P2	0	0	1	0	0	0
MEIS3P1	330	298	294	272	276	236
AC015922.6	0	0	0	0	0	0
ADORA2B	1208	1080	1317	1108	977	785
ZSWIM7	243	225	267	174	244	154
TTC19	1643	1430	1794	1602	1509	1184
NCOR1	9454	7846	9917	8446	7781	6352
PIGL	140	159	190	209	138	119
MIR1288	0	0	0	0	0	0
CENPV	191	184	237	179	174	154
LOC102724483	10	6	7	6	4	0
UBB	19768	16419	20920	19062	16842	14288
TRPV2	3	6	5	3	9	3
FAM211A-AS1	10706	9716	12226	10297	8875	7502
SNORD49B	0	0	4	0	0	1
SNORD49A	11	15	12	8	9	6
SNORD65	3	3	4	2	3	4
FAM211A	31	15	29	18	26	14
ZNF287	42	35	40	49	32	42
ZNF624	130	97	130	104	87	80
CCDC144A	7	12	7	7	8	9
USP32P1	13	14	16	7	7	4
FAM106CP	0	1	2	0	0	1
KRT16P2	40	29	49	34	24	37
LOC102724543	0	0	0	0	0	2
TBC1D27	0	0	2	2	6	1
TNFRSF13B	0	0	0	0	1	0
AC104024.1	0	1	0	1	2	0
MPRIP	9417	8856	10360	8728	7723	6494
LOC101928660	4	3	7	11	4	7
PLD6	119	95	151	95	87	68
FLCN	448	415	536	421	306	235
COPS3	4177	3796	5107	4528	3975	3340
NT5M	79	74	86	72	68	46
SMCR9	0	0	0	0	0	0
MED9	382	355	437	395	358	304
RASD1	6	3	1	9	7	6
PEMT	554	534	701	510	471	348
RAI1	3628	3097	3893	3147	2675	2101
SMCR5	1	1	2	2	5	0
SREBF1	6582	5996	7647	5773	5166	3963
MIR6777	0	0	0	0	0	0
MIR33B	0	1	0	0	1	0
TOM1L2	912	774	980	1046	889	728
LOC100507131	38	34	33	55	41	39
LRRC48	50	40	44	45	35	25
ATPAF2	366	296	375	314	253	233
GID4	665	570	765	650	605	476
DRG2	1217	1117	1455	1254	1064	836
MYO15A	15	8	23	20	10	17
ALKBH5	3336	2921	3671	3213	2729	2365
LLGL1	2224	1919	2549	2103	1748	1355
FLII	6695	6184	7706	7432	6756	5424
MIEF2	274	226	298	313	277	163
TOP3A	1542	1317	1714	1536	1302	1027
SMCR8	2313	2084	2603	2238	1998	1640
SHMT1	2655	2349	2948	2559	2265	1714
MIR6778	2	0	0	0	0	0
EVPLL	2	3	6	3	3	2
LOC101928729	4	7	4	9	9	0
FLJ35934	17	6	10	4	5	18
LOC339240	2	0	0	2	1	0
KRT16P1	6	2	2	1	4	12
LGALS9C	7	4	1	3	2	0
USP32P2	440	387	471	395	370	256
FAM106A	40	46	47	39	36	20
CCDC144B	381	303	346	354	306	227
TBC1D28	1	1	2	0	0	0
ZNF286B	175	136	186	203	197	138
FOXO3B	275	274	323	302	288	226
TRIM16L	2216	1753	2197	1734	1493	1155
FBXW10	10	7	27	9	10	10
TVP23B	1655	1397	1692	1559	1471	1162
LOC101929141	1	2	1	2	0	5
PRPSAP2	1433	1153	1394	1446	1352	1023
SLC5A10	196	140	203	189	159	129
LOC101928787	0	0	0	0	0	0
FAM83G	554	507	749	655	579	402
GRAP	2	1	3	5	3	1
SNORD3B-1	9	7	5	1	7	10
SNORD3B-2	0	0	0	0	0	0
LOC102724624	1	0	3	1	1	1
SNORD3D	1	0	0	1	0	0
GRAPL	0	0	0	0	0	0
LOC79999	0	0	0	0	0	0
SNORD3A	35	30	42	26	22	20
SNORD3C	2	0	1	1	2	1
LOC388436	0	0	0	0	0	0
EPN2	2198	1950	2348	2173	1899	1569
EPN2-IT1	2	5	0	2	2	3
EPN2-AS1	11	2	3	7	3	4
B9D1	399	390	453	420	381	260
MIR1180	0	1	4	1	0	0
MAPK7	435	325	455	479	337	307
MFAP4	12	21	12	10	9	12
RNF112	36	44	38	32	20	18
TRNAW7	0	0	0	0	0	0
SLC47A1	181	145	208	150	147	93
SNORA59B	0	0	0	0	2	0
LOC100996813	15	19	7	11	9	10
ALDH3A2	5930	5113	6494	4823	4449	3661
SLC47A2	890	751	821	558	553	414
ALDH3A1	3753	2866	3185	2481	2308	2051
ULK2	406	344	381	319	328	241
TRNAG26	4	0	0	0	0	0
AKAP10	1484	1245	1506	1538	1350	1025
SPECC1	1710	1342	1907	1714	1599	1252
CCDC144CP	29	30	25	27	25	29
FAM106B	2	1	4	3	1	2
LGALS9B	1	0	0	1	1	0
KRT16P3	7	5	3	11	6	5
LOC100996294	7	1	0	3	0	5
CDRT15L2	0	0	0	0	0	0
LOC100287072	8	13	14	8	9	13
CCDC144NL	1	0	0	0	1	0
RP11-344E13.3	4	7	7	5	2	5
LOC102724783	8	4	5	14	5	5
LOC339260	0	0	0	0	0	0
USP22	7333	6230	8057	7161	6430	5129
HP08942	1	0	0	1	1	0
DHRS7B	313	293	350	339	209	211
LOC101928974	4	3	0	4	1	1
TMEM11	576	491	706	611	494	439
LOC102724831	3	2	0	6	1	0
C17orf103	31	21	28	36	30	21
MAP2K3	1609	1414	1841	1827	1507	1269
KCNJ12	8	6	10	7	14	9
C17orf51	447	398	488	471	374	322
LOC101930665	2	0	3	0	1	0
KCNJ18	0	0	1	1	1	1
LOC100996792	0	1	0	1	2	4
LOC100996792_1	1	3	2	2	1	1
FAM27L	0	0	0	0	0	0
FLJ36000	0	0	0	0	0	0
LOC102723754	0	0	0	0	0	0
MTRNR2L1	8	11	6	5	5	13
MIR4522	0	0	0	2	0	0
WSB1	1288	1039	1263	1252	1064	953
TBC1D3P5	0	0	0	0	0	0
KSR1	564	465	542	503	421	358
LGALS9	51	49	44	30	27	13
NOS2	2	1	0	0	0	0
LYRM9	64	53	73	73	44	40
NLK	1565	1323	1633	1475	1447	1142
LOC102724517	40	25	47	31	32	22
PYY2	6	8	9	15	7	3
PPY2	0	0	0	0	0	0
LOC101060106	0	0	0	0	0	0
KRT18P55	7	5	10	10	13	10
TMEM97	1379	1204	1566	1307	1054	957
IFT20	146	146	166	130	107	115
TNFAIP1	1680	1383	1794	1547	1295	1069
POLDIP2	3737	3140	4278	3909	3235	2804
TMEM199	516	521	711	607	548	423
MIR4723	0	0	0	0	0	0
SEBOX	0	0	2	0	0	0
VTN	0	2	1	2	2	0
SARM1	19	11	15	7	8	4
SLC46A1	341	269	371	303	236	204
SLC13A2	0	0	0	0	0	0
FOXN1	12	10	6	9	7	5
UNC119	592	539	667	613	577	418
PIGS	2126	1915	2398	2058	1854	1483
ALDOC	1347	1115	1463	1130	982	932
SPAG5	4241	3532	4568	3802	3427	2828
SPAG5-AS1	3	4	7	4	7	4
SGK494	265	243	295	271	217	197
KIAA0100	10086	8715	11042	9967	8767	7327
SDF2	1207	1065	1220	1204	1082	922
SUPT6H	7029	5953	7642	7389	7000	5860
PROCA1	45	43	48	52	64	35
RAB34	1981	1737	2425	2115	1817	1593
NARR	0	0	0	0	0	0
RPL23A	18260	16645	20677	16902	14676	12557
SNORD42B	3	4	3	10	6	0
SNORD4A	29	20	38	30	31	15
SNORD42A	21	11	21	11	12	8
SNORD4B	5	6	3	1	2	0
TLCD1	327	259	385	295	281	222
NEK8	204	162	214	198	187	144
TRAF4	1618	1403	1909	1752	1432	1082
FAM222B	702	573	749	670	590	526
ERAL1	1889	1604	2062	1803	1644	1238
MIR451A	0	0	0	0	0	0
MIR451B	0	0	0	0	0	0
MIR144	0	0	0	0	0	0
MIR4732	0	0	0	0	0	0
FLOT2	3694	3030	3984	3589	3216	2521
DHRS13	195	173	190	172	143	131
PHF12	3029	2768	3537	3268	2812	2286
LOC101927018	19	22	39	26	32	23
SEZ6	11	8	16	11	9	6
PIPOX	11	14	13	15	7	9
MYO18A	2412	2082	2423	2021	1714	1527
TIAF1	15	13	10	7	6	4
CRYBA1	0	3	4	0	2	0
NUFIP2	13899	11783	14654	12075	11005	9158
MIR4523	71	52	76	79	52	42
TAOK1	11267	9568	12110	11361	10774	8705
ABHD15	328	294	390	327	294	238
TP53I13	657	574	783	614	624	427
GIT1	2170	1819	2416	2013	1696	1294
ANKRD13B	400	372	466	288	225	179
CORO6	202	196	282	246	203	170
SSH2	2702	2432	2965	2552	2370	1877
EFCAB5	14	10	17	4	10	17
NSRP1	1633	1293	1733	1529	1500	1309
MIR423	2	1	0	3	2	0
MIR3184	0	0	0	0	0	0
SLC6A4	8	5	3	7	6	4
BLMH	868	820	1056	1024	935	743
TMIGD1	0	0	0	0	0	0
CPD	4001	3494	4234	4105	3669	2916
GOSR1	3162	2776	3504	3221	2886	2309
LOC101927037	0	0	0	0	1	0
TBC1D29	4	1	0	2	1	3
LOC101927093	0	0	0	0	0	0
LRRC37BP1	977	848	1070	844	803	683
SH3GL1P2	3	1	2	5	1	4
SUZ12P1	210	189	220	183	136	155
CRLF3	1057	846	1145	875	829	642
ATAD5	1717	1524	1955	1875	1675	1289
TEFM	431	362	479	454	329	300
ADAP2	7	17	11	10	10	9
RNF135	338	262	296	266	258	217
DPRXP4	2	1	6	3	11	3
LOC646021	60	68	85	74	60	37
NF1	11527	10175	12203	10900	9846	8087
MIR4733	0	0	0	3	0	0
LOC101927057	0	1	0	1	1	1
OMG	4	1	2	3	1	3
EVI2B	4	2	2	14	5	11
EVI2A	8	4	3	9	1	2
RAB11FIP4	451	471	596	466	368	311
MIR4724	0	0	0	0	0	0
TRNAT10	2	0	0	0	0	0
MIR193A	0	1	0	0	0	0
MIR4725	0	0	0	0	0	0
MIR365B	0	0	0	0	0	0
COPRS	1076	988	1247	1025	897	720
UTP6	2014	1811	2545	2156	1901	1589
SUZ12	4994	4160	5210	4996	4961	4069
LRRC37B	122	131	131	121	124	115
SH3GL1P1	19	22	14	18	19	25
LOC102724625	0	0	0	0	0	0
RHOT1	2531	2209	2749	2323	2031	1777
ARGFXP2	7	1	3	1	3	0
LOC100506596	14	8	1	10	9	3
RHBDL3	2	1	3	0	2	2
C17orf75	894	769	873	689	647	500
MIR632	0	0	0	0	0	0
ZNF207	7815	6812	8603	7559	6852	5791
PSMD11	5691	4894	6375	6107	5265	4457
CDK5R1	171	134	175	136	140	137
MYO1D	2094	1881	2261	1733	1549	1267
LOC102724697	6	3	8	2	2	1
LOC101927198	1	0	0	0	0	2
LOC102724715	2	5	3	2	1	1
TMEM98	80	99	99	61	59	65
LOC102724731	0	0	0	0	0	0
SPACA3	0	0	0	0	0	0
ASIC2	0	0	0	1	0	0
AA06	0	0	0	0	0	0
LOC147004	0	0	0	0	0	0
RP11-215E13.1	0	0	0	0	0	0
CCL2	0	0	0	0	0	0
CCL7	0	0	0	0	0	0
CCL11	0	0	0	0	0	0
CCL8	0	0	0	0	0	0
CCL13	0	0	0	0	0	0
CCL1	0	0	0	0	0	0
C17orf102	0	0	0	0	0	0
TMEM132E	0	0	0	0	0	0
CCT6B	56	44	48	57	45	44
ZNF830	483	462	497	433	377	388
LIG3	1499	1258	1613	1225	1058	915
RAD51L3-RFFL	0	0	0	0	0	0
RFFL	125	125	147	119	114	98
RAD51D	354	313	355	306	248	224
FNDC8	63	47	77	51	33	26
NLE1	705	592	808	730	609	469
UNC45B	0	0	0	3	0	0
SLC35G3	0	0	0	0	0	0
LOC102724792	26	23	7	13	12	9
SLFN5	1306	1116	1250	1055	925	738
SLFN11	4368	3522	4172	3699	3380	2807
SLFN12	211	155	179	209	182	142
SLFN13	2052	1716	2064	1705	1500	1338
SLFN12L	36	29	23	30	29	29
SLFN14	1	2	2	2	0	3
SNORD7	5	0	4	1	3	5
PEX12	258	239	281	290	274	215
AP2B1	15931	13960	17923	14407	13261	10996
RASL10B	84	58	76	63	62	50
GAS2L2	0	1	0	2	4	1
C17orf50	0	0	4	0	0	0
MMP28	0	1	4	0	2	0
TAF15	0	0	0	0	0	2
C17orf66	0	0	0	0	0	0
CCL5	0	0	1	0	0	0
RDM1	0	0	0	0	0	0
LYZL6	0	0	0	0	0	0
CCL16	0	0	0	0	0	0
CCL15-CCL14	0	0	0	0	0	0
CCL14	0	0	0	0	0	0
LOC101927339	0	0	0	0	0	0
CCL15	0	0	0	0	0	0
CCL23	0	0	0	0	0	0
CCL18	0	0	0	0	0	0
LOC102724850	0	0	0	0	0	0
CCL3	0	0	0	0	0	0
CCL4	0	0	0	0	0	0
LOC101927369	0	0	0	0	0	0
TBC1D3B	0	0	0	0	0	0
CCL3L3	0	0	0	0	0	0
CCL4L1	0	0	0	0	0	0
LOC102724862	0	0	0	0	0	0
LOC102724956	0	0	0	0	0	0
LOC101060212	0	0	0	0	0	0
LOC101060321	0	0	0	0	0	0
LOC102723399	0	0	0	0	0	0
LOC102723414	0	0	0	0	0	0
TBC1D3H	0	0	0	0	0	0
TBC1D3F	0	0	0	0	0	0
LOC100510707	0	0	0	0	0	0
ZNHIT3	0	0	0	0	0	0
MYO19	5	7	4	3	2	4
PIGW	0	0	0	0	0	0
GGNBP2	1	0	3	0	3	2
DHRS11	0	0	0	0	0	0
MRM1	9	16	25	17	14	11
LOC102723456	0	0	0	0	0	0
LOC102723471	1	1	5	0	0	0
LHX1	0	0	0	0	0	0
AATF	0	0	0	0	0	0
MIR2909	0	0	0	0	0	0
ACACA	60	52	57	51	38	15
LOC102723486	0	0	0	0	0	0
C17orf78	0	0	0	0	0	0
TADA2A	60	30	55	46	44	38
DUSP14	12	9	10	8	7	2
SYNRG	0	0	0	0	0	0
DDX52	89	120	148	112	91	70
MIR378J	0	0	0	0	0	0
HNF1B	0	0	0	0	0	0
YWHAEP7	0	0	0	0	1	0
LOC102723595	0	0	0	0	0	0
LOC101060351	0	0	0	0	0	0
LOC102723608	0	0	0	0	0	0
LOC101060376	31	14	17	16	10	13
LOC102723719	0	0	0	0	0	0
LOC102723732	0	0	0	0	0	0
LOC101060389	0	0	0	0	0	0
LOC102723819	0	0	0	0	0	0
TBC1D3C	0	0	0	0	0	1
LOC102723836	0	0	0	0	0	0
LOC101929950	0	1	1	0	1	0
LOC102723859	0	0	0	0	0	0
LOC102723851	0	0	0	0	0	0
LOC102723933	0	0	0	0	0	0
TBC1D3	0	0	0	0	0	0
LOC102723943	0	0	0	0	0	0
LOC440434	1	2	1	1	0	0
MRPL45	4	4	3	2	5	3
GPR179	0	0	0	0	0	0
SOCS7	183	141	156	126	137	110
ARHGAP23	262	196	217	183	151	132
LOC101929494	0	0	0	0	0	0
SRCIN1	0	0	1	0	0	0
LOC101929513	0	0	0	0	0	0
C17orf96	0	0	0	0	0	0
MIR4734	0	0	0	0	0	0
LOC101929533	0	0	0	0	0	0
MLLT6	0	0	0	0	0	0
MIR4726	0	0	0	0	0	0
CISD3	1	0	0	0	0	0
PCGF2	0	0	0	0	0	0
LOC100287808	0	0	0	0	0	0
TRNAN17	0	0	0	0	0	0
PSMB3	5	1	5	0	3	3
PIP4K2B	0	0	0	0	0	0
CWC25	0	0	0	0	0	0
MIR4727	0	0	0	0	0	0
C17orf98	0	0	0	0	0	0
RPL23	13618	12115	15896	13426	11989	10430
SNORA21	3	1	5	6	2	2
TRNAC30	0	0	0	0	0	1
TRNAC5	0	0	0	0	0	0
TRNAC7	0	0	0	1	0	0
LASP1	12921	10872	14357	13244	11320	9479
MIR6779	0	0	0	0	0	0
LINC00672	3	3	6	16	14	7
FBXO47	2	2	3	1	0	3
LOC102724038	0	0	0	0	0	0
LRRC37A11P	1	1	2	4	2	6
LOC100131347	7	3	11	11	9	7
PLXDC1	27	28	19	17	19	18
TRNAC9	0	0	0	0	0	0
TRNAC29	0	0	0	0	0	1
ARL5C	0	0	0	0	0	0
CACNB1	219	189	266	210	186	121
RPL19	26087	22244	28605	23061	20603	17691
STAC2	6	0	1	3	4	7
LOC101929578	0	0	1	2	1	0
FBXL20	1147	986	1237	1078	907	795
MED1	5979	4964	6315	5636	5526	4392
CDK12	5182	4299	5632	5188	4845	4036
NEUROD2	9	1	6	7	10	2
PPP1R1B	3	0	0	1	1	1
STARD3	797	720	869	805	730	553
TCAP	2	2	2	5	0	1
PNMT	2	0	1	3	9	0
PGAP3	409	365	432	347	317	289
ERBB2	3037	2530	3281	2798	2454	2041
MIR4728	0	0	1	0	1	0
MIEN1	756	782	837	722	614	502
GRB7	503	452	517	466	419	285
IKZF3	0	2	0	2	0	0
ZPBP2	1	1	3	1	2	0
GSDMB	83	72	78	65	61	44
ORMDL3	1193	1024	1135	1092	969	822
LOC101928947	0	0	0	0	1	0
LRRC3C	0	0	0	0	0	0
GSDMA	1	0	0	0	0	1
PSMD3	4307	3601	4642	4316	3723	3150
LOC102724103	19	8	9	13	8	5
CSF3	1	0	0	2	1	0
MED24	1513	1181	1572	1395	1237	987
MIR6884	3	1	6	4	0	2
SNORD124	6	3	0	1	0	1
THRA	456	395	524	358	334	292
NR1D1	281	312	307	288	215	177
MSL1	3935	3261	4219	3638	3284	2794
CASC3	4108	3426	4469	3797	3542	2884
MIR6866	0	0	0	0	0	0
RAPGEFL1	1512	1288	1451	1205	1139	917
MIR6867	1	0	0	6	0	0
WIPF2	4469	3885	4647	4264	3749	3179
CDC6	3408	2962	3886	3553	3062	2667
RARA	605	544	659	598	549	410
RARA-AS1	0	0	0	1	1	1
GJD3	230	194	316	201	186	158
TOP2A	21329	17915	22819	21095	19092	15678
IGFBP4	491	473	565	456	386	327
LOC102724129	5	4	5	4	9	5
TNS4	2675	2226	2628	2571	2247	1862
LOC101059954	7	9	14	18	12	18
CCR7	44	52	47	51	39	45
SMARCE1	4642	3941	4851	4318	4012	3622
KRT222	14	9	29	10	26	18
KRT24	0	1	0	0	0	0
KRT25	0	0	0	0	0	0
KRT26	0	0	0	0	0	0
KRT27	2	1	0	2	1	2
KRT28	0	0	0	0	0	0
KRT10	698	702	818	709	660	587
TMEM99	441	406	517	450	442	365
KRT12	0	0	0	0	0	0
KRT20	0	0	0	0	0	0
KRT23	0	0	0	0	0	0
KRT39	0	0	0	0	0	0
KRT40	0	0	0	0	0	0
KRTAP3-3	0	0	0	0	0	0
KRTAP3-2	0	0	0	0	0	0
KRTAP3-1	0	0	0	0	0	0
KRTAP1-5	0	0	0	0	0	0
KRTAP1-4	0	0	0	0	0	0
KRTAP1-3	0	0	0	0	0	0
KRTAP1-1	0	0	0	0	0	0
KRTAP2-1	0	0	0	0	0	0
KRTAP2-2	0	0	0	0	0	0
KRTAP2-3	0	0	0	0	0	0
KRTAP2-4	0	0	0	0	0	0
KRTAP4-7	0	0	0	0	0	1
KRTAP4-8	0	0	0	3	0	0
KRTAP4-9	0	0	0	0	0	1
KRTAP4-11	0	0	0	0	0	0
KRTAP4-12	0	0	0	0	0	0
KRTAP4-6	0	0	0	0	0	0
KRTAP4-5	0	0	0	0	0	0
KRTAP4-4	0	0	0	0	0	0
KRTAP4-3	0	0	0	0	0	0
KRTAP4-2	0	0	0	0	0	0
KRTAP4-1	10	5	9	9	5	13
KRTAP9-1	0	0	1	2	0	0
KRTAP9-2	0	0	0	0	0	0
KRTAP9-3	0	0	0	0	0	0
KRTAP9-8	0	0	0	0	0	0
KRTAP9-4	0	0	0	0	0	0
KRTAP9-9	0	0	0	0	0	0
KRTAP9-6	0	0	0	0	0	0
KRTAP9-7	0	0	0	0	0	0
KRTAP29-1	0	0	0	0	0	0
KRTAP16-1	0	0	0	0	0	0
KRTAP17-1	0	0	0	0	0	0
KRT33A	0	0	0	0	0	0
KRT33B	0	0	0	0	0	0
KRT34	0	0	0	1	0	0
KRT31	0	0	0	0	0	0
AC003958.2	0	0	0	0	0	0
KRT37	0	0	0	0	0	0
KRT38	1	0	1	0	2	0
KRT32	20	24	18	55	46	44
KRT35	0	0	0	0	0	0
KRT36	1	0	0	0	1	0
KRT13	522	396	485	663	606	592
KRT15	4118	3209	4333	5331	4744	4113
MIR6510	1	1	0	0	1	1
KRT19	18329	14513	19552	17749	15307	12950
LINC00974	0	1	1	1	1	1
KRT9	19	10	25	18	20	19
KRT14	3038	2601	3071	3381	2916	2465
KRT16	416	285	411	678	675	475
KRT17	106013	91547	112104	78769	70209	59448
KRT42P	9	8	5	10	6	3
EIF1	14555	13175	16520	13599	12228	9825
GAST	6	4	5	4	6	8
HAP1	106	96	120	177	137	106
JUP	13524	12314	15286	12365	10778	8704
LEPREL4	1269	1033	1355	1213	1001	773
FKBP10	4609	4094	5199	5152	4540	3651
NT5C3B	904	778	976	705	674	614
KLHL10	6	1	0	3	7	4
KLHL11	370	297	392	341	276	225
ACLY	9602	8180	10498	9731	8748	6822
TTC25	15	18	17	18	20	10
CNP	2826	2421	2914	2639	2247	1736
DNAJC7	3538	2822	3715	3221	2860	2459
NKIRAS2	1169	1085	1346	1086	991	824
ZNF385C	23	18	30	19	14	36
LOC100507656	119	83	128	91	71	52
DHX58	227	223	198	96	74	45
KAT2A	2011	1681	2271	2107	1750	1350
HSPB9	0	1	3	1	3	1
RAB5C	4491	3788	4947	4328	3804	3228
KCNH4	0	0	0	3	0	1
HCRT	0	0	0	0	0	0
GHDC	467	396	450	440	347	280
STAT5B	1166	1104	1378	1010	944	794
STAT5A	140	126	193	167	160	124
STAT3	5608	4795	6189	5283	4621	3650
PTRF	9086	8039	10715	10154	8796	7088
ATP6V0A1	2186	1685	2348	2125	1898	1499
MIR548AT	0	0	0	0	0	1
MIR5010	1	2	2	1	1	0
NAGLU	240	227	282	310	220	164
HSD17B1	811	646	892	730	564	485
COASY	4441	4008	5039	4160	3505	2891
MLX	1318	1107	1495	1296	1112	890
PSMC3IP	206	187	214	204	201	155
FAM134C	1914	1640	2054	1767	1500	1210
TUBG1	2033	1698	2345	1981	1826	1333
TUBG2	408	331	454	455	437	342
PLEKHH3	456	475	531	440	392	332
CCR10	2	4	3	2	0	2
CNTNAP1	73	72	102	134	136	66
EZH1	402	389	414	297	290	239
MIR6780A	0	0	0	0	0	0
RAMP2-AS1	3	0	0	1	1	2
RAMP2	0	0	0	0	0	0
VPS25	911	727	990	871	757	682
WNK4	273	241	242	246	206	179
COA3	493	399	533	395	419	309
CNTD1	21	26	17	15	20	10
BECN1	1537	1305	1590	1572	1346	1137
MIR6781	0	0	0	0	0	0
PSME3	6708	6029	7544	6946	6231	5112
AOC2	120	80	113	99	102	65
AOC3	66	64	81	77	57	37
AOC4P	1	1	0	1	2	1
LOC102724175	0	0	0	0	0	0
LINC00671	0	1	0	0	0	0
G6PC	1	0	0	0	0	0
PTGES3L-AARSD1	0	1	0	0	0	0
AARSD1	0	0	0	0	0	2
PTGES3L	8	12	10	9	11	2
RUNDC1	1017	805	1050	956	820	699
RPL27	12542	11476	14299	12060	10424	8945
IFI35	328	325	320	229	174	154
VAT1	2177	2012	2389	2104	1724	1424
RND2	8	1	4	3	3	3
BRCA1	3078	2524	3228	2974	2662	2259
NBR2	273	231	261	202	179	154
LOC101926920	13	10	8	14	3	12
RP11-242D8.1	149	98	135	116	83	89
LOC101926902	25	17	18	28	9	12
NBR1	3865	3353	3944	3526	3331	2677
TMEM106A	157	127	150	116	112	89
LINC00854	9	15	18	18	21	12
RNU2-1	0	0	0	0	0	0
LINC00910	101	93	90	64	84	58
ARL4D	373	299	409	333	242	205
MIR2117	6	5	3	2	0	2
DHX8	2954	2623	3302	3022	2577	2096
ETV4	398	386	451	454	327	294
MEOX1	11	11	17	10	11	2
SOST	2	0	6	0	3	0
DUSP3	1672	1468	1883	1707	1393	1085
C17orf105	0	0	1	0	0	0
MPP3	169	142	241	180	143	94
CD300LG	0	0	0	1	1	0
MPP2	760	576	738	672	579	498
FAM215A	0	0	0	0	0	0
LOC102724183	0	0	0	0	0	0
PPY	0	0	0	0	0	0
PYY	7	9	3	3	4	1
NAGS	226	156	234	182	151	116
TMEM101	536	448	568	477	409	303
LSM12	1296	1028	1429	1238	1015	930
G6PC3	1311	1121	1604	1479	1191	956
HDAC5	700	639	738	557	498	407
C17orf53	312	300	377	358	299	226
ASB16	69	63	76	73	77	43
ASB16-AS1	172	145	178	127	123	92
TMUB2	978	848	1000	752	736	542
ATXN7L3	3046	2522	3173	2750	2411	1926
LOC101926967	82	51	62	78	88	66
UBTF	5373	4714	5829	4868	4303	3870
MIR6782	0	0	0	0	0	0
SLC4A1	1	1	1	0	2	0
AC003102.3	45	38	46	56	50	40
RUNDC3A	82	61	61	72	67	64
SLC25A39	3733	3309	4164	3768	3393	2566
GRN	3148	2748	3223	2693	2442	1964
FAM171A2	55	46	60	51	51	39
ITGA2B	67	54	66	61	70	45
GPATCH8	2825	2280	3210	2699	2401	2082
FZD2	741	598	838	988	817	542
LINC01180	0	0	1	0	2	0
C17orf104	86	63	90	111	105	76
CCDC43	1585	1377	1758	1618	1385	1211
DBF4B	762	588	785	663	562	525
ADAM11	7	9	8	19	10	11
LOC102724278	0	0	0	0	0	0
GJC1	98	103	131	162	114	86
HIGD1B	4	1	8	6	4	5
EFTUD2	6268	5499	7100	6123	5412	4306
CCDC103	33	33	46	51	33	27
GFAP	2	1	2	2	1	2
KIF18B	2258	1873	2417	1775	1628	1242
MIR6783	2	0	0	0	0	0
C1QL1	4	4	6	3	6	1
DCAKD	736	586	715	582	474	379
NMT1	5902	5010	6721	5514	4963	4014
PLCD3	1178	1009	1329	1033	908	731
MIR6784	0	0	0	0	0	0
ACBD4	238	231	245	196	175	154
HEXIM1	2390	1921	2416	2842	2424	2180
HEXIM2	228	206	256	267	249	183
LOC339192	5	3	2	3	4	2
FMNL1	118	99	140	129	108	95
SPATA32	13	6	4	11	6	12
MAP3K14-AS1	39	41	43	44	40	22
MAP3K14	889	750	896	767	688	549
ARHGAP27	0	1	0	0	0	0
PLEKHM1	0	0	0	0	1	0
MIR4315-1	0	0	0	0	0	0
LRRC37A4P	0	1	1	0	0	0
LOC102724345	0	0	0	0	0	0
LOC644172	0	0	0	0	0	0
LOC102724375	0	0	0	0	0	0
CRHR1	0	0	0	0	0	0
MGC57346	0	0	0	0	0	0
CRHR1-IT1	2	0	1	0	1	3
MAPT-AS1	0	0	0	0	0	0
SPPL2C	0	0	0	0	0	0
MAPT	0	0	1	2	0	0
MAPT-IT1	0	0	0	0	0	0
STH	0	0	0	0	0	0
KANSL1	1	1	0	0	0	0
LOC102724391	0	0	0	0	0	0
KANSL1-AS1	0	0	0	0	0	0
LRRC37A	2	2	1	2	5	4
ARL17B	2	1	1	0	0	0
NSFP1	0	0	0	0	0	0
ARL17A	4	6	2	6	6	2
LRRC37A2	7	2	1	2	1	4
NSF	19	36	34	26	26	44
LOC102724454	0	0	0	0	0	0
WNT3	4	1	0	2	2	1
LOC101929777	0	0	0	0	0	0
WNT9B	0	0	0	0	0	0
GOSR2	1346	1165	1464	1568	1273	1070
MIR5089	0	0	0	0	0	0
RPRML	0	0	0	0	0	0
LOC102724432	2	4	6	4	9	3
LOC101927060	129	71	126	97	96	72
CDC27	6101	5018	6343	5294	4747	3929
MYL4	0	0	1	0	1	1
ITGB3	38	45	37	20	28	21
LOC102724508	2	0	1	3	3	1
EFCAB13	116	103	109	84	97	83
LOC102724487	0	0	0	0	0	0
MRPL45P2	108	114	132	172	117	132
NPEPPS	5709	4657	5834	5076	4372	3676
LOC101929046	22	7	8	13	10	3
KPNB1	26189	22337	28656	25928	23516	19607
TBKBP1	120	100	121	114	81	74
TBX21	0	0	2	0	0	0
OSBPL7	222	186	201	211	188	139
MRPL10	1308	1082	1395	1173	1134	889
LRRC46	36	32	17	20	18	22
SCRN2	364	354	428	333	325	264
SP6	82	100	119	121	113	76
LOC101927122	0	1	0	0	0	0
LOC102724532	29	42	45	44	35	18
SP2	1061	884	1120	995	885	776
AC003665.1	72	57	48	68	45	37
PNPO	2057	1589	2333	1992	1868	1293
PRR15L	10	5	6	4	13	4
CDK5RAP3	1897	1604	1952	1802	1546	1336
COPZ2	138	100	110	106	91	68
MIR152	0	0	0	0	0	1
LOC102724556	6	11	8	11	6	7
NFE2L1	8418	7206	8716	7355	6582	5677
CBX1	5762	4927	6270	5320	4759	4034
LOC101929078	3	2	1	3	0	2
SNX11	712	650	813	634	579	485
SKAP1	0	0	2	1	0	0
MIR1203	0	0	0	0	0	0
LOC101927166	0	0	0	0	0	1
HOXB1	0	0	0	0	0	0
HOXB2	208	166	191	178	134	115
HOXB-AS1	32	15	23	46	26	19
HOXB3	319	291	262	266	272	214
HOXB4	328	288	326	289	238	203
MIR10A	3	2	0	0	0	0
HOXB-AS3	73	49	75	76	57	43
HOXB5	87	67	52	53	55	43
HOXB6	271	230	243	205	215	196
HOXB7	916	721	942	829	779	626
HOXB8	13	10	24	3	6	3
HOXB9	108	118	122	74	86	52
MIR196A1	2	0	1	0	3	1
LOC101060400	63	61	79	44	31	35
PRAC1	0	0	0	1	0	0
PRAC2	2	1	2	3	9	4
MIR3185	0	0	0	0	0	0
HOXB13	323	273	377	351	322	250
TTLL6	1	1	1	0	1	2
CALCOCO2	2750	2229	2749	2167	1893	1571
ATP5G1	1801	1633	2057	1615	1469	1241
UBE2Z	5151	4444	5536	4578	4125	3512
SNF8	1611	1441	1841	1598	1536	1227
GIP	0	1	0	0	0	0
IGF2BP1	2243	1858	2453	2140	1956	1464
B4GALNT2	3	1	3	1	2	2
TRNAQ2	0	0	0	0	0	2
GNGT2	0	0	1	0	0	0
ABI3	0	1	0	0	0	0
PHOSPHO1	5	2	1	3	5	5
FLJ40194	0	0	0	0	0	0
MIR6129	0	0	0	0	0	0
ZNF652	3373	3012	3409	3074	2876	2205
LOC102724596	1	1	4	5	2	2
PHB	5826	5010	6372	5824	5056	4054
RP11-1079K10.5	0	0	0	0	0	0
NGFR	1791	1423	1832	1757	1559	1165
RP5-1029K10.2	5	4	1	8	10	0
MIR6165	0	1	0	0	0	0
NXPH3	22	16	10	23	19	16
SPOP	3519	2941	3575	3210	3007	2365
SLC35B1	1464	1278	1611	1445	1232	1028
FAM117A	416	334	443	487	431	329
KAT7	2899	2541	3348	2891	2542	2118
TAC4	0	3	6	3	3	1
FLJ45513	4	9	0	8	3	5
DLX4	76	48	83	93	80	79
DLX3	484	400	567	612	458	406
RP11-1094H24.4	32	40	53	72	31	33
ITGA3	15600	14282	18121	13990	12472	9884
PDK2	530	477	566	528	449	364
SAMD14	2	1	1	4	1	3
PPP1R9B	2810	2526	3239	3053	2600	2001
SGCA	0	0	0	0	0	0
HILS1	0	0	0	0	0	0
COL1A1	422	436	536	438	398	332
RP11-893F2.6	0	0	0	0	0	0
TMEM92	15	9	13	16	14	15
XYLT2	1289	1176	1539	1100	1047	815
MRPL27	926	744	1011	905	847	683
EME1	578	531	660	670	567	478
LRRC59	9087	8383	10748	9106	8071	7038
ACSF2	1123	1048	1188	1166	979	852
CHAD	32	36	30	34	31	19
RSAD1	423	340	450	342	284	194
MYCBPAP	26	22	17	21	23	13
EPN3	960	824	1065	895	699	618
SPATA20	2408	1963	2505	2633	2371	1825
CACNA1G-AS1	0	5	3	6	3	1
CACNA1G	1	2	2	2	0	6
LOC101927253	0	0	0	0	0	0
ABCC3	422	396	375	331	314	264
ANKRD40	4534	4084	4973	4172	3801	3069
LUC7L3	7298	6159	7455	6667	6107	5563
LINC00483	0	0	3	0	0	1
MIR8059	0	0	0	0	0	0
WFIKKN2	1	0	3	3	3	2
TOB1	1719	1396	1817	1924	1827	1505
TOB1-AS1	16	4	14	9	17	12
SPAG9	9997	9010	10408	7981	7369	6043
NME1-NME2	0	0	0	0	0	0
NME1	1629	1514	1916	1804	1553	1292
NME2	29	26	22	20	16	22
MBTD1	1575	1420	1581	1470	1384	1149
UTP18	3519	3096	4141	3251	3049	2428
RP11-1018N14.1	5	2	1	2	5	1
FLJ42842	0	0	1	1	0	0
CA10	0	0	0	0	0	0
C17orf112	0	0	0	0	0	0
LOC101927337	1	4	0	2	2	4
KIF2B	0	0	0	0	0	0
TOM1L1	1073	1082	1239	1082	1014	822
COX11	1757	1485	1966	1873	1604	1359
STXBP4	451	372	459	464	365	318
HLF	17	21	30	29	20	21
MMD	169	170	229	157	133	106
LOC101927367	0	0	1	0	0	0
LOC102724732	0	0	0	0	0	0
LOC101927389	0	0	0	0	0	0
TMEM100	0	0	0	0	0	0
PCTP	563	538	569	530	473	406
ANKFN1	1	0	1	1	0	1
NOG	2	4	0	2	2	2
C17orf67	96	71	93	90	83	50
DGKE	834	749	925	755	737	596
MTVR2	0	1	0	0	0	0
TRIM25	5575	4762	5756	4761	4072	3344
MIR3614	0	0	0	0	0	0
COIL	1273	1110	1375	1181	1159	976
SCPEP1	3669	3164	3899	3161	3023	2374
RNF126P1	0	0	2	0	1	1
LOC101927471	65	75	62	58	61	68
AKAP1	3655	3123	4002	3045	2712	2206
LOC101927510	4	1	0	2	2	2
MSI2	3033	2565	3187	2908	2679	2205
RP11-118E18.2	0	0	0	1	0	0
RP11-118E18.4	0	0	1	1	0	0
CCDC182	0	0	0	0	0	0
MRPS23	1766	1435	1999	1725	1573	1297
CUEDC1	718	620	877	804	719	528
VEZF1	3183	2628	3194	2894	2669	2251
LOC101929185	0	1	1	2	3	5
FLJ44342	412	382	423	303	284	243
SRSF1	16828	13431	17571	15899	14308	11682
DYNLL2	4322	3844	4688	4128	3842	3292
OR4D1	0	0	0	0	0	0
MSX2P1	0	0	0	1	0	0
OR4D2	0	0	0	1	0	0
EPX	13	16	14	22	10	9
MKS1	596	544	735	666	561	445
LPO	1	1	0	1	0	3
MPO	0	0	0	0	0	0
BZRAP1	85	100	118	72	75	54
BZRAP1-AS1	10	9	8	4	11	11
MIR142	0	0	0	0	0	0
MIR4736	0	0	0	0	0	0
SUPT4H1	978	913	1062	1006	853	824
RNF43	997	779	1024	828	770	605
HSF5	0	2	0	0	1	2
MTMR4	2750	2356	3149	2528	2242	1751
SEPT4	3	3	11	12	11	10
RP11-112H10.4	0	0	1	1	1	2
C17orf47	2	6	5	3	0	4
TEX14	29	30	34	48	44	28
RAD51C	1457	1173	1631	1395	1281	1042
PPM1E	60	54	74	51	44	17
TRIM37	3208	2668	3377	2888	2784	2255
SKA2	6292	5372	6965	6269	5748	4871
MIR454	5	2	3	1	2	1
MIR301A	0	0	0	0	0	0
PRR11	7086	5910	7794	6450	5840	4664
SMG8	1138	1070	1336	1295	1103	896
GDPD1	142	109	135	109	99	70
YPEL2	109	86	98	104	92	81
MIR4729	0	0	0	0	0	0
RP11-567L7.6	1	2	0	0	0	0
DHX40	3464	2958	3688	3317	3024	2434
CLTC	38147	33651	42024	38561	35126	28597
PTRH2	889	755	942	808	661	581
VMP1	6330	5288	6235	5335	4695	3909
MIR21	6	5	5	8	3	2
TUBD1	1243	1101	1363	1209	1065	882
RPS6KB1	2995	2657	3255	2738	2420	2111
RNFT1	426	312	350	377	331	286
RP11-178C3.2	6	4	5	8	8	6
TBC1D3P1-DHX40P1	5	7	6	8	5	9
MIR4737	5	4	5	0	5	5
HEATR6	924	753	962	763	697	558
LOC645638	9	9	12	14	7	4
LOC653653	1	5	3	1	2	2
LOC100996660	0	0	0	0	1	0
CA4	0	0	0	0	0	0
USP32	2578	2222	2770	2342	2254	1659
SCARNA20	1	3	0	2	1	3
LOC100506882	0	0	0	0	0	0
C17orf64	0	0	0	0	0	0
APPBP2	1970	1621	1919	1873	1616	1375
LOC388406	0	0	0	0	0	0
PPM1D	430	380	415	393	353	298
BCAS3	559	490	668	473	445	348
TRNASUP1	0	0	0	0	0	0
LOC101927855	0	1	0	1	1	0
TBX2	72	92	80	50	49	41
C17orf82	9	6	12	4	11	3
TBX4	1	2	0	2	4	1
NACA2	44	61	52	52	47	80
BRIP1	2353	2168	2538	2199	2031	1678
INTS2	1870	1649	1932	1629	1495	1203
MED13	6829	5746	7186	6453	6143	5035
TBC1D3P2	0	0	0	0	0	2
EFCAB3	0	0	0	0	0	0
METTL2A	533	480	646	464	427	321
TLK2	2282	1922	2497	1992	1885	1617
MRC2	1209	1146	1442	1161	1017	753
MARCH10	2	2	9	6	5	7
LOC101927877	0	0	0	0	0	0
MIR633	0	0	0	0	0	0
TANC2	1604	1396	1903	1591	1491	1107
CYB561	1773	1712	2229	1722	1474	1187
ACE	2	2	2	12	5	6
KCNH6	0	0	0	0	0	2
DCAF7	8815	7440	9359	8455	7680	6017
TACO1	723	732	906	770	671	559
MAP3K3	756	640	908	765	737	571
LOC101927898	0	0	0	1	0	0
LIMD2	24	33	25	55	47	27
LOC729683	1	4	3	3	0	0
STRADA	780	621	773	735	640	487
CCDC47	5175	4355	5537	4556	4364	3564
DDX42	5681	4839	6012	5323	4726	4037
FTSJ3	2789	2231	2999	2529	2422	2024
PSMC5	3724	3123	4040	3557	3340	2677
SMARCD2	3510	3007	3872	3034	2727	2049
TCAM1P	0	0	0	0	0	1
CSH2	0	0	0	0	0	0
GH2	0	0	0	1	0	0
CSH1	0	0	0	0	0	0
CSHL1	0	0	0	0	0	0
GH1	0	0	0	0	0	0
CD79B	0	0	0	1	1	2
SCN4A	3	4	5	1	5	1
RP11-214C8.2	1	0	0	0	0	0
C17orf72	3	1	0	0	0	0
ICAM2	0	0	0	0	0	0
ERN1	345	263	289	284	295	217
SNORD104	106	91	112	114	75	74
SNORA76	16	9	30	20	12	20
TEX2	1669	1505	1756	1497	1335	1049
PECAM1	9	8	7	6	6	5
MILR1	27	19	20	27	22	11
POLG2	202	180	252	216	177	134
DDX5	21294	18439	23138	20819	18420	15841
MIR3064	0	0	0	0	0	0
MIR5047	0	0	0	0	0	0
CEP95	1239	1084	1392	1101	1045	805
SMURF2	1502	1365	1533	1414	1333	1137
LOC146880	318	304	296	285	313	348
LOC101929240	46	47	40	48	38	40
MIR6080	0	0	0	0	0	0
PLEKHM1P	143	99	150	138	131	91
MIR4315-2	0	0	0	0	0	0
LRRC37A3	28	29	44	47	31	40
LOC101927941	2	1	10	1	4	0
AMZ2P1	175	164	151	165	147	99
GNA13	3941	3357	4373	3287	2976	2346
RP11-160O5.1	13	17	20	25	7	7
RGS9	5	1	5	5	1	1
AXIN2	3	4	4	7	12	6
LOC102724272	1	0	0	0	0	0
CEP112	229	219	234	180	193	154
APOH	0	0	0	0	0	0
PRKCA	985	911	1060	1083	1018	802
RP11-4F22.2	0	1	0	0	0	1
MIR634	0	0	0	0	0	0
CACNG5	0	0	0	0	0	0
CACNG4	191	158	207	208	163	170
CACNG1	0	0	0	2	0	0
HELZ	4346	3633	4657	4094	3984	3175
LOC101928021	0	2	2	1	1	0
PSMD12	3474	2884	3835	3674	3356	2762
PITPNC1	116	97	117	122	120	96
MIR548AA2	0	0	0	0	0	0
MIR548D2	0	0	0	0	0	0
LOC101928045	3	4	2	2	4	0
NOL11	3541	3003	3958	3419	3152	2515
SNORA38B	1	2	0	0	1	1
BPTF	6389	5158	6549	6205	5869	4919
C17orf58	324	289	374	282	286	204
TRNAR4	0	0	0	0	0	0
KPNA2	12868	11197	14551	13917	12330	10333
LINC00674	961	834	990	832	745	604
LOC440461	4	2	3	5	1	0
AMZ2	2220	1987	2640	2067	1825	1596
ARSG	10	13	21	13	17	13
SLC16A6	11	4	5	16	12	9
WIPI1	35	42	35	49	52	37
MIR635	0	0	1	2	0	1
LOC102724296	10	10	15	17	10	10
PRKAR1A	12572	9883	12341	12155	10956	9159
FAM20A	28	19	30	21	11	21
RP11-118B18.1	0	0	1	0	0	0
ABCA8	0	0	1	0	0	1
ABCA9	14	9	19	13	6	9
ABCA6	0	0	0	1	0	1
MIR4524B	0	0	0	0	0	0
MIR4524A	0	0	0	0	0	0
ABCA10	11	8	17	18	12	18
ABCA5	204	199	236	193	178	138
MAP2K6	281	221	267	252	179	187
AC003051.1	1	2	0	2	2	0
LOC102723487	0	0	0	0	0	0
LINC01028	0	0	0	0	0	0
KCNJ16	0	0	0	0	0	0
KCNJ2-AS1	4	7	4	6	3	2
KCNJ2	59	49	30	16	20	13
CASC17	0	0	2	2	0	0
LOC102723505	1	0	1	0	0	0
LINC01152	1	2	0	0	0	0
LOC102723517	0	0	1	0	0	0
SOX9-AS1	9	3	5	5	4	2
AC007461.2	3	0	4	0	3	0
SOX9	714	494	649	938	770	616
RP11-1124B17.1	3	0	0	1	1	0
LINC00673	851	717	839	651	547	430
LINC00511	6	8	5	10	4	3
SLC39A11	775	658	813	692	613	537
SSTR2	3	5	5	4	10	2
COG1	696	600	707	634	579	438
FAM104A	860	809	934	846	781	633
C17orf80	1034	929	1172	1077	998	845
CPSF4L	1	1	0	0	4	1
CDC42EP4	917	796	1028	738	643	605
SDK2	34	23	25	13	24	16
LOC101928251	0	0	0	0	0	0
LOC100134391	0	0	0	0	0	0
LINC00469	0	0	0	0	0	0
AC125421.1	0	0	0	0	0	0
LOC102723567	0	0	0	0	0	0
RPL38	7869	7111	8546	7386	6608	5949
MGC16275	34	27	17	30	16	8
TTYH2	39	28	35	16	30	13
DNAI2	0	0	2	0	0	0
KIF19	0	0	0	0	0	0
BTBD17	0	0	0	1	0	0
GPR142	0	0	0	0	0	0
GPRC5C	86	86	120	83	71	74
CD300A	0	0	0	0	0	1
CD300LB	0	0	0	0	0	0
CD300C	0	0	0	0	2	4
LOC100130520	0	0	0	0	0	0
CD300LD	0	0	0	0	0	0
C17orf77	0	0	0	0	0	0
LOC101928343	0	0	0	0	0	0
CD300E	0	0	0	0	0	0
RAB37	0	0	0	0	0	1
CD300LF	0	0	0	0	0	0
SLC9A3R1	2343	1967	2379	1917	1703	1496
MIR3615	0	0	0	0	0	0
NAT9	522	413	497	458	416	320
TMEM104	528	428	564	447	430	286
GRIN2C	20	22	33	21	25	8
FDXR	546	449	646	554	445	414
FADS6	1	0	0	0	0	0
USH1G	88	85	110	68	68	82
OTOP2	2	6	5	3	5	1
OTOP3	2	0	0	0	1	0
HID1	59	57	68	73	71	48
LOC102723641	0	0	0	0	0	0
CDR2L	436	395	468	408	352	268
ICT1	656	572	759	684	654	485
LOC101928375	0	1	1	0	1	0
TRNAR8	0	0	0	0	0	0
TRNAR20	0	0	1	0	0	0
TRNAR25	0	0	0	0	0	0
ATP5H	2657	2379	3001	2725	2264	2032
KCTD2	1071	963	1169	935	825	750
SLC16A5	679	547	697	608	577	390
ARMC7	458	408	503	460	397	287
NT5C	443	435	584	385	341	280
HN1	4993	4492	5762	4921	4326	3622
SUMO2	7591	6314	7963	6945	6378	5168
NUP85	1955	1792	2198	1835	1569	1270
GGA3	1158	1037	1236	1110	1029	811
MRPS7	1714	1655	1931	1789	1572	1297
MIF4GD	479	458	544	376	332	286
LOC100287042	93	88	146	68	39	52
SLC25A19	145	158	183	167	124	122
GRB2	5706	5057	6292	5553	5035	4088
MIR3678	0	0	0	0	0	0
LOC102723674	0	0	0	0	0	0
KIAA0195	1776	1512	1890	1587	1368	1106
MIR6785	0	0	0	0	0	0
CASKIN2	885	747	980	840	681	620
TSEN54	613	542	693	586	531	408
LLGL2	764	727	853	818	696	569
MYO15B	37	24	19	40	28	23
RECQL5	1030	853	1032	1016	819	732
SMIM5	6	5	3	7	14	4
SMIM6	1	1	2	7	2	1
SAP30BP	1709	1501	1947	1532	1531	1268
ITGB4	12109	10685	13434	10968	9301	7368
GALK1	133	109	125	114	110	82
H3F3B	20079	17390	22496	18468	16652	13864
MIR4738	0	0	0	0	0	1
UNK	974	830	1050	919	793	604
LOC100507191	1	3	4	7	2	6
UNC13D	1783	1506	1957	1931	1720	1378
WBP2	2406	2263	2818	2354	2089	1735
TRIM47	658	647	770	623	541	439
TRIM65	1050	957	1128	1031	825	700
MRPL38	1538	1437	1865	1604	1225	1056
FBF1	345	232	298	289	245	227
ACOX1	1495	1230	1595	1661	1501	1119
TEN1-CDK3	9	12	5	9	7	10
TEN1	0	0	0	0	0	0
CDK3	0	0	0	0	0	0
EVPL	2837	2481	2969	2574	2397	1956
SRP68	4733	3876	5068	4324	3933	3286
GALR2	4	2	13	14	8	1
ZACN	7	1	1	3	2	5
EXOC7	2267	1952	2452	2247	1982	1667
MIR6868	0	0	0	0	0	0
LOC101928447	0	2	0	1	2	2
FOXJ1	7	0	3	6	6	6
RNF157-AS1	12	4	6	6	10	8
RNF157	82	59	81	64	59	42
UBALD2	1143	995	1164	920	770	674
QRICH2	104	81	81	101	72	69
PRPSAP1	1036	947	1173	989	883	743
SPHK1	121	182	211	220	165	123
UBE2O	1795	1514	2032	1695	1525	1166
AANAT	7	1	4	2	4	1
RHBDF2	492	480	589	425	356	253
CYGB	11	12	18	13	11	9
PRCD	0	0	2	0	3	0
SNHG16	2675	2226	3047	2279	2118	1441
SNORD1C	3	6	6	4	3	7
SNORD1B	0	2	0	0	2	0
SNORD1A	9	2	4	7	1	3
ST6GALNAC2	454	376	431	339	243	250
ST6GALNAC1	11	12	22	41	23	20
MXRA7	315	291	375	285	280	248
JMJD6	1109	859	1130	994	870	690
METTL23	487	422	570	443	434	307
SRSF2	9592	8583	10477	9064	8254	6695
MIR636	0	0	0	0	0	0
MFSD11	480	395	523	486	452	371
LOC101928514	0	0	0	0	0	2
LOC101928538	0	0	0	2	0	1
MGAT5B	130	94	143	204	125	114
SEC14L1	2342	2108	2535	2827	2518	2022
LINC00338	58	43	43	41	27	23
SCARNA16	1	0	0	0	0	3
MIR6516	0	0	0	0	0	0
SEPT9	11811	10075	13150	10645	9030	7670
MIR4316	0	0	0	0	0	0
LOC100996273	19	13	20	11	11	12
LOC400622	0	0	0	0	1	1
LOC100507351	0	0	0	0	0	0
LOC102723805	0	0	0	0	0	0
LOC100132174	0	0	0	0	0	0
FLJ45079	0	0	0	0	0	0
TNRC6C	509	412	521	487	484	417
TNRC6C-AS1	104	137	120	129	101	96
TMC6	460	442	569	543	457	346
TMC8	54	66	72	70	50	59
C17orf99	35	45	49	28	31	31
LOC102723826	3	1	3	1	4	2
SYNGR2	3476	3413	4139	3416	2893	2278
TK1	7810	7289	9126	8345	7171	5635
AFMID	1145	1033	1310	1270	1114	834
BIRC5	6949	5760	7920	6449	5459	4528
TMEM235	0	0	0	0	0	1
RP11-219G17.4	0	0	0	0	0	1
SOCS3	734	695	786	689	571	417
RP11-806H10.4	3	4	4	12	7	8
PGS1	808	635	866	745	675	496
DNAH17	135	138	166	181	161	135
DNAH17-AS1	2	4	2	2	2	4
LOC101928710	87	64	91	93	84	68
CYTH1	1122	1010	1101	1091	917	806
USP36	2041	1858	2258	2125	1849	1372
TIMP2	299	305	337	407	319	254
LOC100653515	2	1	1	2	0	0
LGALS3BP	9185	8312	9666	8005	7073	5390
CANT1	3924	3408	4242	3695	3403	2562
LOC102724315	0	0	0	0	0	0
C1QTNF1-AS1	0	0	0	0	0	0
C1QTNF1	49	63	39	55	61	55
ENGASE	837	692	857	851	742	706
RBFOX3	8	8	4	11	16	11
LOC102723900	0	0	2	0	0	0
FLJ44838	0	0	0	0	0	0
LOC101929831	3	0	2	2	0	3
LOC102723939	0	0	0	2	0	0
MIR4739	0	0	0	0	0	0
HP09025	0	0	0	0	0	0
ENPP7	0	0	0	0	0	0
CBX2	743	713	875	705	574	512
CBX8	381	302	485	390	367	305
LOC102723961	14	13	10	31	23	11
CBX4	1385	1215	1450	1330	1092	1043
RP11-353N14.5	3	1	5	8	11	2
LOC101928738	3	3	0	3	1	2
TBC1D16	3435	2984	3834	3167	2784	2191
CCDC40	45	56	88	80	66	52
MIR1268B	0	0	0	0	0	0
GAA	1879	1675	1967	1540	1321	1089
EIF4A3	6878	5800	7440	6613	6049	4907
CARD14	126	111	113	135	112	102
SGSH	570	506	646	616	518	434
SLC26A11	506	365	491	494	406	313
RNF213	14590	12688	14587	12465	10953	8872
LOC100294362	34	35	29	37	44	32
ENDOV	408	364	396	402	307	251
MIR4730	3	0	2	1	2	0
NPTX1	144	111	171	217	178	156
RPTOR	2786	2307	2952	2901	2594	2114
RP11-28G8.1	1	4	1	1	3	4
FLJ46026	3	4	6	10	13	4
CHMP6	729	685	839	727	587	502
PP13	27	15	19	23	15	18
BAIAP2-AS1	564	531	689	596	498	434
BAIAP2	2102	1890	2421	2309	1964	1574
AATK	31	37	54	29	22	20
MIR657	0	0	1	0	0	0
MIR3065	0	0	0	0	0	0
MIR338	0	0	0	0	0	0
MIR1250	1	0	0	0	1	0
AATK-AS1	2	0	0	3	3	5
AZI1	1133	965	1253	1297	1079	899
ENTHD2	623	487	667	683	549	421
C17orf89	1248	1110	1408	1243	997	880
SLC38A10	3020	2679	3317	3197	2735	2126
LINC00482	9	5	3	15	7	8
TMEM105	9	7	11	26	24	19
RP11-1055B8.3	1	0	0	1	1	2
LOC100507520	32	31	43	38	28	25
BAHCC1	395	339	443	517	448	352
MIR4740	2	2	3	0	1	0
MIR3186	0	0	0	1	0	2
ACTG1	231311	206916	266052	216755	188922	148276
FSCN2	84	58	53	71	47	37
C17orf70	1302	1149	1530	1373	1121	864
NPLOC4	9143	8084	10491	10813	9452	7590
TSPAN10	166	117	161	168	160	117
PDE6G	8	12	10	18	30	6
OXLD1	293	261	300	247	208	151
CCDC137	2285	1923	2447	2282	2100	1772
ARL16	919	791	1065	1017	831	763
HGS	4968	4623	5870	5335	4765	3750
MIR6786	0	0	0	0	0	0
MRPL12	4549	4028	5054	4425	3815	2890
SLC25A10	1598	1450	1912	1713	1404	1213
GCGR	0	0	0	0	1	4
FAM195B	655	631	827	616	528	420
PPP1R27	6	4	7	13	10	12
P4HB	33156	28534	36776	35391	31315	25489
ARHGDIA	17910	15377	19809	15670	14207	11700
ALYREF	5896	4979	6350	5739	4896	4184
ANAPC11	2183	2033	2559	2246	1921	1592
NPB	22	15	26	19	18	16
PCYT2	834	711	857	983	803	670
SIRT7	1373	1155	1434	1463	1168	929
MAFG	2737	2313	2900	2617	2361	1810
MAFG-AS1	59	51	72	88	36	39
PYCR1	3397	3169	4218	2958	2471	1818
MYADML2	2	7	2	7	8	6
NOTUM	3	0	11	4	2	2
ASPSCR1	817	680	891	896	697	519
STRA13	897	773	1035	958	799	622
LRRC45	854	816	987	956	775	700
RAC3	430	374	484	428	386	347
DCXR	1555	1279	1743	1640	1383	1113
RFNG	871	789	1038	921	775	630
GPS1	4303	3582	4636	4396	3891	3140
DUS1L	4333	3629	4778	4130	3675	2795
FASN	39449	36083	45665	40616	35780	27977
CCDC57	892	834	1005	821	727	649
SLC16A3	3205	2862	3435	2965	2615	1902
MIR6787	0	0	0	0	0	0
CSNK1D	7197	5990	7342	6662	5900	4828
LOC101929511	8	7	7	14	3	4
CD7	2	0	0	4	3	1
SECTM1	43	30	59	51	53	33
LOC101929725	3	0	1	1	1	2
TEX19	35	30	35	27	36	22
UTS2R	0	0	0	1	1	0
OGFOD3	1659	1420	1807	1409	1288	1013
LOC102723806	22	15	13	13	11	12
HEXDC	593	499	599	582	475	395
C17orf62	1384	1156	1434	1435	1282	911
NARF	1201	941	1209	1301	1055	906
TRNAM14	0	2	1	1	0	3
FOXK2	9255	8290	10400	8817	7988	6365
LOC102723820	159	120	149	153	118	96
WDR45B	9648	8280	10606	10215	9108	7725
RAB40B	320	258	314	330	328	249
MIR4525	0	0	0	0	1	0
LOC101929552	6	6	1	5	6	4
FN3KRP	1807	1531	1987	1931	1594	1334
FN3K	413	296	406	367	315	263
TBCD	2673	2273	2867	2599	2236	1805
ZNF750	156	80	95	160	164	113
B3GNTL1	78	74	86	77	75	46
METRNL	62	55	67	34	53	45
LOC101930496	0	1	1	1	0	0
LOC102723913	1	0	3	3	3	4
LOC101929650	0	0	0	0	0	0
LOC100505909	2	2	1	1	0	0
FLJ43681	3	0	5	2	6	1
MGC70870	44	46	49	56	47	22
LOC102724130	0	0	0	0	0	0
LOC102724119	0	0	0	0	0	0
ROCK1P1	84	91	62	77	96	90
MIR8078	3	2	1	2	2	0
USP14	4952	4398	5654	5338	4833	4216
THOC1	1626	1317	1617	1690	1466	1358
COLEC12	5	2	1	4	5	3
CETN1	0	0	0	0	0	0
CLUL1	1	2	5	7	4	3
C18orf56	32	37	43	36	21	19
TYMS	613	511	630	594	569	515
ENOSF1	854	656	854	870	756	640
YES1	8951	7779	9409	9118	8353	6928
ADCYAP1	0	0	0	0	0	0
LOC388456	0	0	0	0	0	0
LINC00470	0	0	0	0	0	0
LOC101926997	1	1	1	2	1	1
METTL4	718	616	778	669	558	486
NDC80	1881	1615	2116	1781	1639	1313
CBX3P2	7	5	7	9	8	8
SMCHD1	5381	4870	5924	5495	5126	4091
EMILIN2	45	33	43	29	29	22
LPIN2	112	86	125	123	114	90
LOC727896	21	41	17	32	24	30
MYOM1	38	20	21	14	17	10
LOC101927044	13	10	14	11	5	5
MYL12A	5747	5092	6264	6449	5564	4869
MYL12B	10922	9403	12148	11307	10395	8794
TGIF1	1188	901	1210	1137	950	773
LOC101927094	2	3	7	2	1	0
RP11-838N2.4	2	0	0	0	4	0
DLGAP1	11	16	9	10	15	7
DLGAP1-AS1	104	84	103	91	82	61
DLGAP1-AS3	0	0	0	0	0	0
MIR6718	0	0	0	0	0	0
DLGAP1-AS4	3	0	0	0	0	0
LOC102724716	0	0	0	0	0	0
DLGAP1-AS5	0	0	0	0	0	0
C18orf42	0	0	0	0	0	0
LINC00526	0	0	0	0	0	0
LINC00667	0	0	0	0	0	0
ZBTB14	554	483	679	610	530	471
EPB41L3	0	0	0	0	0	0
RP11-945C19.1	0	0	0	0	0	0
MIR3976	0	0	0	0	0	0
TMEM200C	0	0	0	0	0	2
L3MBTL4	8	21	15	1	1	1
RP11-760N9.1	0	0	0	0	0	0
MIR4317	0	0	0	0	0	0
C18orf64	0	0	0	0	0	0
LOC101927168	0	0	0	0	0	0
ARHGAP28	13	6	10	8	7	9
LINC00668	1	1	0	3	3	2
LAMA1	14	11	22	17	12	14
LOC101927188	0	0	0	0	0	0
LRRC30	0	0	0	0	0	0
PTPRM	36	31	26	52	32	32
LOC101927208	0	0	0	0	0	0
RP11-789C17.3	0	0	0	0	0	0
RAB12	2088	1923	2150	2138	1910	1604
LOC100287082	0	0	0	0	0	0
SOGA2	222	156	235	228	234	166
NDUFV2	2560	2270	2843	2647	2323	1967
RP11-143J12.2	21	20	21	26	25	13
ANKRD12	2761	2306	2799	2443	2207	1912
LOC102724383	0	0	0	0	0	0
LOC102724397	6	0	10	7	6	5
TWSG1	3699	3187	3640	3838	3612	3041
RALBP1	3857	3257	4047	3955	3531	2828
PPP4R1	4628	3738	5142	4245	3788	3096
RP11-692N5.1	6	1	5	10	5	2
RAB31	1053	1122	1389	1123	1002	826
TXNDC2	11	13	14	12	20	10
VAPA	6178	5335	6773	6046	5144	4345
RP11-243E13.1	0	0	1	0	2	0
APCDD1	131	105	102	126	96	91
NAPG	1531	1485	1801	1805	1564	1414
LOC101927376	11	5	11	7	7	9
LOC102724470	0	0	0	0	0	0
RP11-856M7.1	0	0	0	0	0	0
PIEZO2	1	0	0	0	0	0
RP11-712C7.1	0	0	0	2	0	0
SLC35G4	0	0	0	0	0	0
MIR7153	0	0	0	0	0	0
GNAL	470	466	546	370	334	276
LOC102724534	0	0	0	0	0	0
LOC102724524	32	34	34	33	26	37
CHMP1B	1655	1352	1730	1703	1489	1300
MPPE1	287	256	371	317	255	215
LOC101927511	3	9	9	7	11	7
IMPA2	1021	874	1045	798	725	534
ANKRD62	5	0	0	0	0	0
LOC102724582	0	0	1	0	0	0
C18orf61	4	7	13	9	11	7
CIDEA	0	0	0	0	1	0
TUBB6	4595	3993	5228	4648	4340	3483
AFG3L2	3678	3122	3860	3778	3374	2699
SLMO1	63	55	69	74	52	52
SPIRE1	1340	1186	1645	1388	1391	1128
PSMG2	1830	1636	2110	1696	1583	1194
CEP76	550	475	608	601	536	384
RP11-973H7.4	4	1	3	4	1	0
PTPN2	1610	1421	1778	1665	1618	1310
SEH1L	3769	3276	4130	3683	3310	2672
CEP192	2192	1912	2434	2206	2030	1667
LOC101927582	0	0	0	0	0	0
LDLRAD4	4	0	14	5	10	8
LDLRAD4-AS1	0	0	0	0	2	0
MIR5190	0	0	0	0	0	0
LOC102724634	0	0	0	0	0	0
LOC102724615	0	0	0	0	0	0
MIR4526	0	0	0	0	0	0
FAM210A	682	595	761	675	580	492
RNMT	1967	1639	2018	1944	1754	1464
MC5R	0	0	1	0	0	0
MC2R	0	0	0	0	0	0
ZNF519	306	230	265	330	299	232
LOC102724693	10	11	7	8	6	4
ANKRD20A5P	6	7	3	7	5	2
CYP4F35P	0	0	0	0	0	0
CXADRP3	0	1	0	4	0	0
POTEC	0	0	0	0	0	0
ANKRD30B	0	1	0	0	2	0
MIR3156-2	0	0	0	0	0	0
RP11-527H14.2	0	0	0	1	0	0
RP11-527H14.3	0	0	0	0	0	0
LOC102724676	0	0	0	0	0	0
LOC644669	0	0	0	0	0	0
ROCK1	5263	4489	5513	5574	5191	4558
LOC101927496	0	0	0	0	0	0
GREB1L	145	133	187	174	135	120
LOC101927521	0	0	0	0	0	0
ESCO1	1243	1074	1389	1200	1126	994
SNRPD1	3042	2596	3299	2906	2668	2341
ABHD3	976	834	995	1096	919	808
MIR320C1	0	1	0	0	1	1
MIB1	4765	4106	5020	4807	4325	3690
MIR133A1	0	0	0	0	0	0
MIR1-2	0	0	0	0	0	0
LOC102724208	0	0	0	0	0	0
GATA6-AS1	3	2	1	3	4	1
GATA6	180	141	180	200	141	115
LOC101927548	0	0	0	0	0	0
CTAGE1	4	5	10	3	4	9
LOC101927571	1	3	0	4	2	1
RBBP8	2844	2475	3100	2930	2661	2259
MIR4741	0	0	0	0	0	0
CABLES1	82	91	112	121	127	78
TMEM241	334	303	343	297	241	212
RIOK3	3153	2668	3243	3500	3214	2657
C18orf8	591	501	662	589	583	468
NPC1	1680	1406	1877	1811	1674	1363
ANKRD29	4	9	16	3	10	3
LAMA3	2180	2047	2365	2361	2078	1644
TTC39C	571	433	572	537	528	411
LOC102724246	0	0	0	0	0	0
CABYR	236	180	223	222	162	143
OSBPL1A	1271	1133	1460	1154	1028	825
MIR320C2	0	0	0	0	0	0
LOC100289533	2	5	1	1	4	0
IMPACT	1968	1733	2214	2125	1954	1587
HRH4	0	0	1	3	2	3
RP11-449D8.1	0	0	1	0	0	0
ZNF521	0	0	3	6	1	1
SS18	2640	2173	2626	2607	2529	2081
PSMA8	0	0	0	0	0	1
TAF4B	631	548	664	504	488	436
RP11-107K17.1	1	0	0	0	0	0
KCTD1	827	615	702	655	548	499
MIR8057	0	0	0	0	0	0
PCAT18	0	0	0	0	0	0
LOC101927652	0	0	0	0	0	0
AQP4	0	0	0	1	1	0
AQP4-AS1	0	0	0	0	0	0
CHST9	15	6	7	4	5	3
CDH2	478	387	550	740	685	544
MIR302F	0	0	0	0	0	0
DSC3	10494	8532	10368	9633	8891	7325
DSC2	2396	2054	2645	2148	2072	1661
RP11-408H20.2	2	1	1	2	1	0
DSC1	3	1	6	4	2	0
DSG1	35	27	38	32	36	31
RP11-534N16.1	9	7	10	11	10	9
DSG4	0	0	0	0	0	1
DSG3	2601	2161	2638	1879	1833	1465
DSG2	17729	14950	19172	16305	15124	12434
RP11-75N4.2	4	14	6	9	3	7
TTR	0	0	0	0	0	0
B4GALT6	274	234	245	409	341	309
SLC25A52	0	5	3	0	2	6
TRAPPC8	1923	1643	2013	1874	1758	1407
RNF125	111	77	97	85	82	62
RNF138	1838	1535	2007	1747	1622	1438
MEP1B	0	1	2	1	1	3
GAREM	228	212	276	243	219	178
WBP11P1	22	45	27	27	24	30
KLHL14	21	10	25	17	10	19
CCDC178	2	2	3	5	3	0
ASXL3	2	3	2	2	1	4
NOL4	2	0	3	0	7	0
DTNA	15	14	33	18	17	28
LOC101927757	0	0	0	0	0	0
MAPRE2	1429	1169	1544	1477	1292	1005
ZNF397	351	341	389	317	303	276
ZSCAN30	278	222	306	295	255	214
ZNF271	680	497	675	675	532	481
ZNF24	3459	2873	3687	3482	3205	2538
ZNF396	17	10	12	12	9	8
INO80C	382	310	401	383	398	244
MIR3975	0	0	0	0	0	1
GALNT1	4443	3627	4591	4399	4185	3254
MIR187	0	0	0	0	0	0
MIR3929	0	0	0	0	0	1
C18orf21	197	177	212	183	187	155
RPRD1A	2960	2206	2891	2757	2460	1998
SLC39A6	3521	3100	3938	3610	3313	2826
ELP2	1224	1010	1260	1160	1136	760
LOC101927809	15	17	36	9	16	18
MOCOS	350	331	410	356	310	232
FHOD3	326	262	387	230	233	195
TPGS2	2480	2102	2690	2487	2262	1770
KIAA1328	102	66	89	82	82	54
CELF4	3	5	3	6	5	4
LOC102724402	0	0	0	0	0	0
MIR4318	0	0	0	0	0	0
LOC102724417	0	0	0	0	0	0
LINC00669	143	123	142	143	124	117
LOC101927879	2	2	4	1	2	5
MIR924	0	0	1	0	0	0
LOC101927857	2	0	0	0	2	0
MIR5583-2	0	0	0	0	0	0
MIR5583-1	0	0	0	0	0	0
RP11-653G8.2	0	0	0	0	0	0
KC6	36	26	23	30	25	16
PIK3C3	1379	1221	1624	1304	1217	997
LINC00907	0	0	0	0	3	0
RIT2	0	0	1	0	0	0
SYT4	0	0	1	0	0	0
LOC101927921	0	0	0	0	0	0
LOC101927943	3	5	3	8	2	2
SETBP1	478	360	473	495	447	427
MIR4319	0	0	0	0	0	0
LOC101927961	0	0	0	0	0	0
SLC14A2	4	0	0	0	1	0
FLJ44087	0	0	0	0	0	0
SLC14A1	0	1	1	2	0	0
EPG5	1257	1152	1385	1335	1255	1010
SIGLEC15	1	0	0	0	0	1
PSTPIP2	1302	1108	1464	1231	1099	773
ATP5A1	13519	12069	15520	14005	12223	9675
TRNAK4	1	1	2	2	2	1
HAUS1	1146	936	1255	1148	994	863
C18orf25	2585	2186	2878	2845	2625	2093
RNF165	63	63	90	51	42	29
LOXHD1	2	5	4	3	8	4
ST8SIA5	3	1	7	3	7	2
PIAS2	396	351	527	444	362	374
KATNAL2	15	5	7	8	8	4
TCEB3CL2	0	0	0	0	0	0
TCEB3CL	0	0	0	0	0	0
LOC101930171	0	0	0	0	0	0
TCEB3C	0	0	0	0	0	0
TCEB3B	0	0	0	0	0	0
HDHD2	649	527	708	682	683	568
IER3IP1	1561	1321	1605	1481	1348	1113
SKOR2	0	0	0	0	0	0
MIR4527	0	0	0	0	0	0
SMAD2	2960	2469	3078	2901	2629	2127
ZBTB7C	7	6	8	11	2	5
C18orf12	0	0	0	0	0	0
CTIF	219	217	264	266	224	173
MIR4743	0	0	0	0	0	0
SMAD7	42	44	52	63	43	31
DYM	497	405	653	494	430	359
MIR4744	0	0	0	0	0	0
RPL17-C18orf32	0	0	0	0	0	0
C18orf32	8	7	4	0	7	4
MIR1539	0	0	0	0	0	0
RPL17	50	58	71	52	59	45
SNORD58C	6	10	10	5	4	7
SNORD58A	4	2	11	3	0	2
SNORD58B	0	0	0	0	0	0
LOC101928144	0	0	0	0	0	0
LIPG	0	0	0	0	0	0
ACAA2	291	234	356	255	214	170
SCARNA17	18	16	15	15	5	19
MYO5B	690	674	717	745	724	623
MIR4320	0	0	0	0	0	0
CCDC11	32	25	35	29	28	28
MBD1	856	774	903	860	813	639
CXXC1	393	342	398	384	311	296
SKA1	0	0	0	0	0	0
MAPK4	0	0	0	0	0	0
MRO	0	0	0	0	0	0
ME2	0	0	0	0	0	0
ELAC1	0	0	0	0	0	0
SMAD4	0	0	0	0	0	0
MEX3C	0	0	0	0	0	0
RP11-267C16.1	0	0	0	0	0	0
DCC	8	2	1	7	2	3
LOC102724651	0	0	0	0	0	0
LOC101928167	0	0	0	0	0	0
MBD2	2603	2307	2814	2486	2134	1834
SNORA37	1	0	0	0	1	0
POLI	150	126	173	134	168	137
STARD6	0	2	0	1	0	2
C18orf54	373	338	431	369	362	272
DYNAP	0	0	0	0	0	0
RAB27B	468	370	419	363	280	293
CCDC68	133	160	167	143	124	122
LOC101927229	0	0	0	0	0	0
TCF4	212	167	256	204	164	136
MIR4529	0	0	0	0	0	0
RP11-214L13.1	0	1	1	0	0	0
FLJ45743	13	9	13	11	6	12
LOC102724698	0	0	0	0	0	0
RP11-456O19.4	0	0	0	0	0	1
TXNL1	1117	864	1116	1047	1008	909
WDR7	461	362	453	501	457	369
LINC-ROR	6	6	6	13	8	5
LOC102724717	0	0	0	0	0	0
BOD1L2	1	0	0	0	2	0
ST8SIA3	0	0	0	0	0	0
ONECUT2	264	225	274	243	192	198
FECH	724	647	777	663	585	565
NARS	2923	2535	3216	2812	2636	2169
RP11-35G9.3	22	7	18	15	19	10
ATP8B1	1018	904	1061	998	910	790
LOC102724733	5	7	6	10	2	5
NEDD4L	664	565	644	711	598	478
MIR122	0	0	0	0	0	0
MIR3591	0	0	0	0	0	0
ALPK2	0	0	0	2	0	0
LOC102724745	0	0	0	0	0	0
LOC101927322	7	0	4	4	0	3
MALT1	533	466	587	609	568	465
ZNF532	868	741	804	850	798	728
OACYLP	0	0	0	0	0	0
SEC11C	274	224	293	292	240	210
GRP	0	0	0	0	0	0
RAX	0	0	0	0	0	0
CPLX4	1	0	0	0	0	2
LMAN1	5162	4392	5552	5150	4631	3724
CCBE1	127	101	159	202	176	153
PMAIP1	583	544	540	224	258	173
MC4R	0	0	0	0	0	0
CDH20	0	0	0	0	0	0
LOC100130938	2	0	0	1	1	1
RP11-1096D5.1	0	0	0	0	0	0
LOC101927387	0	0	0	0	0	0
RNF152	56	36	54	41	39	31
PIGN	584	449	605	599	490	444
KIAA1468	964	902	1131	1115	977	854
TNFRSF11A	66	66	75	73	85	73
ZCCHC2	299	240	325	247	224	178
LOC102724806	0	0	0	0	0	0
PHLPP1	589	453	632	533	472	396
BCL2	75	59	47	70	48	36
KDSR	794	726	795	843	761	584
VPS4B	1743	1487	1973	1797	1641	1464
SERPINB5	1441	1268	1499	1480	1337	1087
SERPINB12	1	1	2	0	0	0
SERPINB13	1322	1253	1472	1003	870	696
SERPINB4	32	24	24	37	19	16
SERPINB3	67	53	68	35	54	42
SERPINB11	0	0	0	0	0	0
SERPINB7	22	32	18	72	57	56
SERPINB2	0	4	9	13	26	22
SERPINB10	0	0	0	0	0	0
HMSD	7	13	5	1	2	0
SERPINB8	270	249	325	333	307	248
LINC00305	0	0	0	0	0	0
RP11-146N18.1	0	0	0	0	0	0
RP11-909B2.1	0	0	0	0	0	0
LOC101927404	0	0	0	0	0	0
CDH7	0	0	0	0	0	0
CDH19	0	0	0	0	0	0
MIR5011	0	0	0	0	0	0
DSEL	0	0	0	0	0	0
RP11-638L3.1	0	0	0	0	0	0
LOC101927430	0	0	0	0	0	0
TMX3	0	0	0	0	0	0
CCDC102B	0	0	0	0	0	0
RNU6-39P	1	2	0	1	1	0
DOK6	0	0	0	0	0	0
CD226	0	1	0	2	0	0
RTTN	390	347	409	458	356	258
SOCS6	982	801	983	992	795	746
LOC102724895	0	6	1	3	2	2
LOC101927481	3	0	2	5	2	3
RP11-41O4.2	0	0	2	2	0	1
GTSCR1	0	0	0	0	0	0
RP11-510D19.1	0	0	0	0	0	0
LOC102724913	0	0	0	0	0	0
LOC101927537	0	0	0	0	0	0
CBLN2	0	1	0	0	1	0
NETO1	0	0	0	0	0	0
MIR548AV	0	0	0	0	0	0
LOC100505797	0	0	0	0	0	0
LOC400655	0	0	1	0	0	0
LOC100505817	22	7	17	19	12	6
FBXO15	16	15	9	14	9	10
TIMM21	494	427	502	585	524	440
CYB5A	752	636	843	818	671	598
C18orf63	0	0	0	0	0	1
LOC101927606	0	0	0	0	0	0
FAM69C	0	0	0	0	0	0
CNDP2	4725	4069	5272	4720	4121	3534
CNDP1	2	0	1	0	4	0
LINC00909	215	164	230	242	217	178
ZNF407	496	421	516	486	469	410
ZADH2	1157	1040	1246	1169	1084	832
TSHZ1	392	329	394	304	260	224
SMIM21	0	0	0	0	0	0
LOC100505853	0	0	0	0	0	0
LOC339298	0	0	0	0	0	0
ZNF516	949	838	999	934	728	635
LOC101927989	20	11	31	14	26	13
FLJ44313	16	8	24	12	10	6
LINC00908	10	13	14	19	10	9
LOC102723325	4	2	3	2	2	2
LOC101927651	3	1	2	4	3	0
LOC100131655	4	6	14	15	12	6
ZNF236	877	834	1020	1031	899	710
MBP	1498	1141	1423	1553	1386	1103
GALR1	0	0	0	0	0	0
LINC01029	0	0	0	0	0	0
LOC645321	0	0	0	0	0	0
SALL3	0	0	0	0	0	0
ATP9B	356	305	388	388	375	249
LOC100996274	0	1	3	3	0	2
LOC102723402	0	0	0	0	0	0
LOC101927807	0	0	0	0	0	0
LOC101927779	0	0	0	0	0	0
NFATC1	187	163	211	178	175	123
LOC101927897	1	0	1	0	0	0
LOC102723506	0	1	0	0	0	0
LOC284240	0	0	0	0	0	0
FLJ25715	0	0	0	0	0	0
CTDP1	226	183	265	234	222	153
KCNG2	0	0	0	1	2	1
PQLC1	220	164	244	220	225	140
HSBP1L1	90	64	98	79	80	65
TXNL4A	572	497	648	614	598	497
RBFA	201	204	223	243	195	194
RBFADN	3	0	0	1	1	0
ADNP2	946	834	1036	984	876	752
PARD6G-AS1	2	1	4	6	2	5
PARD6G	247	234	263	264	232	187
WASH5P	9	4	8	4	6	5
MIR1302-10	0	0	0	0	0	0
FAM138F	0	0	0	0	0	0
OR4F17	0	0	0	0	0	0
LINC01002	72	60	59	73	51	66
LOC101928344	4	2	3	4	1	1
PPAP2C	739	677	815	699	583	403
LOC101929060	4	5	2	3	4	5
MIER2	477	410	500	476	409	347
THEG	22	13	29	34	28	26
C2CD4C	5	14	12	10	6	18
SHC2	6	1	0	0	3	2
ODF3L2	6	2	0	1	2	2
MADCAM1	1	4	0	1	2	0
TPGS1	90	99	109	110	88	80
CDC34	653	562	753	678	594	490
GZMM	0	0	3	2	1	1
BSG	18885	16781	21177	19840	17708	14124
HCN2	7	6	6	16	10	10
POLRMT	815	717	895	765	692	539
FGF22	2	1	0	1	0	3
RNF126	991	955	1212	1083	898	718
FSTL3	441	395	439	382	336	293
PRSS57	1	1	8	0	0	0
PALM	574	478	577	320	312	228
MISP	3031	2748	3392	3086	2547	2046
LOC101928450	46	25	35	24	31	27
PTBP1	17200	14700	19249	16817	14720	11613
MIR4745	0	0	0	0	0	0
LPPR3	3	7	6	6	7	3
MIR3187	0	0	0	0	0	0
AZU1	0	0	0	0	0	0
PRTN3	0	0	0	0	0	0
ELANE	0	0	0	0	0	0
CFD	0	0	0	0	2	0
MED16	752	644	847	807	719	540
RNU6-9	14	16	15	31	19	30
R3HDM4	1258	1163	1426	1328	1173	947
KISS1R	0	0	1	0	1	1
ARID3A	67	75	91	111	89	68
WDR18	1039	992	1163	1167	990	693
GRIN3B	18	24	26	19	17	18
TMEM259	2995	2509	3065	2906	2530	2144
CNN2	9073	7696	10130	9200	8131	6599
ABCA7	455	408	488	581	526	448
HMHA1	184	176	198	166	135	126
POLR2E	2361	2025	2619	2468	2090	1731
GPX4	4121	3471	4285	3730	3330	2675
SBNO2	82	71	78	75	59	62
LOC102723798	4	3	2	1	7	1
STK11	1458	1373	1710	1410	1294	979
C19orf26	58	69	79	86	68	69
ATP5D	906	854	1024	915	871	682
LOC102723811	4	2	1	4	9	1
MIDN	3158	2872	3376	3084	2684	2145
CIRBP-AS1	84	68	100	97	89	61
CIRBP	2314	1946	2566	2261	2113	1758
C19orf24	527	439	628	595	495	375
EFNA2	42	19	30	30	32	26
MUM1	1236	913	1257	1156	1055	839
TRNAF10	0	0	0	0	1	0
TRNAN20	0	0	0	0	0	0
NDUFS7	568	452	680	630	479	420
GAMT	308	302	350	356	280	213
DAZAP1	5251	4576	5836	5001	4511	3698
RPS15	7596	6715	8414	7669	6684	5415
APC2	68	59	79	63	63	30
C19orf25	433	391	465	455	366	250
PCSK4	33	40	36	35	33	31
REEP6	251	201	290	289	238	218
ADAMTSL5	304	349	319	295	223	207
PLK5	0	0	0	1	0	0
MEX3D	871	800	1057	945	807	654
MBD3	2192	1878	2361	2189	1915	1495
UQCR11	1344	1120	1424	1372	1099	982
TCF3	3773	3406	4298	3965	3473	2769
ONECUT3	0	0	0	0	0	0
LOC101928543	0	0	0	0	1	1
ATP8B3	82	46	81	69	68	62
REXO1	838	708	934	838	739	634
MIR1909	0	0	0	0	0	0
LOC100288123	34	30	28	46	39	17
KLF16	744	692	901	754	613	514
ABHD17A	466	336	538	460	423	329
ADAT3	40	33	46	43	39	23
SCAMP4	1606	1314	1795	1692	1446	1125
CSNK1G2	2148	1824	2190	1947	1718	1422
CSNK1G2-AS1	3	4	0	2	1	5
BTBD2	2681	2215	2812	2385	2154	1779
MKNK2	1917	1591	1895	1935	1678	1456
MOB3A	1080	853	1058	960	831	655
IZUMO4	13	3	8	12	8	8
AP3D1	5724	5132	6494	6046	5227	4400
DOT1L	1292	1158	1497	1343	1129	933
PLEKHJ1	626	566	720	595	500	391
MIR1227	0	0	0	0	0	0
MIR6789	0	1	0	0	0	0
SF3A2	2765	2363	3223	2643	2260	1936
AMH	19	24	22	27	28	18
MIR4321	0	0	0	0	0	0
JSRP1	0	2	1	1	0	3
OAZ1	12486	11133	14205	13474	11346	9113
C19orf35	2	0	1	4	2	1
LINGO3	0	0	0	0	0	0
LOC101928572	0	0	0	0	0	0
LSM7	724	682	810	769	663	565
SPPL2B	339	267	361	351	273	247
TMPRSS9	13	12	18	25	12	15
TIMM13	869	819	1177	1033	817	643
LMNB2	10212	8563	11603	10143	8987	7269
MIR7108	0	0	0	0	0	0
LOC101928602	5	13	8	14	5	8
GADD45B	118	103	153	239	187	163
LOC101929097	0	0	0	0	0	0
GNG7	28	32	26	34	35	26
MIR7850	0	0	0	0	0	0
DIRAS1	8	10	8	7	14	8
SLC39A3	431	409	513	499	441	335
SGTA	1925	1789	2235	1956	1840	1434
THOP1	1758	1534	1988	1770	1597	1291
ZNF554	55	55	62	67	48	45
ZNF555	206	178	228	196	175	165
ZNF556	73	59	94	104	96	76
ZNF57	115	92	132	110	106	97
ZNF77	110	112	139	123	110	102
TLE6	37	51	40	48	42	38
TLE2	107	122	118	161	130	111
AES	5668	5131	6273	5904	5122	4276
GNA11	2569	2206	2944	2843	2395	1899
GNA15	701	608	798	693	590	437
AC005264.2	6	3	4	5	5	1
S1PR4	2	0	4	4	1	0
NCLN	2207	1952	2344	2277	1966	1517
CELF5	8	4	2	11	3	8
NFIC	4837	4033	5382	4676	4004	3253
C19orf77	0	0	4	6	1	3
DOHH	271	240	311	291	246	255
FZR1	1135	951	1203	1139	962	844
C19orf71	237	191	256	186	135	113
MFSD12	929	975	1154	919	771	629
HMG20B	1976	1662	2103	1885	1630	1318
GIPC3	0	0	0	1	1	1
TBXA2R	16	4	15	6	6	5
CACTIN-AS1	3	4	1	0	7	0
CACTIN	425	377	490	462	405	318
PIP5K1C	924	792	1014	1069	949	742
TJP3	176	135	154	206	144	122
APBA3	273	208	269	287	263	182
MRPL54	526	428	597	473	396	374
RAX2	0	0	0	0	0	0
MATK	60	63	65	70	61	54
ZFR2	0	0	0	0	1	0
ATCAY	0	0	0	0	1	1
NMRK2	4	1	0	2	2	0
DAPK3	789	669	800	848	727	564
MIR637	1	1	5	9	5	4
EEF2	50048	43068	57213	50471	43976	35467
SNORD37	1	0	2	1	6	2
PIAS4	590	471	626	581	530	429
ZBTB7A	3098	2609	3373	2729	2475	1990
MAP2K2	3110	2722	3419	3261	2660	2219
CREB3L3	0	0	0	0	0	2
SIRT6	370	308	382	419	327	309
ANKRD24	19	16	18	24	14	8
EBI3	4	1	4	5	6	3
CCDC94	417	372	465	434	381	309
SHD	5	0	1	2	1	4
TMIGD2	0	0	0	0	2	0
FSD1	89	105	158	135	120	77
STAP2	369	316	438	464	353	305
MPND	223	176	231	182	170	150
SH3GL1	1473	1280	1748	1610	1380	1200
CHAF1A	2214	1979	2517	2333	2024	1871
UBXN6	1191	994	1287	1218	997	798
MIR4746	2	0	3	0	1	0
HDGFRP2	2524	2123	2889	2628	2244	2075
PLIN4	76	54	58	62	64	47
PLIN5	4	5	6	11	4	9
LRG1	349	267	345	375	375	262
SEMA6B	631	644	718	615	507	416
TNFAIP8L1	771	676	868	656	510	444
C19orf10	1210	1008	1425	1247	1081	923
DPP9	2035	1808	2438	2330	2013	1662
AC005594.3	13	13	14	9	7	4
TRNAG3	2	0	0	0	0	1
TRNAV32	0	0	0	0	0	0
MIR7-3HG	0	0	0	0	0	0
MIR7-3	0	0	0	0	0	0
FEM1A	1202	1079	1453	1339	1251	985
TICAM1	242	253	311	351	263	227
PLIN3	2532	2280	2875	2694	2147	1888
ARRDC5	0	2	2	4	0	5
UHRF1	4878	4138	5636	5005	4476	3313
MIR4747	0	0	0	1	0	0
KDM4B	698	619	642	728	633	544
PTPRS	5658	4657	6185	5639	4853	3691
ZNRF4	0	0	0	0	0	0
TINCR	223	165	198	209	167	129
SAFB2	2552	2140	2799	2790	2447	2206
SAFB	6345	5373	6590	5788	5295	4788
C19orf70	405	374	512	429	426	289
HSD11B1L	32	30	37	42	31	25
RPL36	4817	4462	5458	4863	4250	3659
LONP1	2710	2520	3188	2479	2156	1791
CATSPERD	3	1	0	2	2	0
PRR22	24	35	18	27	31	25
DUS3L	1137	1016	1351	1384	1170	930
NRTN	12	8	8	7	7	5
FUT6	7	13	3	10	6	5
FUT3	330	328	394	438	391	286
AC024592.9	6	8	5	11	15	10
FUT5	2	1	1	4	4	6
NDUFA11	1553	1474	1972	1721	1417	1151
VMAC	33	25	44	57	32	31
CAPS	16	11	14	13	16	30
RANBP3	1854	1644	2123	1877	1645	1406
LOC100128568	8	14	13	11	5	1
RFX2	202	159	210	195	116	142
LOC101928872	0	0	0	0	0	0
ACSBG2	19	11	16	19	16	10
MLLT1	2851	2412	3066	2882	2560	2094
ACER1	0	0	0	1	1	0
CLPP	910	826	1073	971	783	666
ALKBH7	255	226	257	212	189	133
PSPN	0	3	4	3	0	2
GTF2F1	4566	3753	4903	4503	4210	3793
MIR6885	0	1	0	0	0	0
MIR6790	0	0	0	0	0	0
LOC390877	0	0	0	0	0	1
KHSRP	15466	13670	17402	16369	13987	11508
MIR3940	0	0	0	0	0	0
SLC25A41	3	1	3	0	5	0
SLC25A23	1448	1226	1560	1220	1171	887
CRB3	299	249	291	285	239	231
DENND1C	485	379	433	475	404	331
TUBB4A	31	40	25	28	26	36
TNFSF9	24	16	25	26	18	11
CD70	3	4	1	3	0	4
TNFSF14	1	1	4	2	11	7
C3	1647	1377	1631	1646	1446	1237
GPR108	909	792	939	967	835	600
MIR6791	0	0	0	2	0	0
TRIP10	1643	1368	1798	1587	1395	1108
SH2D3A	666	563	768	701	576	504
VAV1	272	214	223	306	247	186
EMR1	13	15	26	13	11	9
EMR4P	0	0	1	0	0	2
FLJ25758	0	0	0	0	0	0
LOC729458	0	0	0	0	0	0
MBD3L5	0	0	0	0	0	0
MBD3L4	0	0	0	0	0	0
MBD3L2	0	0	0	0	0	0
MBD3L3	0	0	0	0	0	0
ZNF557	277	297	313	311	289	227
INSR	342	301	370	243	218	219
LOC100996405	3	0	0	0	0	2
ARHGEF18	1838	1719	2002	1828	1854	1327
PEX11G	37	41	54	49	40	35
LOC100128573	0	0	0	0	0	1
C19orf45	4	3	3	2	2	2
ZNF358	445	408	451	443	368	313
MCOLN1	212	149	184	236	180	133
PNPLA6	897	766	954	1007	844	664
CAMSAP3	680	588	780	729	695	506
MIR6792	0	0	0	0	0	0
XAB2	1727	1484	1834	1612	1524	1045
PET100	540	484	584	547	498	413
PCP2	6	8	8	7	9	5
STXBP2	1430	1170	1624	1558	1331	1102
RETN	0	0	0	0	0	0
C19orf59	1	1	0	1	0	2
TRAPPC5	436	426	496	481	375	312
FCER2	0	0	0	0	0	0
CLEC4G	0	0	0	0	0	0
CD209	1	1	0	0	1	1
CLEC4M	0	0	0	0	0	0
CLEC4GP1	10	6	8	3	5	6
EVI5L	522	484	575	624	570	454
FLJ22184	18	10	14	17	19	15
LOC388499	1	2	6	4	0	8
LRRC8E	489	449	570	484	390	371
MAP2K7	1787	1560	1885	1872	1641	1197
TGFBR3L	36	30	33	24	19	22
SNAPC2	340	324	433	402	293	245
CTXN1	151	113	169	84	121	66
TIMM44	1119	1034	1393	1277	1141	932
ELAVL1	5489	4492	5962	5366	4926	3997
CCL25	3	0	0	0	1	0
FBN3	0	1	0	0	1	0
CERS4	271	251	272	272	238	170
CD320	582	476	625	639	467	357
NDUFA7	632	583	717	638	555	429
RPS28	4006	3594	4281	4011	3538	2659
KANK3	40	22	35	32	37	33
ANGPTL4	12	9	10	13	10	7
RAB11B-AS1	29	25	25	24	31	7
MIR4999	2	0	2	1	0	1
RAB11B	2206	1803	2294	2133	1796	1541
MARCH2	134	143	152	150	118	115
HNRNPM	15746	12955	16418	15332	13831	12147
PRAM1	72	60	82	81	63	49
ZNF414	172	131	168	170	162	133
MYO1F	57	39	65	49	57	37
ADAMTS10	9	15	12	10	7	3
ACTL9	0	0	0	0	0	0
OR2Z1	0	0	0	0	0	0
ZNF558	442	370	412	396	374	315
MBD3L1	0	0	0	0	0	0
MUC16	49	56	57	90	80	66
OR1M1	0	1	0	0	0	0
OR7G2	0	0	0	0	0	0
OR7G1	0	0	0	0	0	0
OR7G3	0	0	0	0	0	0
ZNF317	1437	1193	1551	1498	1346	1044
OR7D2	0	1	0	1	1	0
OR7D4	0	0	0	0	0	0
OR7E24	0	0	0	0	0	0
ZNF699	141	132	194	141	119	104
ZNF559	214	182	229	197	181	149
ZNF559-ZNF177	0	1	0	0	1	0
ZNF177	0	0	0	0	0	0
ZNF266	647	490	650	603	533	475
ZNF560	0	0	0	0	1	0
ZNF426	392	378	435	457	403	332
LOC101928238	13	1	13	8	9	6
ZNF121	782	692	815	809	669	545
ZNF561	977	904	1113	1010	955	768
C19orf82	77	102	110	79	75	76
ZNF562	1347	1144	1594	1331	1258	1018
ZNF812	2	1	0	2	1	1
ZNF846	64	59	44	60	46	43
LOC100505555	1	0	3	0	0	0
FBXL12	257	226	319	307	264	228
UBL5	2294	2130	2612	2540	2129	1753
LOC100996288	0	1	1	2	1	2
PIN1	1060	888	1252	1094	1013	774
OLFM2	154	176	163	166	139	119
COL5A3	77	65	88	91	70	60
RDH8	0	0	1	3	0	0
MIR5589	0	0	0	0	0	0
C3P1	0	0	1	0	0	0
C19orf66	366	291	367	268	253	190
ANGPTL6	1	1	1	1	3	4
PPAN-P2RY11	0	0	0	0	0	0
PPAN	48	41	52	58	39	24
SNORD105	0	0	0	0	0	0
SNORD105B	0	0	0	0	0	0
P2RY11	41	46	53	47	23	36
EIF3G	2546	2066	2757	2511	2134	1801
DNMT1	10989	9727	12066	11536	10483	8568
S1PR2	154	129	180	146	136	93
MIR4322	0	0	0	0	0	0
MRPL4	1479	1341	1755	1572	1273	1064
ICAM1	1496	1275	1612	1873	1723	1349
ICAM4	7	1	1	13	9	8
ICAM5	250	184	249	223	210	136
ZGLP1	66	44	45	85	55	37
FDX1L	309	270	320	301	302	270
RAVER1	2671	2178	3001	2597	2193	1799
ICAM3	162	137	182	175	154	120
TYK2	1858	1517	1952	1947	1756	1428
CDC37	4192	3350	4503	4380	3966	3379
MIR1181	0	0	0	0	0	0
PDE4A	213	165	230	218	189	131
KEAP1	2078	1900	2366	2273	1874	1574
S1PR5	495	456	588	433	392	315
ATG4D	415	356	468	458	395	343
MIR1238	0	0	0	0	0	0
KRI1	1435	1201	1465	1415	1258	1135
CDKN2D	277	249	377	249	206	162
AP1M2	3255	2853	3580	3330	2946	2576
SLC44A2	4951	4134	5371	5511	4766	3959
ILF3-AS1	512	440	544	349	287	225
ILF3	16285	14350	18583	17175	15379	12888
QTRT1	398	256	400	389	305	255
DNM2	3497	3043	3711	3694	3256	2681
MIR638	0	0	0	0	0	0
MIR4748	0	0	0	0	0	0
MIR199A1	0	1	1	0	0	0
MIR6793	2	0	0	1	0	0
TMED1	491	448	559	567	489	383
C19orf38	5	1	1	2	7	1
CARM1	2398	2056	2907	2428	2048	1620
YIPF2	484	429	533	542	525	342
C19orf52	202	198	275	292	211	168
SMARCA4	4339	3894	5031	4412	4046	3437
LDLR	3479	2981	3600	3704	3216	2601
MIR6886	0	0	0	0	0	0
SPC24	366	311	354	324	288	200
KANK2	1040	986	1121	1282	1102	900
DOCK6	1692	1566	2045	1776	1521	1201
C19orf80	0	0	0	1	2	1
TSPAN16	0	0	5	0	0	0
RAB3D	850	715	975	814	756	548
TMEM205	559	526	596	672	609	428
CCDC159	15	6	17	17	16	14
LPPR2	412	374	459	567	435	325
SWSAP1	84	61	65	47	63	66
EPOR	93	54	95	72	82	70
RGL3	145	181	209	221	207	179
CCDC151	5	3	4	10	14	3
PRKCSH	6033	5252	6609	6345	5527	4903
ELAVL3	3	0	3	0	1	2
ZNF653	136	87	131	138	99	79
MIR7974	0	0	0	0	3	1
ECSIT	636	589	736	630	588	463
CNN1	0	0	0	0	0	0
ELOF1	781	630	896	820	695	624
LOC101928434	3	2	2	7	5	0
ACP5	88	72	83	74	65	64
ZNF627	283	253	313	241	283	207
HNRNPA1P10	141	198	191	164	134	189
ZNF833P	15	21	16	21	19	12
LOC102724085	1	0	0	0	2	0
ZNF823	161	113	152	120	126	107
ZNF441	113	101	118	99	84	62
ZNF491	0	2	0	0	0	2
ZNF440	682	699	821	797	666	540
ZNF439	0	1	5	3	0	3
ZNF69	0	0	1	0	2	1
ZNF700	244	228	316	279	226	244
ZNF763	2	6	4	2	7	2
LOC101928464	14	11	13	9	11	12
ZNF433	2	3	2	5	6	2
ZNF878	1	0	0	0	0	0
ZNF844	0	0	0	1	0	0
ZNF788	1	0	0	0	0	0
ZNF625-ZNF20	0	0	0	0	0	0
ZNF20	0	0	0	0	0	0
ZNF625	0	0	0	0	0	0
ZNF136	173	130	164	154	151	151
LOC100289333	0	1	1	1	0	0
LOC101928574	2	4	1	0	1	0
LOC101060181	17	5	7	16	4	6
ZNF44	104	122	136	133	119	101
ZNF563	31	38	27	35	24	14
ZNF442	14	0	6	5	4	2
ZNF799	66	61	48	72	56	44
ZNF443	70	75	60	69	59	45
ZNF709	94	66	79	92	73	50
ZNF564	232	245	235	228	211	160
ZNF490	296	243	337	277	297	239
ZNF791	471	380	495	485	438	420
MAN2B1	1202	1029	1280	1216	1117	923
WDR83	183	162	200	171	170	119
WDR83OS	429	399	439	462	403	300
DHPS	850	663	885	690	570	504
LOC648044	3	0	1	3	0	1
FBXW9	202	151	195	161	139	117
TNPO2	2851	2483	3171	2915	2518	2127
SNORD41	0	0	0	1	0	0
C19orf43	2334	2110	2677	2458	2187	1957
ASNA1	1082	959	1248	1187	1042	801
BEST2	4	3	4	2	1	2
HOOK2	769	594	717	762	579	495
MIR5684	0	0	1	0	0	2
JUNB	3408	2946	3452	2852	2474	2008
PRDX2	3034	2687	3539	3584	2995	2462
RNASEH2A	1103	1064	1360	1274	1045	832
RTBDN	9	2	7	3	2	0
MAST1	20	23	35	28	19	9
MIR6794	0	0	0	0	0	0
DNASE2	752	706	1011	769	718	538
KLF1	1	0	1	0	0	0
GCDH	251	213	299	343	254	175
SYCE2	16	10	20	8	15	11
MIR5695	1	0	2	0	2	0
FARSA	1593	1401	1811	1778	1521	1122
CALR	22915	20122	25146	22702	20450	17355
MIR6515	0	0	0	0	0	0
RAD23A	3336	2991	3738	3221	2901	2389
GADD45GIP1	709	631	805	743	662	521
DAND5	3	4	5	7	8	1
NFIX	905	826	1048	907	833	761
LYL1	0	1	0	3	0	2
TRMT1	916	862	1048	1044	899	725
NACC1	5941	5281	6774	6246	5376	4289
STX10	738	636	762	758	612	510
IER2	1386	1122	1368	1353	1192	860
CACNA1A	5	2	3	3	0	4
LOC100507353	0	0	0	0	0	0
CCDC130	260	226	306	305	258	193
MRI1	499	390	522	503	467	393
C19orf53	931	828	1169	1143	923	889
ZSWIM4	129	107	125	142	120	88
LOC284454	250	179	225	190	151	116
MIR24-2	0	0	0	0	0	1
MIR27A	2	0	1	0	0	2
MIR23A	2	0	2	1	4	2
MIR181C	0	0	2	0	0	0
MIR181D	0	0	0	0	0	0
NANOS3	5	3	12	10	3	2
C19orf57	18	12	15	34	29	18
CC2D1A	1764	1459	1851	1842	1532	1327
PODNL1	12	17	24	9	22	16
DCAF15	687	664	756	794	647	601
RFX1	613	534	630	659	503	428
RLN3	0	0	0	0	0	0
IL27RA	556	538	673	519	483	405
PALM3	37	17	34	42	34	30
LOC113230	5	8	10	6	10	4
MIR1199	0	0	0	0	0	0
C19orf67	0	2	2	0	1	0
SAMD1	1073	869	1198	1082	926	811
PRKACA	3249	2753	3542	3496	3056	2639
ASF1B	2078	1913	2383	2238	2020	1708
LOC102724226	1	2	0	1	1	2
LOC100507373	63	57	77	45	57	46
LPHN1	1997	1798	2309	2055	1800	1408
LOC101928845	35	38	34	46	26	21
CD97	463	420	496	513	417	382
LOC102724251	1	0	0	0	2	0
DDX39A	2188	1984	2666	2424	2113	1801
PKN1	1689	1519	1934	1844	1566	1244
PTGER1	1	4	0	0	1	2
GIPC1	2895	2594	3398	3058	2624	2074
DNAJB1	5814	4919	6296	5428	5127	3995
MIR639	0	0	0	0	0	0
TECR	2451	2009	2640	2480	2123	1773
NDUFB7	476	491	542	478	435	374
CLEC17A	0	1	2	0	0	0
EMR3	0	0	0	1	0	0
ZNF333	105	103	110	99	98	75
EMR2	7	5	14	4	11	6
OR7C1	0	0	0	0	0	0
OR7A5	0	0	0	0	0	0
OR7A10	0	0	0	0	0	0
OR7A17	0	0	0	0	0	0
OR7C2	0	0	0	0	0	0
SLC1A6	0	0	0	0	0	0
CCDC105	0	0	0	0	0	0
CASP14	0	0	0	0	0	0
OR1I1	0	0	0	0	0	0
SYDE1	123	105	189	175	142	84
ILVBL	836	736	959	839	777	628
NOTCH3	2129	1923	2246	1822	1572	1227
MIR6795	0	0	0	0	0	0
EPHX3	1	12	5	2	4	6
BRD4	3721	3060	4129	3699	3294	2622
LOC101928874	0	1	1	3	1	0
AKAP8	1239	1021	1395	1197	1125	894
AKAP8L	1660	1329	1750	1526	1332	1309
WIZ	1769	1489	1925	1907	1660	1260
MIR1470	0	0	0	0	0	0
RASAL3	0	0	0	0	0	0
PGLYRP2	0	1	0	1	0	0
CYP4F22	1	0	0	0	0	0
CYP4F8	0	1	0	0	0	0
CYP4F3	4	5	4	9	5	5
CYP4F12	0	0	0	1	0	1
OR10H2	0	0	0	0	0	0
OR10H3	0	0	0	0	0	0
CYP4F24P	0	0	0	0	0	0
OR10H5	0	0	0	0	0	0
OR10H1	2	0	1	0	1	1
UCA1	654	550	772	549	473	434
LOC102724299	0	0	0	0	0	0
LOC102724279	0	0	0	0	0	0
CYP4F2	1	1	2	0	0	1
CYP4F11	187	173	180	123	105	100
OR10H4	0	0	0	0	0	0
LINC00661	0	0	0	0	0	0
LOC101929300	0	0	0	0	0	0
LINC00905	0	0	0	0	0	0
TPM4	21153	18820	23405	21053	19221	15973
RAB8A	2166	1844	2418	2088	1915	1542
HSH2D	61	65	60	40	59	38
CIB3	7	0	0	0	2	1
FAM32A	1204	1074	1375	1281	1073	974
AP1M1	1125	998	1223	1124	1011	759
KLF2	7	7	12	18	14	10
EPS15L1	992	909	1105	996	870	812
LOC102724308	0	0	0	0	0	0
CALR3	3	1	3	5	2	1
C19orf44	129	89	109	101	98	87
CHERP	1508	1365	1732	1661	1418	1179
SLC35E1	1992	1694	2220	2012	1799	1415
MED26	296	203	274	296	271	202
SMIM7	944	847	1059	1021	947	737
TMEM38A	101	89	114	129	120	103
NWD1	1	5	5	10	1	1
SIN3B	1336	1306	1635	1678	1453	1049
F2RL3	0	0	0	0	0	0
CPAMD8	11	4	11	12	10	9
HAUS8	513	440	602	503	471	446
MYO9B	2391	1968	2610	2247	2151	1748
USE1	215	181	219	271	243	221
OCEL1	111	119	133	119	98	94
NR2F6	1579	1500	1941	1648	1352	1124
USHBP1	0	0	0	0	0	0
BABAM1	1594	1454	1939	1769	1532	1281
ANKLE1	8	8	18	11	14	10
ABHD8	257	234	321	300	269	199
MRPL34	510	426	574	488	452	342
DDA1	872	797	986	947	888	777
ANO8	244	199	272	269	248	188
GTPBP3	554	533	733	652	583	476
PLVAP	0	0	0	0	0	0
BST2	321	281	261	71	62	58
SLC27A1	163	184	198	178	144	135
MVB12A	548	458	558	566	503	341
TMEM221	22	25	36	20	26	24
NXNL1	0	0	0	0	0	0
PGLS	725	698	810	718	649	427
FAM129C	4	6	9	4	4	2
COLGALT1	3058	2745	3369	2813	2515	1996
UNC13A	0	0	2	1	2	0
MAP1S	387	309	432	354	327	256
FCHO1	8	21	20	14	16	7
B3GNT3	225	182	268	294	257	182
INSL3	2	0	3	4	0	12
JAK3	42	40	54	78	39	39
RPL18A	9144	8334	10518	9073	7727	6371
SNORA68	7	1	10	8	0	4
SLC5A5	0	0	0	1	0	2
CCDC124	1146	955	1369	1176	1005	875
KCNN1	2	0	1	3	2	0
ARRDC2	275	269	302	222	240	199
IL12RB1	0	2	0	0	0	1
MAST3	317	296	352	296	303	194
PIK3R2	1817	1647	2011	1829	1619	1272
IFI30	590	571	650	605	508	398
MPV17L2	202	157	243	254	216	159
RAB3A	27	21	30	21	25	30
PDE4C	3	2	2	7	5	7
LOC729966	0	0	0	0	0	0
KIAA1683	7	7	1	4	2	3
LOC102724325	1	0	0	0	1	0
JUND	865	727	860	791	647	502
MIR3188	0	0	0	0	0	0
LSM4	3429	2997	4264	3800	3254	2621
LOC102724342	23	22	25	24	18	21
PGPEP1	272	231	259	319	267	218
GDF15	301	249	324	378	358	239
MIR3189	0	0	1	2	2	0
LRRC25	0	0	0	2	0	0
SSBP4	552	529	642	479	420	387
ISYNA1	1337	1176	1466	1443	1230	980
ELL	389	309	407	430	409	336
FKBP8	4663	4154	5195	4859	4007	3231
KXD1	1233	1027	1372	1396	1153	862
UBA52	6589	6086	7635	7451	6435	5471
C19orf60	155	177	201	186	138	139
CRLF1	6	4	7	4	8	1
TMEM59L	1	4	1	1	3	2
KLHL26	247	266	278	281	228	192
CRTC1	267	230	267	336	303	222
COMP	0	0	0	0	5	0
UPF1	3749	3227	4168	3995	3657	2806
CERS1	6	7	11	1	7	10
GDF1	0	0	0	0	0	0
COPE	1757	1468	1843	1841	1687	1296
DDX49	779	731	922	875	731	598
HOMER3	1226	1146	1456	1300	1142	912
LOC102724360	6	7	15	14	20	3
SUGP2	3352	2674	3484	3621	3016	2524
ARMC6	888	749	971	873	756	555
SLC25A42	190	154	187	198	164	131
TMEM161A	380	339	425	389	342	276
MEF2BNB-MEF2B	0	0	0	0	0	0
MEF2B	1	2	0	0	0	2
MEF2BNB	53	54	51	66	50	57
RFXANK	525	495	615	581	517	451
NR2C2AP	299	284	359	300	278	213
NCAN	0	0	0	1	0	3
HAPLN4	0	0	0	1	0	0
TM6SF2	1	0	1	0	0	0
SUGP1	812	708	841	868	714	584
MAU2	968	772	1064	994	903	721
GATAD2A	3722	3230	4418	3866	3451	2846
MIR640	0	2	0	0	0	0
TSSK6	38	47	52	45	34	20
NDUFA13	1875	1506	2128	2093	1694	1415
YJEFN3	60	51	67	58	47	45
CILP2	10	9	7	6	11	7
PBX4	12	12	14	17	6	12
LPAR2	204	154	221	193	151	156
GMIP	359	335	426	465	356	309
ATP13A1	1407	1202	1468	1553	1328	1006
ZNF101	268	182	246	229	197	210
ZNF14	208	166	199	215	197	186
LOC101060187	0	0	0	0	0	0
LINC00663	22	12	16	25	18	22
LOC101928926	18	9	18	36	12	12
ZNF506	380	334	376	429	426	360
ZNF253	304	242	305	335	273	270
ZNF93	70	68	102	84	94	45
ZNF682	0	0	0	0	0	2
ZNF90	0	0	0	0	0	0
ZNF486	74	46	68	55	66	58
LOC102724427	0	0	0	0	0	0
LOC102724436	0	0	0	0	0	3
ZNF826P	0	0	0	0	0	0
MIR1270-1	0	0	0	0	0	0
ZNF737	0	0	0	0	0	0
ZNF626	0	0	0	0	0	0
LOC102724456	0	0	0	0	0	0
ZNF85	0	0	0	0	0	0
ZNF430	506	382	548	573	490	407
ZNF714	86	82	84	103	85	76
ZNF431	669	547	666	755	754	604
ZNF708	229	174	226	248	228	190
ZNF738	264	208	269	273	239	208
ZNF493	160	126	146	170	151	135
LOC102724570	2	3	2	4	2	1
LINC00664	0	0	0	0	0	0
ZNF429	70	64	89	88	91	66
LOC101929007	0	0	0	0	0	0
ZNF100	0	1	0	0	2	3
LOC641367	0	0	0	0	0	0
ZNF43	1	0	0	0	1	0
ZNF208	0	0	0	0	0	0
ZNF257	0	0	0	0	0	0
ZNF676	0	0	0	0	1	0
ZNF729	0	1	1	0	0	2
ZNF98	0	0	3	0	0	0
LOC101929124	0	0	0	0	0	0
LOC100128139	0	0	0	0	0	0
LOC440518	0	0	0	0	0	0
LOC100996349	0	0	0	0	0	0
LOC374890	0	0	0	0	0	0
ZNF492	0	0	2	0	1	0
ZNF99	0	0	0	0	0	0
ZNF728	2	1	1	0	0	2
LOC101929164	0	0	0	0	0	0
LOC101929144	0	0	0	0	0	0
ZNF730	0	0	0	0	1	0
ZNF724P	51	34	63	56	63	29
LOC100132815	385	336	462	465	357	317
ZNF91	1143	979	1295	1279	1132	951
ZNF675	810	694	816	799	809	666
ZNF681	346	219	296	350	332	318
RPSAP58	295	276	359	283	243	260
LOC101929206	89	46	72	56	77	89
ZNF254	680	587	641	754	654	595
ZNF726	50	41	60	42	37	38
LOC100505851	0	2	3	3	0	3
HAVCR1P1	0	2	1	5	4	0
LINC00662	101	78	95	124	94	67
LOC101927151	110	95	135	116	96	77
LOC101927170	0	0	0	0	1	0
LOC102724694	0	0	0	0	0	0
LOC102724942	0	0	0	0	0	0
LOC101927210	0	0	0	0	0	0
LOC102724908	0	0	0	0	0	0
LINC00906	0	0	0	0	0	0
LOC102724958	0	0	0	0	0	0
LOC100505835	0	0	0	0	0	0
UQCRFS1	2807	2551	3166	3014	2698	2064
LOC284395	0	0	0	0	0	0
VSTM2B	0	0	0	0	0	0
POP4	529	473	554	594	490	440
PLEKHF1	59	31	63	57	49	31
C19orf12	377	341	416	398	336	276
CCNE1	153	120	166	143	129	110
URI1	1544	1311	1738	1662	1539	1276
ZNF536	0	0	0	2	0	0
DKFZp566F0947	0	0	0	0	0	0
LOC101927254	0	0	0	0	0	0
LOC101927232	0	0	0	0	0	0
TSHZ3	8	8	10	3	4	2
LOC101927277	0	0	0	0	0	0
THEG5	0	0	0	0	0	0
LOC102723351	0	0	0	0	0	0
LOC101927299	0	0	0	0	0	0
LOC102723379	0	0	0	0	0	0
LOC101927341	0	0	0	0	0	0
LOC100996665	0	0	0	0	0	0
AC011518.1	0	0	0	0	0	0
ZNF507	2292	1982	2581	2048	1973	1694
AC007773.2	8	11	16	6	12	11
DPY19L3	669	555	749	693	649	506
PDCD5	1570	1278	1718	1534	1463	1187
ANKRD27	3956	3674	4572	3908	3543	2828
NUDT19	1719	1511	1992	1684	1580	1213
RGS9BP	15	12	24	28	35	16
TDRD12	1	3	2	0	1	4
LOC101929327	1	2	6	1	4	3
LOC102723450	3	0	2	1	1	1
SLC7A9	6	13	7	8	13	7
CEP89	749	616	780	747	650	545
C19orf40	431	425	499	425	436	359
RHPN2	957	848	1149	1112	992	838
LOC102723474	0	0	0	0	0	0
GPATCH1	747	589	801	753	634	549
WDR88	72	48	78	71	48	35
TRNAT4	0	0	0	0	0	0
LRP3	295	265	393	253	214	185
SLC7A10	0	0	0	0	0	2
CEBPA	250	197	277	239	228	180
CEBPA-AS1	64	54	70	35	37	23
CEBPG	2586	2314	2975	2633	2350	1790
PEPD	1189	992	1174	1187	1072	853
LOC100996681	1	0	0	0	0	0
CHST8	1	0	0	2	0	1
KCTD15	1183	1015	1227	1043	908	705
LSM14A	197	131	218	176	158	116
KIAA0355	471	425	561	522	455	354
GPI	11979	9874	13400	11895	10780	8472
PDCD2L	411	368	456	396	401	338
UBA2	11523	9855	12757	11401	10535	8753
WTIP	142	143	154	231	151	127
ZNF807	15	17	13	13	15	8
SCGB1B2P	3	4	12	10	1	9
SCGB2B2	4	1	4	1	2	4
SCGB2B3P	0	0	0	0	0	1
ZNF302	835	586	822	716	688	584
ZNF181	378	374	413	423	391	295
ZNF599	47	36	53	46	47	34
LOC400685	5	3	12	6	1	5
LOC101929393	0	0	0	1	0	0
LOC102723540	0	0	3	1	1	1
LINC00904	0	0	0	0	0	0
LOC100652911	0	0	1	0	1	0
LOC102723513	0	1	1	1	2	0
ZNF30	66	72	77	69	60	73
ZNF792	115	85	109	122	98	87
GRAMD1A	1138	977	1280	1165	962	784
SCN1B	7	16	11	15	12	8
HPN	1	0	0	4	2	0
HPN-AS1	0	0	0	0	2	0
FXYD3	3764	3357	3718	2889	2639	2113
MIR6887	4	4	5	2	3	1
LGI4	2	6	5	2	3	2
FXYD1	1	4	2	2	2	4
FXYD7	1	0	0	1	0	0
FXYD5	916	844	1047	973	847	734
FAM187B	0	0	0	0	0	0
LSR	3604	3211	4067	3806	3282	2618
USF2	3304	2996	3518	3202	2776	2371
HAMP	0	0	0	1	0	2
MAG	0	0	0	0	0	0
LOC102723569	0	0	0	0	0	0
CD22	0	1	3	5	3	4
MIR5196	0	0	0	0	0	0
FFAR1	0	0	0	0	0	0
FFAR3	0	0	0	0	0	0
AC002511.1	0	0	0	0	0	0
LOC101927522	0	0	0	0	0	0
FFAR2	0	0	0	0	0	0
KRTDAP	2	11	5	4	1	1
DMKN	3765	3169	4168	3690	3208	2774
SBSN	2	2	5	5	10	5
GAPDHS	142	109	172	132	99	83
AD000090.2	130	112	179	108	61	75
TMEM147	993	871	1142	1049	920	771
ATP4A	0	1	2	0	1	2
LOC102723617	0	0	0	0	0	0
HAUS5	1127	947	1169	1232	1062	842
RBM42	2795	2395	3120	2821	2490	2059
ETV2	17	13	27	19	5	6
COX6B1	3198	2820	3628	3328	3026	2599
UPK1A	1	1	0	2	2	3
UPK1A-AS1	0	0	0	0	0	0
ZBTB32	21	10	6	1	6	1
KMT2B	3163	2795	3605	3451	2913	2327
IGFLR1	112	76	117	114	77	77
U2AF1L4	138	108	139	116	149	110
PSENEN	1098	998	1211	1213	1052	797
LIN37	147	122	171	150	118	133
HSPB6	26	13	18	25	22	23
C19orf55	528	456	532	573	407	379
ARHGAP33	223	168	204	196	156	122
AC002398.5	0	0	0	0	2	0
PRODH2	0	0	0	0	0	0
NPHS1	1	0	3	0	4	1
KIRREL2	0	0	5	6	5	4
APLP1	59	57	75	92	75	76
NFKBID	190	132	188	200	199	155
HCST	13	2	3	8	4	3
TYROBP	0	0	0	0	0	0
LRFN3	342	273	386	327	304	205
SDHAF1	361	313	477	357	305	274
SYNE4	32	25	15	21	23	22
ALKBH6	322	295	358	446	411	319
AC002116.7	16	19	17	18	20	11
CLIP3	41	47	47	41	54	25
THAP8	56	30	53	58	49	30
WDR62	1256	1098	1385	1257	1055	956
OVOL3	3	1	1	4	5	3
POLR2I	538	481	615	629	500	465
TBCB	1663	1422	1770	1578	1402	1180
CAPNS1	11123	9766	12321	11529	10240	8642
COX7A1	8	8	6	5	8	12
ZNF565	67	67	92	75	67	48
ZNF146	7299	6440	8092	7356	6629	5422
LOC100134317	6	7	10	5	8	5
LINC00665	592	479	682	558	499	369
ZFP14	524	470	603	452	430	354
ZFP82	204	181	273	261	246	173
LOC644189	0	1	0	2	0	0
ZNF566	247	199	241	176	183	160
LOC728752	25	19	24	19	17	18
ZNF260	599	558	696	626	574	452
ZNF529	200	173	238	184	164	155
AC092295.7	38	33	34	27	21	26
ZNF382	8	2	5	5	2	4
ZNF461	92	70	102	95	84	72
AC074138.3	15	22	16	14	18	17
ZNF567	151	145	211	159	193	145
ZNF850	562	466	650	619	565	413
ZNF790-AS1	2	1	1	2	0	1
ZNF790	101	63	55	70	58	66
ZNF345	49	37	67	28	25	37
ZNF829	37	18	24	31	29	25
ZNF568	12	19	19	17	17	17
ZNF420	160	130	172	153	132	129
ZNF585A	286	276	334	326	295	223
ZNF585B	460	327	499	447	413	351
ZNF383	98	80	113	87	69	60
AC012309.5	21	22	18	16	15	15
LOC284412	5	2	3	7	6	4
HKR1	356	352	406	356	396	324
ZNF527	92	87	103	107	97	84
ZNF569	175	150	186	189	148	136
ZNF570	52	40	61	59	47	40
LOC101927720	15	14	23	13	10	9
ZNF793	183	147	182	193	130	145
ZNF571-AS1	2	1	5	0	4	0
ZNF540	4	8	12	5	11	5
ZNF571	45	55	45	44	32	38
ZFP30	304	265	321	279	277	187
ZNF781	0	0	2	0	2	0
ZNF607	283	235	314	252	203	176
ZNF573	56	64	62	64	57	34
LOC644554	0	0	0	0	0	0
AC016582.2	10	7	9	15	12	6
WDR87	2	0	1	0	1	0
SIPA1L3	1760	1496	2018	1903	1665	1240
DPF1	229	160	265	309	280	200
PPP1R14A	2	0	0	1	0	0
SPINT2	13368	11867	14676	14799	12583	9810
YIF1B	849	809	982	816	739	548
C19orf33	0	0	0	0	0	0
KCNK6	190	183	207	188	199	150
CATSPERG	25	23	19	25	34	21
PSMD8	5003	4082	5555	5374	4515	3842
GGN	16	15	11	27	25	18
SPRED3	66	41	65	130	93	84
FAM98C	226	175	212	206	182	167
RASGRP4	1	4	5	4	3	1
RYR1	2352	1955	2316	2186	2002	1609
MAP4K1	53	58	80	83	76	65
EIF3K	5241	4501	5734	5123	4642	3895
ACTN4	34879	31196	38885	34095	29849	23811
CAPN12	58	42	61	65	46	36
LGALS7	3	0	0	1	1	0
LGALS7B	15	11	10	19	6	9
LGALS4	10	7	8	6	2	2
ECH1	3896	3320	4361	3778	3280	2598
HNRNPL	15047	13018	16883	13831	12517	10292
RINL	23	24	39	36	30	15
SIRT2	708	648	759	824	772	603
NFKBIB	828	686	971	886	798	656
CCER2	5	4	7	17	6	6
SARS2	1025	893	1116	1036	906	705
MRPS12	1036	922	1204	1221	999	776
FBXO17	1053	908	1085	882	689	571
FBXO27	2286	1843	2355	2257	1988	1531
PAPL	94	101	124	152	101	108
PAK4	5128	4413	5882	4848	4204	3549
NCCRP1	7	1	4	8	4	5
SYCN	0	0	0	0	0	0
IFNL3	0	1	2	0	0	0
IFNL4	0	0	0	0	0	0
IFNL2	2	1	2	1	0	0
IFNL1	8	7	11	0	0	0
LRFN1	74	66	89	79	77	37
GMFG	0	5	2	1	0	0
SAMD4B	5918	5209	6534	6147	5370	4502
PAF1	3796	3065	3991	3650	3264	3013
MED29	1946	1703	2134	2335	2019	1714
ZFP36	1030	802	1007	1022	848	682
MIR4530	0	0	0	0	0	0
TRNAI18	0	0	0	1	0	0
PLEKHG2	1297	1161	1407	1391	1157	1042
RPS16	18934	17147	22105	19484	16777	14002
LOC723805	7	3	6	3	4	2
SUPT5H	6328	5030	6433	6233	5533	4655
TIMM50	2059	1791	2455	2219	1945	1456
DLL3	2	0	11	2	1	3
SELV	0	0	0	0	0	1
EID2B	107	114	120	98	74	76
EID2	730	577	742	663	591	470
LGALS13	0	0	0	0	0	0
LOC100129935	0	0	0	0	0	0
LGALS16	0	0	0	0	0	0
LGALS17A	0	0	1	0	0	0
LGALS14	0	0	0	0	0	0
CLC	0	0	0	0	0	0
LEUTX	0	0	0	0	0	0
DYRK1B	270	194	296	322	266	248
MIR6719	1	0	0	1	0	0
FBL	6822	6051	7825	6192	5577	4860
FCGBP	11	10	7	5	9	2
PSMC4	3560	2733	3566	3638	3205	2873
ZNF546	60	41	48	41	43	53
ZNF780B	447	362	444	506	443	321
ZNF780A	1271	1031	1252	1228	1121	1002
MAP3K10	409	404	518	445	372	306
TTC9B	2	6	2	3	0	4
CNTD2	3	5	1	3	9	2
AKT2	5803	5052	6220	5331	4903	3920
MIR641	31	21	23	18	17	8
C19orf47	611	515	737	653	635	450
PLD3	2125	1890	2180	1985	1804	1483
MIR6796	0	0	0	0	3	0
HIPK4	3	4	4	4	9	2
PRX	195	149	188	170	143	126
SERTAD1	558	500	609	650	636	480
SERTAD3	649	542	722	646	583	443
BLVRB	774	681	917	695	579	454
SPTBN4	18	12	19	10	9	14
SHKBP1	2274	1956	2602	2310	1983	1559
LTBP4	396	410	430	411	381	296
NUMBL	618	618	853	689	593	457
ADCK4	620	517	636	612	574	508
ITPKC	598	483	584	589	500	412
C19orf54	1438	1135	1495	1484	1232	1027
SNRPA	3558	3009	4006	3101	2692	2240
MIA	1	0	0	2	1	0
MIA-RAB4B	0	0	0	0	0	0
RAB4B-EGLN2	0	0	0	0	0	0
RAB4B	0	0	0	0	0	0
EGLN2	1	3	2	3	0	0
CYP2A6	3	6	5	4	2	9
CYP2A7	6	3	1	0	0	0
CYP2G1P	0	3	1	0	0	1
CYP2B7P	6	1	6	4	5	8
CYP2B6	3	2	0	3	6	4
CYP2A13	0	0	0	0	0	0
CYP2F1	0	3	0	0	1	1
CYP2S1	574	518	651	522	495	435
AXL	7267	6641	8898	8800	7674	5900
HNRNPUL1	28691	24504	32081	29228	26100	22212
CCDC97	1687	1414	1793	1646	1527	1210
TGFB1	1417	1244	1630	1723	1335	1157
B9D2	63	42	45	59	47	28
TMEM91	70	50	59	59	64	49
EXOSC5	491	482	578	550	440	372
BCKDHA	1060	926	1145	1032	931	741
B3GNT8	26	19	26	29	14	11
ATP5SL	1641	1397	1794	1625	1493	1111
C19orf69	0	0	0	0	0	0
PCAT19	0	0	0	0	1	2
LOC101927931	0	0	0	0	0	0
CEACAM21	0	0	0	0	0	0
LOC102723837	0	0	0	0	0	0
CEACAM4	0	0	0	0	0	0
CEACAM7	0	0	0	0	0	0
CEACAM5	0	0	0	1	1	0
CEACAM6	1	0	2	6	3	0
CEACAM3	0	0	0	0	0	0
LYPD4	0	0	0	0	0	0
DMRTC2	0	0	0	0	0	1
RPS19	17275	17091	19996	17955	15412	12765
MIR6797	2	2	4	1	1	0
CD79A	3	3	2	1	1	1
ARHGEF1	2554	2158	2861	2560	2271	1883
LOC390937	3	4	5	4	2	8
LOC100505585	0	1	4	4	1	2
RABAC1	728	627	769	730	609	461
ATP1A3	28	26	38	40	50	27
GRIK5	44	52	51	81	62	61
ZNF574	631	518	620	613	578	419
POU2F2	22	29	20	35	29	26
LOC100505622	0	0	0	0	0	0
MIR4323	0	0	0	0	0	0
DEDD2	845	765	947	861	747	632
ZNF526	716	623	820	646	685	466
GSK3A	2000	1775	2108	2138	1877	1426
ERF	1985	1679	2244	1828	1574	1327
CIC	2052	1674	1943	2040	1759	1445
PAFAH1B3	390	325	436	357	331	222
PRR19	17	11	20	18	9	14
TMEM145	9	4	3	7	2	3
MEGF8	1897	1663	2082	1928	1738	1339
MIR8077	0	0	0	0	0	0
CNFN	17	22	22	20	16	15
LIPE-AS1	13	17	5	10	7	9
LOC101930071	5	3	2	0	3	4
LIPE	52	32	67	37	24	27
CXCL17	5	7	8	4	0	0
CEACAM1	61	43	43	13	14	13
CEACAM8	1	0	0	0	0	0
PSG3	0	0	0	0	0	0
PSG8	0	0	0	0	0	0
AC004603.4	0	0	0	0	0	0
PSG10P	0	0	0	0	0	0
PSG1	0	2	0	2	1	0
PSG6	1	0	0	0	0	0
PSG7	0	0	0	0	0	1
PSG11	0	0	0	0	0	0
PSG2	0	0	0	2	0	0
PSG5	1	2	3	6	3	6
PSG4	2	0	0	0	4	1
LOC284344	0	0	0	1	1	0
PSG9	9	3	5	8	4	9
PRG1	0	0	0	0	3	2
CD177	0	0	0	1	1	0
TEX101	0	0	0	0	1	0
LYPD3	316	291	284	319	295	239
PHLDB3	108	113	108	129	95	73
ETHE1	163	172	186	175	181	131
ZNF575	21	9	12	20	19	7
XRCC1	866	749	945	917	776	665
PINLYP	1	0	3	3	1	0
IRGQ	737	556	772	763	713	515
ZNF576	225	166	203	183	162	153
ZNF428	150	156	211	180	137	135
SRRM5	22	24	31	16	27	22
CADM4	634	488	682	660	628	527
PLAUR	148	157	181	139	119	94
IRGC	0	0	0	0	0	0
SMG9	443	389	449	456	430	384
KCNN4	353	316	360	350	255	214
LYPD5	41	41	59	41	43	40
ZNF283	140	121	137	134	128	116
ZNF404	8	2	3	9	5	0
RP11-15A1.3	1	0	1	0	0	1
ZNF45	306	304	330	345	263	203
ZNF221	62	59	83	52	57	44
ZNF155	90	80	103	89	60	68
RP11-15A1.7	8	5	6	3	1	1
ZNF230	87	94	88	71	65	68
ZNF222	48	52	64	52	49	49
ZNF223	90	92	114	108	80	86
ZNF284	78	64	91	66	66	64
ZNF224	133	135	163	139	128	98
LOC100379224	11	6	4	6	10	3
ZNF225	95	112	110	106	112	81
ZNF234	282	226	269	224	238	201
ZNF226	308	226	261	271	265	204
ZNF227	364	311	367	335	288	242
ZNF233	10	0	7	10	11	6
ZNF235	78	69	61	70	54	36
ZNF112	148	109	159	139	146	110
ZNF285	0	1	0	1	0	0
ZNF229	0	0	0	0	0	0
ZNF180	279	283	317	294	309	220
CEACAM20	1	0	0	1	0	0
CEACAM22P	4	1	2	0	6	2
IGSF23	7	7	4	6	5	4
PVR	2274	2013	2670	2568	2133	1696
MIR4531	1	1	0	0	0	0
CEACAM19	96	69	88	83	56	60
CEACAM16	1	0	3	3	0	2
BCL3	1711	1138	1346	1371	1100	900
MIR8085	7	0	0	3	1	0
CBLC	904	828	1000	756	638	513
BCAM	7564	6498	8003	7048	6106	5280
PVRL2	1642	1392	1815	1828	1545	1269
TOMM40	2808	2426	3303	3022	2584	2101
APOE	8	7	12	15	16	10
APOC1	48	67	70	73	68	51
APOC1P1	0	0	0	0	0	0
APOC4-APOC2	0	0	0	0	0	0
APOC4	0	0	0	0	0	0
APOC2	0	0	0	0	0	0
CLPTM1	3144	2748	3342	3371	2923	2429
RELB	346	317	408	427	413	321
CLASRP	1198	1049	1259	1118	955	796
ZNF296	63	52	61	67	61	29
GEMIN7	207	174	239	227	171	154
PPP1R37	879	758	969	954	772	675
NKPD1	15	5	9	18	8	12
TRAPPC6A	421	359	404	299	303	251
BLOC1S3	230	189	234	219	187	163
EXOC3L2	0	3	0	5	0	4
MARK4	1100	939	1132	1124	1009	846
CKM	2	1	0	5	0	0
KLC3	375	338	465	438	413	306
ERCC2	969	908	1184	1127	982	745
PPP1R13L	2749	2307	2923	2444	2134	1668
CD3EAP	254	208	239	236	203	173
ERCC1	1009	881	1098	1110	986	770
MIR6088	0	0	0	0	0	0
FOSB	114	95	95	163	166	156
TRNAU1	0	0	0	0	0	0
RTN2	244	220	275	240	196	162
PPM1N	10	15	33	34	17	20
VASP	3678	3171	4190	3737	3172	2481
OPA3	844	725	870	836	761	624
GPR4	2	0	1	5	0	0
EML2	790	703	879	752	594	512
MIR330	0	0	3	0	0	0
C19orf83	2	2	5	2	2	3
GIPR	5	6	5	8	2	1
MIR642A	0	0	0	0	0	0
MIR642B	0	0	0	0	0	0
SNRPD2	3295	3028	3953	3345	2909	2661
QPCTL	207	188	232	226	190	127
FBXO46	577	536	612	674	523	416
LOC388553	4	3	3	3	2	2
SIX5	476	403	507	498	414	354
DMPK	441	345	471	393	304	261
DMWD	634	525	722	622	606	400
RSPH6A	0	1	2	0	0	1
SYMPK	3144	2815	3358	2910	2503	1951
FOXA3	1	0	0	0	0	1
IRF2BP1	476	398	516	402	358	300
MYPOP	226	229	306	288	209	207
NANOS2	2	0	0	1	0	0
NOVA2	0	0	0	0	0	1
CCDC61	108	103	118	132	118	71
MIR769	0	0	0	0	0	0
PGLYRP1	6	4	0	1	3	1
IGFL4	0	0	0	1	1	1
IGFL3	0	0	0	0	0	0
IGFL2	0	0	0	0	0	2
AC006262.5	32	29	29	72	91	62
DKFZp434J0226	1	1	3	3	12	5
IGFL1	426	328	498	2088	1890	1536
HIF3A	2	0	0	1	3	3
PPP5C	1678	1374	1860	1832	1594	1336
CCDC8	0	1	1	1	1	1
PNMAL1	1	0	0	0	0	0
PPP5D1	18	22	16	19	19	7
PNMAL2	0	0	0	1	2	0
CALM3	6072	5064	6390	5516	4980	4313
PTGIR	0	0	1	0	0	0
GNG8	0	0	0	0	0	0
DACT3	5	4	5	7	6	6
DACT3-AS1	4	1	2	6	3	1
PRKD2	1124	989	1212	1136	931	784
MIR320E	6	2	3	1	0	0
STRN4	2162	1977	2561	2228	2026	1589
FKRP	396	342	436	387	352	329
SLC1A5	3998	3473	4433	3338	2749	2302
SNAR-E	0	0	0	0	0	0
AP2S1	1702	1608	2013	1892	1576	1350
ARHGAP35	5961	5046	6431	5535	5105	4187
NPAS1	20	19	25	17	31	12
TMEM160	141	122	146	128	127	89
ZC3H4	2382	1886	2443	2309	2074	1762
SAE1	4320	3751	4862	4271	3908	3251
BBC3	31	46	38	23	39	25
MIR3190	0	0	0	0	0	0
MIR3191	0	0	0	0	0	0
CCDC9	420	360	431	393	347	292
PRR24	79	77	99	71	64	59
LOC102723962	0	0	0	0	1	0
C5AR1	42	24	34	27	17	17
C5AR2	0	0	0	0	0	0
DHX34	750	684	804	705	635	515
MEIS3	14	14	9	16	18	7
SLC8A2	1	3	4	1	2	4
KPTN	347	262	332	322	229	224
NAPA-AS1	13	11	11	12	15	11
NAPA	1182	1003	1340	1224	1107	839
ZNF541	2	0	2	1	0	4
GLTSCR1	473	400	541	493	420	303
EHD2	3331	2899	3802	3336	2780	2310
GLTSCR2	1850	1744	2090	1700	1516	1298
SNORD23	1	4	4	10	3	3
SEPW1	304	257	305	329	267	230
TPRX1	0	0	0	0	0	0
CRX	0	0	0	1	1	0
SULT2A1	0	0	0	0	0	0
SNAR-A12	0	0	0	0	0	0
SNAR-C5	0	0	0	0	0	0
SNAR-A1	0	0	0	0	0	0
SNAR-A3	0	0	0	0	0	0
SNAR-C2	0	0	0	0	0	0
SNAR-A2	0	0	0	0	0	0
SNAR-C4	0	0	0	0	0	0
SNAR-A13	0	0	0	0	0	0
SNAR-C3	0	0	0	0	0	0
SNAR-C1	0	0	0	0	0	0
BSPH1	0	0	0	0	0	0
ELSPBP1	0	1	0	2	0	0
CABP5	0	0	0	0	0	0
PLA2G4C	10	8	11	8	8	11
LIG1	1549	1257	1839	1560	1468	1259
C19orf68	443	353	437	388	368	377
LOC102723980	26	17	31	21	21	13
CARD8	400	329	358	312	351	248
LOC100505812	41	47	45	58	40	33
ZNF114	81	78	105	58	45	56
CCDC114	9	5	5	7	8	12
EMP3	102	119	162	124	124	101
TMEM143	78	91	117	135	80	83
SYNGR4	6	0	2	4	0	0
KDELR1	5473	4796	5941	5610	4842	3932
LOC102724003	12	6	3	3	4	3
GRIN2D	501	413	530	516	443	341
GRWD1	1212	1007	1327	1296	1079	958
KCNJ14	210	189	199	191	159	107
CYTH2	1459	1103	1517	1511	1362	1210
LMTK3	279	259	310	325	276	223
SULT2B1	29	17	20	28	18	15
FAM83E	90	79	68	88	83	80
SPACA4	3	4	3	7	5	0
RPL18	10206	9477	11831	10034	8595	7291
SPHK2	278	260	291	341	278	190
DBP	220	178	290	194	152	121
CA11	42	55	79	54	56	59
SEC1P	8	4	6	6	5	1
NTN5	29	14	18	15	13	24
FUT2	26	23	34	34	31	33
MAMSTR	25	13	18	15	14	10
RASIP1	23	20	22	28	18	15
IZUMO1	9	3	14	15	11	6
FUT1	351	338	409	352	284	224
FGF21	4	2	2	2	0	2
BCAT2	624	586	729	613	551	420
HSD17B14	2	6	5	4	1	3
PLEKHA4	550	566	556	419	348	317
PPP1R15A	404	315	418	410	396	329
TULP2	0	0	0	2	1	0
NUCB1	2499	2226	2778	2492	2247	1730
DHDH	19	20	28	22	13	7
BAX	2069	1715	2217	2129	1788	1393
FTL	26569	22954	29623	24672	21405	17595
GYS1	1543	1292	1582	1642	1399	1081
RUVBL2	5807	5021	6661	5657	5035	4161
MIR6798	0	0	0	0	0	0
LHB	3	3	0	5	6	3
LOC101059948	5	4	5	9	4	1
CGB	0	0	0	0	2	0
SNAR-G2	0	0	0	0	0	0
CGB2	0	0	0	0	0	0
CGB1	0	0	0	0	0	1
SNAR-G1	0	0	0	0	0	0
CGB5	0	2	0	3	1	0
CGB8	1	0	0	0	0	0
CGB7	87	59	84	95	103	85
NTF4	208	207	267	211	157	133
KCNA7	1	1	1	2	1	2
SNRNP70	8019	6751	8485	7565	6590	5907
LIN7B	59	50	65	64	46	43
C19orf73	6	6	7	4	5	6
PPFIA3	238	153	208	224	157	105
HRC	2	2	1	1	4	1
TRPM4	579	626	765	682	578	478
SLC6A16	21	27	48	23	15	23
MIR4324	0	0	4	2	3	2
CD37	33	39	27	37	22	33
TEAD2	1101	950	1094	1060	903	755
DKKL1	1	1	0	2	0	7
AC010524.2	2	0	2	1	2	1
CCDC155	0	0	0	0	0	0
PTH2	0	0	0	0	0	0
GFY	0	0	0	0	0	0
SLC17A7	2	2	5	6	6	8
PIH1D1	1130	962	1252	1248	1142	913
ALDH16A1	909	757	975	1048	858	626
FLT3LG	67	44	93	46	42	37
RPL13A	31276	27852	34740	29184	25810	21097
SNORD32A	13	9	16	13	8	12
SNORD33	1	1	1	0	0	1
SNORD34	0	0	2	4	2	6
SNORD35A	11	9	7	6	6	3
RPS11	21862	19440	24200	20914	19053	15957
SNORD35B	18	15	4	11	7	13
MIR150	0	0	0	0	0	0
FCGRT	599	516	664	613	454	374
RCN3	34	32	43	50	26	35
NOSIP	891	731	1003	1046	919	769
PRRG2	191	207	234	199	201	187
PRR12	3062	2763	3410	3340	2878	2325
RRAS	380	367	467	374	355	245
SCAF1	3642	3147	4138	3881	3569	2678
IRF3	1522	1290	1601	1576	1264	1072
BCL2L12	695	635	846	743	621	499
PRMT1	8152	7241	9507	8611	7533	6051
MIR5088	0	0	0	0	0	0
ADM5	47	25	45	57	40	23
CPT1C	121	117	160	184	157	165
TSKS	1	1	0	0	0	1
AP2A1	2633	2458	3132	2823	2507	1881
MIR6799	0	0	0	0	0	0
FUZ	16	15	11	13	13	8
MED25	772	713	930	863	721	557
MIR6800	0	0	0	0	0	0
PTOV1-AS1	653	547	694	652	658	486
PTOV1	1978	1876	2299	1871	1606	1234
MIR4749	0	0	0	0	0	0
PNKP	597	538	625	602	573	451
AKT1S1	2365	2029	2670	2634	2291	1829
TBC1D17	428	329	354	395	386	303
MIR4750	0	0	0	0	0	0
IL4I1	4	0	10	2	6	5
NUP62	2989	2695	3558	3027	2744	2148
ATF5	1299	1179	1572	1926	1628	1448
MIR4751	0	0	0	0	0	0
SIGLEC11	0	0	0	0	0	0
SIGLEC16	2	2	0	3	0	1
VRK3	649	563	703	651	615	469
ZNF473	453	381	460	469	449	356
FLJ26850	0	0	0	4	0	1
LOC100287477	0	0	2	0	0	0
LOC101928432	0	1	1	2	4	0
SNAR-A4	0	0	0	0	0	0
SNAR-A14	0	0	0	0	0	0
SNAR-A5	0	0	0	0	0	0
SNAR-A6	0	0	0	0	0	0
SNAR-A7	0	0	0	0	0	0
SNAR-A8	0	0	0	0	0	0
SNAR-A9	0	0	0	0	0	0
SNAR-A10	0	0	0	0	0	0
SNAR-A11	0	0	0	0	0	0
SNAR-B1	0	0	0	0	0	0
SNAR-B2	0	0	0	0	0	0
SNAR-D	0	0	0	0	0	0
IZUMO2	0	0	0	0	0	0
MYH14	3067	2632	3180	2869	2623	2105
KCNC3	32	34	39	58	46	33
NAPSB	7	0	1	1	1	0
NAPSA	30	34	34	25	25	10
NR1H2	1866	1576	2013	1752	1465	1248
POLD1	2827	2532	3250	2675	2176	1783
SPIB	8	3	11	11	8	2
MYBPC2	4	2	5	5	4	2
FAM71E1	39	40	44	39	78	43
EMC10	3495	2941	3866	3804	3366	2653
LOC100506114	11	7	4	16	22	12
JOSD2	290	235	251	312	259	192
ASPDH	3	5	3	5	11	5
LRRC4B	5	8	4	2	12	9
SNAR-F	0	0	0	0	0	1
SYT3	28	18	31	27	28	11
C19orf81	26	45	32	56	37	22
SHANK1	15	10	14	10	16	10
CLEC11A	28	24	27	18	24	25
GPR32	2	0	0	0	0	0
ACPT	4	6	2	7	2	3
C19orf48	1670	1531	2000	1674	1602	1227
SNORD88B	15	13	22	9	7	11
SNORD88A	2	1	2	2	0	3
SNORD88C	3	3	3	9	2	1
MGC45922	1	0	2	3	0	1
KLK1	7	14	8	14	11	10
KLK15	0	2	2	2	0	0
KLK3	0	0	0	0	0	0
KLK2	0	0	0	0	0	0
KLKP1	0	1	0	1	0	0
KLK4	3	9	15	2	9	10
LOC390956	3	2	4	3	6	3
KLK5	6006	5737	7279	7027	5953	4777
KLK6	4888	4889	6278	5493	4823	3778
KLK7	41	33	39	30	39	25
KLK8	179	166	198	212	162	151
KLK9	337	298	380	380	340	242
KLK10	2683	2532	2987	2115	1743	1419
KLK11	77	75	59	39	55	41
KLK12	3	1	1	0	0	0
KLK13	381	284	320	351	324	283
KLK14	13	11	9	14	11	8
CTU1	201	196	305	215	167	124
LOC102724060	0	0	0	0	1	0
SIGLEC9	0	0	0	0	0	0
SIGLEC7	0	0	0	0	0	0
LOC101928517	2	1	3	0	3	1
SIGLEC17P	2	3	0	5	3	2
MIR8074	0	0	0	0	0	0
CD33	0	0	0	1	1	0
SIGLECL1	0	0	0	0	0	0
IGLON5	7	4	6	7	2	2
VSIG10L	109	107	148	75	65	56
ETFB	1807	1613	1904	1822	1582	1270
CLDND2	6	4	13	8	7	7
NKG7	0	0	0	1	2	0
LIM2	0	0	0	0	0	0
C19orf84	0	2	0	1	0	0
SIGLEC10	3	2	9	13	8	5
LOC100129083	0	0	0	0	2	0
SIGLEC8	0	0	0	0	0	0
CEACAM18	0	0	0	0	0	0
SIGLEC12	0	0	0	0	0	0
SIGLEC6	0	0	0	0	0	0
ZNF175	144	158	138	128	109	116
FLJ30403	4	6	6	4	4	4
SIGLEC5	0	0	0	0	0	0
SIGLEC14	0	0	0	0	0	0
SPACA6P-AS	17	17	21	17	19	8
MIR99B	0	2	0	1	0	2
MIRLET7E	0	0	0	0	0	0
MIR125A	0	0	0	0	0	0
SPACA6P	94	90	104	83	91	74
HAS1	0	1	0	0	0	0
FPR1	0	0	0	0	0	0
FPR2	0	0	0	0	0	0
FPR3	0	0	0	0	0	0
AC006272.1	0	0	0	0	0	0
ZNF577	49	40	47	54	56	49
LOC101928571	6	1	5	2	9	1
ZNF649	103	96	93	99	113	78
ZNF613	152	124	173	171	146	150
HCCAT3	1	2	1	2	1	3
ZNF350	181	146	202	161	150	134
ZNF615	248	209	253	238	222	201
ZNF614	602	600	680	628	609	482
ZNF432	211	215	230	200	212	158
ZNF841	441	337	458	446	383	309
ZNF616	270	309	311	305	272	196
ZNF836	97	56	80	72	71	55
PPP2R1A	6031	5096	6659	6000	5132	3995
MIR6801	0	0	0	1	0	0
ZNF766	574	507	671	502	446	398
MIR643	1	1	0	0	0	0
ZNF480	669	513	642	618	564	456
ZNF610	0	0	0	0	0	0
ZNF880	0	0	0	0	1	0
LOC102724105	0	0	0	0	0	0
ZNF528	0	0	0	0	0	1
ZNF534	0	0	0	0	0	0
ZNF578	1	0	1	2	2	1
ZNF808	249	284	272	287	287	195
ZNF701	196	161	210	175	157	143
ZNF137P	83	43	83	62	58	55
ZNF83	600	445	613	519	511	404
LOC101928641	227	151	221	206	173	136
ZNF611	439	343	399	409	290	265
ZNF600	254	213	256	238	203	173
ZNF28	827	727	938	911	899	708
ZNF468	814	677	914	790	687	569
ZNF320	389	346	449	328	341	250
ZNF888	316	271	345	329	265	230
ZNF816-ZNF321P	0	0	0	0	0	0
ZNF321P	0	0	0	0	3	0
ZNF816	78	77	97	108	74	63
ZNF702P	2	1	0	0	0	0
ERVV-1	0	0	0	0	0	0
ERVV-2	0	0	0	0	0	0
ZNF160	356	310	425	330	295	249
ZNF415	0	0	0	0	0	0
ZNF347	0	0	0	0	1	0
ZNF665	1	0	0	0	0	0
ZNF818P	0	0	0	0	0	0
ZNF677	0	0	0	0	0	0
VN1R2	0	0	0	0	1	1
VN1R4	0	0	0	0	0	0
FAM90A27P	0	0	0	0	0	0
BIRC8	0	0	0	0	0	0
ZNF845	644	538	672	658	598	459
ZNF525	622	605	675	612	533	481
ZNF765	445	371	476	472	388	335
ZNF761	682	512	654	666	611	504
TPM3P9	317	245	343	287	268	251
ZNF813	472	408	559	472	438	340
ZNF331	789	613	778	872	752	679
LOC284379	0	0	0	0	0	0
DPRX	2	0	1	0	0	0
MIR512-1	0	0	0	0	0	0
MIR512-2	0	0	0	0	0	0
MIR1323	0	0	0	0	0	0
MIR498	0	0	0	0	0	0
MIR520E	0	0	0	0	0	0
MIR515-1	0	0	0	0	0	0
MIR519E	0	0	0	0	0	0
MIR520F	0	0	0	0	0	0
MIR515-2	0	0	0	0	0	0
MIR519C	0	0	0	0	0	0
MIR1283-1	0	0	0	0	0	0
MIR520A	0	0	0	0	0	0
MIR526B	0	0	0	0	0	0
MIR519B	0	0	0	0	0	0
MIR525	0	0	0	0	0	0
MIR523	0	0	0	0	0	0
MIR518F	0	0	0	0	0	0
MIR520B	0	0	0	0	0	0
MIR518B	0	0	0	0	0	0
MIR526A1	0	0	0	0	0	0
MIR520C	0	0	0	0	0	0
MIR518C	0	0	0	0	0	0
MIR524	0	0	0	0	0	0
MIR517A	0	0	0	0	0	0
MIR519D	0	0	0	0	0	0
MIR521-2	0	0	0	0	0	0
MIR520D	0	0	0	0	0	0
MIR517B	0	0	0	0	0	0
MIR520G	0	0	0	0	0	0
MIR516B2	0	0	0	0	0	0
MIR526A2	0	0	0	0	0	0
MIR518E	0	0	0	0	0	0
MIR518A1	0	0	0	0	0	0
MIR518D	0	0	0	0	0	0
MIR516B1	0	0	0	0	0	0
MIR518A2	0	0	0	0	0	0
MIR517C	0	0	0	0	0	0
MIR520H	0	0	0	0	0	0
MIR521-1	0	0	0	0	0	0
MIR522	0	0	0	0	0	0
MIR519A1	0	0	0	0	0	0
MIR527	0	0	0	0	0	0
MIR516A1	0	0	0	0	0	0
MIR1283-2	0	0	0	0	0	0
MIR516A2	0	0	0	0	0	0
MIR519A2	0	0	0	0	0	0
MIR371A	0	0	0	0	0	0
MIR371B	0	0	0	0	0	0
MIR372	0	0	0	0	0	0
MIR373	0	0	0	0	0	0
NLRP12	1	1	3	1	0	0
MYADM	2655	2574	3728	3451	2725	2278
PRKCG	9	6	3	9	7	13
CACNG7	0	0	0	0	0	0
CACNG8	27	12	19	23	22	14
MIR935	0	0	0	0	0	0
CACNG6	4	9	9	8	9	3
VSTM1	0	0	0	0	0	0
TARM1	0	0	0	0	0	0
OSCAR	0	0	1	2	0	2
NDUFA3	0	0	0	0	0	0
TFPT	0	0	0	0	0	0
PRPF31	5	0	4	1	4	2
AC012314.8	1	0	1	2	0	0
CNOT3	257	259	332	297	245	190
LOC102724273	13	6	3	14	4	0
LENG1	1	0	0	0	0	0
TMC4	32	40	33	46	33	29
MBOAT7	79	74	100	89	82	54
TSEN34	1	3	6	4	3	0
RPS9	18	15	16	11	12	13
LILRB3	0	0	0	0	0	0
LILRA6	0	0	0	0	0	0
LILRB5	0	0	0	0	0	0
LILRB2	0	0	0	0	0	0
MIR4752	0	0	0	0	0	0
LILRA5	0	0	0	0	0	0
LILRA4	0	0	0	0	0	0
LAIR1	0	0	0	0	0	0
TTYH1	0	0	0	0	0	0
LENG8	1	1	4	4	4	3
LENG9	0	0	0	0	0	0
CDC42EP5	0	0	0	0	0	0
LAIR2	0	0	0	0	0	0
LOC101929818	0	0	0	0	0	0
KIR3DX1	0	0	0	0	0	0
LILRA2	0	0	0	0	0	0
LILRA1	0	0	0	0	0	0
LILRB1	0	0	0	0	0	0
MIR8061	0	0	0	0	0	0
LILRB4	0	0	0	0	0	0
LOC102724290	0	0	0	0	0	0
LILRP2	0	0	0	0	0	0
KIR3DL3	0	0	0	0	0	0
KIR2DL3	0	0	0	0	0	0
LOC101928804	0	0	0	0	0	0
KIR2DL1	0	0	0	0	0	0
LOC102724300	0	0	0	0	0	0
KIR2DL4	0	0	0	0	0	0
KIR3DL1	0	0	0	0	0	0
KIR2DS4	0	0	0	0	0	0
KIR3DL2	0	0	0	0	0	0
FCAR	0	0	0	0	0	0
NCR1	0	0	0	0	0	0
NLRP7	0	0	0	0	0	0
NLRP2	0	0	0	0	0	0
GP6	0	0	0	0	0	0
RDH13	0	0	0	0	0	0
EPS8L1	204	174	232	240	192	160
PPP1R12C	1505	1196	1562	1467	1362	1030
MIR7975	0	0	1	0	0	0
TNNT1	1055	864	1056	887	772	688
TNNI3	5	15	3	4	8	3
DNAAF3	140	116	129	113	93	84
LOC101930593	4	1	2	1	1	0
SYT5	2	3	2	7	0	4
LOC102724352	3	2	4	3	2	3
PTPRH	176	194	256	245	226	148
TMEM86B	89	91	100	94	85	77
PPP6R1	5761	5128	6429	6018	5290	4277
MIR6804	0	0	0	0	0	0
MIR6802	0	0	0	0	0	0
MIR6803	0	0	0	0	0	0
HSPBP1	1348	1199	1541	1334	1089	918
BRSK1	137	127	155	99	87	89
TMEM150B	1	0	0	0	0	0
SUV420H2	396	361	417	405	365	305
COX6B2	8	8	12	2	4	7
FAM71E2	0	0	0	1	1	0
IL11	54	43	62	52	57	35
TMEM190	9	7	4	9	3	4
TMEM238	58	62	64	56	59	31
RPL28	12114	10528	13383	11570	9497	8587
MIR6805	0	0	0	0	0	0
UBE2S	5848	4700	6782	5631	4699	3569
SHISA7	10	5	1	7	1	1
ISOC2	1157	933	1208	1010	928	719
ZNF628	232	204	262	241	226	157
NAT14	644	524	725	603	516	418
SSC5D	79	51	65	66	60	35
SBK2	1	0	1	2	0	1
SBK3	17	12	23	21	17	11
ZNF579	558	437	604	585	505	428
FIZ1	401	358	416	436	426	335
ZNF524	158	140	167	118	122	88
ZNF865	989	879	1070	1010	949	662
ZNF784	157	144	201	156	139	116
ZNF580	443	409	481	324	304	283
LOC102724369	8	4	8	10	6	10
ZNF581	418	380	440	432	360	297
CCDC106	22	37	34	31	32	20
U2AF2	9134	7593	9733	8721	7518	6368
EPN1	4420	3871	5156	4503	3964	3226
NLRP9	4	4	2	1	3	4
RFPL4A	0	0	0	0	0	0
RFPL4AL1	0	0	0	0	0	0
NLRP11	0	0	0	0	0	0
NLRP4	0	0	0	1	0	0
NLRP13	0	0	0	0	0	0
NLRP8	0	0	0	0	0	0
NLRP5	0	0	0	0	1	0
LOC101928886	0	0	0	0	0	0
ZNF787	1059	949	1253	1153	853	812
ZNF444	461	459	522	536	394	338
GALP	0	0	0	1	0	0
ZSCAN5B	0	4	3	3	0	2
ZSCAN5A	187	133	205	201	206	147
LOC100506374	10	4	0	7	11	3
LOC101928968	0	0	1	0	1	0
ZNF542	0	0	0	0	0	0
ZNF582	0	0	0	0	0	0
ZNF582-AS1	0	0	0	0	0	0
ZNF583	0	0	0	0	0	0
ZNF667	0	0	0	0	0	0
ZNF667-AS1	0	0	0	0	0	0
LOC101928982	0	0	0	0	0	0
ZNF471	0	0	0	1	0	0
ZFP28	0	0	0	0	0	0
ZNF470	0	0	0	0	0	0
ZNF71	0	0	0	0	0	0
SMIM17	0	0	0	0	0	0
ZNF835	0	0	0	0	0	0
ZIM2	0	0	0	0	0	0
PEG3	0	0	0	0	0	0
PEG3-AS1	0	0	0	0	0	0
MIMT1	0	0	0	0	0	0
LOC102724538	0	0	0	0	0	0
USP29	0	0	0	0	0	0
ZIM3	0	0	0	0	0	0
DUXA	0	0	2	0	1	0
ZNF264	1522	1403	1597	1531	1517	1132
AURKC	15	18	22	18	23	17
ZNF805	777	692	830	740	534	471
ZNF460	579	478	625	544	545	341
ZNF543	309	257	393	300	258	228
ZNF304	593	547	711	633	579	498
TRAPPC2P1	89	84	103	84	89	58
ZNF547	66	61	78	64	71	48
ZNF548	272	260	315	312	263	178
ZNF17	228	153	206	194	192	163
ZNF749	313	239	321	258	243	175
VN1R1	17	12	32	25	8	6
ZNF772	938	831	912	1042	832	705
ZNF419	230	167	205	180	163	151
ZNF773	205	224	241	246	182	184
ZNF549	260	252	338	305	267	198
ZNF550	280	234	301	294	259	177
ZNF416	177	146	159	155	148	112
ZIK1	0	0	2	0	2	4
ZNF530	206	158	230	211	223	133
ZNF134	519	456	582	618	558	422
ZNF211	247	177	214	237	246	199
ZSCAN4	0	0	0	3	0	0
ZNF551	445	396	537	466	426	310
ZNF154	35	28	38	40	27	15
ZNF671	11	7	16	11	8	8
ZNF776	694	534	645	596	530	458
ZNF586	243	212	227	207	162	161
ZNF552	188	132	197	187	148	130
FKBP1AP1	10	20	14	14	14	13
ZNF587B	334	228	332	230	252	169
LOC102724559	14	8	13	7	7	6
ZNF587	910	805	1014	975	855	684
ZNF814	225	155	229	184	174	136
ZNF417	308	287	311	310	258	213
ZNF418	77	51	68	46	54	34
ZNF256	194	183	238	224	171	145
C19orf18	4	1	4	3	1	4
ZNF606	244	161	219	176	153	153
LOC100128398	20	20	19	15	11	18
ZSCAN1	0	0	0	0	0	0
ZNF135	0	0	1	0	0	0
ZSCAN18	0	0	0	0	0	0
ZNF329	0	0	0	0	0	0
ZNF274	578	503	610	578	559	398
ZNF544	905	827	1051	984	829	635
ZNF8	270	234	275	210	251	165
ZSCAN22	199	186	240	242	164	170
MIR6806	0	0	0	0	0	0
A1BG	0	2	1	0	2	0
A1BG-AS1	0	0	1	2	0	0
ZNF497	37	34	55	40	26	22
ZNF837	32	34	36	35	23	20
MIR4754	2	0	5	0	1	2
RPS5	11259	9837	12968	12167	10293	8116
LOC646862	1	0	0	1	0	0
LOC100506634	71	67	91	73	52	53
ZNF584	77	83	105	97	85	62
ZNF132	20	24	23	11	9	12
ZNF324B	57	33	77	44	42	24
ZNF324	264	244	299	279	260	192
ZNF446	86	83	108	98	92	79
SLC27A5	92	77	83	79	51	37
ZBTB45	249	176	238	217	201	146
TRIM28	5957	5130	6828	6118	5258	4209
MIR6807	0	0	0	0	0	0
CHMP2A	639	485	703	575	503	474
UBE2M	955	843	1155	1001	857	759
AC016629.8	17	19	19	22	23	22
MZF1	59	33	49	65	46	26
CENPBD1P1	393	381	521	398	327	273
LOC101929177	10	7	5	7	3	10
DEFB125	0	0	0	0	0	0
DEFB126	3	0	1	0	2	0
DEFB127	0	0	0	0	0	0
DEFB128	0	0	0	0	0	0
DEFB129	0	0	0	0	0	0
DEFB132	0	0	0	0	0	0
C20orf96	91	106	106	98	78	53
ZCCHC3	702	591	723	665	573	433
RP5-1103G7.4	25	22	29	29	40	22
SOX12	481	488	603	483	405	340
LOC101929937	6	4	8	6	12	0
NRSN2	739	709	885	795	681	637
TRIB3	587	603	746	605	495	407
RBCK1	1068	945	1146	969	957	791
TBC1D20	799	706	954	865	809	621
CSNK2A1	4593	3954	5078	4896	4433	3576
TCF15	0	0	0	0	0	0
SRXN1	1491	1392	1720	1542	1343	1125
SCRT2	0	0	0	0	0	0
SLC52A3	198	128	175	202	194	115
LOC102724500	0	0	0	0	0	0
FAM110A	408	374	408	383	369	291
ANGPT4	4	1	7	7	8	7
RSPO4	621	496	686	564	509	408
LOC102724519	0	0	1	5	2	3
PSMF1	2351	1971	2469	2385	2081	1717
TMEM74B	13	12	12	10	8	3
C20orf202	0	1	1	3	5	0
RAD21L1	2	3	4	4	6	6
SNPH	89	97	96	101	108	74
FKBP1A-SDCBP2	0	0	0	0	0	0
SDCBP2	0	1	0	2	2	0
SDCBP2-AS1	42	44	65	64	48	34
FKBP1A	5381	4796	6006	6139	5364	4647
MIR6869	0	0	0	0	0	0
LOC102724529	1	0	0	2	2	0
NSFL1C	1312	1034	1357	1274	1172	1036
SIRPB2	19	13	17	19	12	13
SIRPD	0	0	0	3	0	0
SIRPB1	7	4	7	3	8	5
SIRPG	0	0	0	0	0	0
RP11-77C3.3	1	0	0	0	0	0
LOC100289473	1	0	0	0	1	0
LOC102724545	1	0	0	0	1	4
SIRPA	418	441	527	473	367	374
RP4-684O24.5	0	0	0	0	0	0
PDYN	0	0	0	0	0	0
STK35	2210	1988	2488	2346	2057	1617
LOC388780	8	1	5	5	2	4
TGM3	3	0	0	0	0	2
TGM6	0	0	0	0	0	0
SNRPB	5959	5549	7095	6196	5215	4170
SNORD119	1	0	4	2	2	0
ZNF343	244	239	287	284	224	203
TMC2	0	0	4	0	0	0
NOP56	5004	4161	5696	4642	4170	3484
MIR1292	0	0	0	0	0	0
SNORD110	10	12	11	18	19	10
SNORA51	13	5	7	4	10	11
SNORD86	0	0	0	0	0	0
SNORD56	7	0	1	1	0	0
SNORD57	4	2	4	1	7	4
IDH3B	1686	1455	1858	1908	1557	1361
EBF4	38	21	25	21	18	15
CPXM1	2	2	5	3	2	3
C20orf141	0	1	0	1	0	0
TMEM239	0	1	0	0	2	1
PCED1A	389	386	444	433	400	291
VPS16	399	299	411	402	304	237
PTPRA	1715	1454	1872	1652	1519	1273
GNRH2	2	6	3	3	8	3
MRPS26	694	639	781	661	595	436
LOC101929098	0	0	0	0	0	0
OXT	0	0	0	0	0	0
AVP	0	0	0	0	0	0
UBOX5-AS1	1	0	3	2	2	1
UBOX5	123	109	181	162	157	103
FASTKD5	750	706	823	901	775	656
LZTS3	71	54	85	95	89	85
DDRGK1	833	762	999	1034	838	767
ITPA	637	520	674	730	541	473
SLC4A11	206	201	299	321	262	179
C20orf194	591	583	586	562	495	394
ATRN	2679	2504	2916	2667	2509	2008
GFRA4	0	0	0	1	0	1
ADAM33	0	0	1	4	0	1
SIGLEC1	0	1	2	2	2	1
HSPA12B	9	7	9	17	20	7
C20orf27	776	631	836	806	700	590
SPEF1	7	2	4	7	4	3
CENPB	1393	1242	1489	1413	1198	910
CDC25B	2881	2202	2940	2453	2205	1738
LOC101929125	1	3	4	0	4	0
AP5S1	290	224	300	300	255	253
MAVS	3902	3313	4076	4060	3565	2826
PANK2	967	875	975	981	910	765
MIR103A2	0	1	0	0	0	0
MIR103B2	0	0	0	0	0	0
RNF24	378	333	381	353	344	242
LOC101929155	1	1	3	7	1	1
SMOX	203	152	205	228	194	176
RP4-779E11.3	1	0	1	3	0	2
ADRA1D	3	1	2	0	3	10
PRNP	5804	4957	6655	6323	5606	4563
PRND	0	0	0	1	5	3
PRNT	0	0	0	0	0	0
RASSF2	23	20	22	48	49	38
SLC23A2	1334	1148	1570	1458	1420	1141
LOC102724905	0	0	0	0	0	0
TMEM230	1733	1563	1972	1610	1558	1240
PCNA	4197	3789	4779	4278	3800	3233
PCNA-AS1	0	0	0	0	0	0
CDS2	1269	1143	1427	1137	1078	836
PROKR2	0	0	0	1	0	0
FLJ33544	0	0	0	0	0	0
LINC00658	0	0	0	0	0	0
LOC643406	0	0	0	0	0	0
LOC102724622	0	0	0	0	0	0
LINC00654	0	0	0	1	0	0
RP5-1022P6.4	0	0	0	0	1	0
GPCPD1	289	264	323	284	249	204
C20orf196	44	39	51	48	73	31
CHGB	20	13	24	16	17	11
TRMT6	932	704	1036	1130	983	963
MCM8	1354	1254	1492	1441	1278	1224
LOC101929225	11	10	10	8	10	8
CRLS1	603	534	628	670	578	411
LRRN4	10	7	7	10	17	16
FERMT1	2404	2145	2757	2397	2211	1941
CASC20	11	18	22	15	21	11
BMP2	267	241	233	238	222	172
LOC101929265	1	0	0	0	0	0
LOC101929288	0	0	0	0	0	0
RP5-988G17.1	0	0	0	0	0	0
MIR8062	0	0	0	0	0	0
HAO1	0	0	0	0	0	0
TMX4	620	538	675	700	630	578
PLCB1	722	638	720	596	491	460
RNU105B	0	0	0	0	0	0
PLCB4	541	477	603	608	515	388
RP5-1119D9.4	0	0	0	0	0	0
LAMP5	0	0	0	0	0	0
PAK7	15	10	21	8	10	11
LOC101929348	0	0	0	0	0	0
LOC101929371	0	0	0	0	0	0
SNAP25-AS1	0	0	0	0	1	0
ANKEF1	232	197	243	289	236	217
SNAP25	8	3	9	7	5	5
MKKS	984	902	1144	1008	847	684
SLX4IP	163	128	152	128	110	111
JAG1	1752	1591	1797	1466	1292	1145
MIR6870	0	0	0	0	0	0
RP1-278O22.1	0	0	0	0	0	0
RP4-697P8.3	0	0	0	0	2	0
LOC339593	0	0	0	0	0	0
LOC102724924	0	0	0	0	0	0
LINC00687	0	0	0	0	0	0
BTBD3	470	389	533	414	389	309
RP5-1069C8.2	2	0	1	0	1	0
LOC102606466	1	0	0	0	0	0
LOC100505515	0	0	0	0	0	0
SPTLC3	72	66	64	84	69	67
ISM1	6	3	4	11	9	10
ISM1-AS1	1	1	1	2	5	1
TASP1	416	363	474	396	348	305
ESF1	1408	1150	1444	1480	1341	1228
NDUFAF5	168	193	227	225	176	159
SEL1L2	0	0	0	1	0	0
MACROD2	99	99	105	85	53	63
FLRT3	8	9	12	5	15	10
MACROD2-IT1	0	0	0	0	0	0
MACROD2-AS1	0	0	0	0	0	0
KIF16B	508	384	509	417	410	306
SNRPB2	1675	1418	1820	1692	1504	1281
OTOR	0	0	0	0	0	0
PCSK2	0	0	0	0	0	0
BFSP1	44	35	43	39	41	33
DSTN	7636	6601	8559	8096	7095	5761
RRBP1	3940	3551	4224	3925	3471	2869
BANF2	0	1	0	0	1	0
SNX5	3048	2520	3351	2845	2837	2212
SNORD17	60	45	76	65	52	57
MGME1	1100	935	1219	1075	1042	822
OVOL2	138	96	165	140	140	105
PET117	20	22	13	20	9	14
CSRP2BP	390	291	403	404	343	298
ZNF133	337	233	334	296	304	247
LINC00851	0	0	0	0	0	0
DZANK1	43	34	43	54	60	51
POLR3F	415	382	486	458	417	401
MIR3192	0	1	0	1	1	0
RBBP9	673	601	728	632	677	547
SEC23B	2044	1741	2256	2491	2175	1673
LINC00493	466	335	365	358	347	308
DTD1	800	683	917	789	626	582
RP11-379J5.5	0	0	0	3	0	0
LINC00652	2	1	0	1	2	0
LOC100270804	18	18	21	13	12	12
C20orf78	0	0	0	0	0	0
SCP2D1	0	0	0	0	0	0
LOC102724734	0	0	0	0	0	0
LOC101929547	0	0	0	0	1	0
SLC24A3	1	0	0	0	0	0
RP5-1027G4.3	0	0	0	0	0	0
LOC100287166	3	0	2	0	1	1
RIN2	964	871	978	781	737	646
NAA20	1326	1183	1566	1362	1187	965
CRNKL1	933	878	956	990	848	782
C20orf26	1	1	2	2	1	2
LOC101929575	0	0	0	0	0	0
INSM1	0	0	2	0	0	0
RALGAPA2	955	869	1073	941	839	651
PLK1S1	189	169	187	190	157	132
RP4-777D9.2	1	4	4	5	6	3
XRN2	4527	3961	5001	4538	4055	3409
NKX2-4	0	0	0	0	0	0
NKX2-2	51	45	55	54	52	29
LOC101929625	0	0	0	0	0	0
LOC101929608	0	0	0	0	0	0
PAX1	1	4	4	4	2	3
RP11-125P18.1	0	0	0	0	0	0
RP5-828K20.2	0	0	0	0	0	0
RP5-1004I9.1	0	1	0	0	0	0
LINC00261	1	0	1	1	1	2
FOXA2	17	14	23	28	23	32
LOC101929685	0	0	0	0	0	0
RP4-753D10.5	0	0	0	1	0	0
SSTR4	0	0	0	0	0	0
THBD	135	127	145	69	70	34
CD93	0	0	1	1	0	0
LINC00656	0	0	0	0	1	0
LOC100505664	0	0	0	0	0	0
NXT1	369	387	471	400	375	285
RP3-322G13.5	2	5	4	2	2	0
GZF1	619	482	643	617	580	447
NAPB	284	205	265	298	232	193
CSTL1	0	2	0	0	0	1
CST11	0	0	0	0	0	0
CST8	0	0	0	0	0	0
CST13P	0	0	0	1	0	0
CST9L	0	0	0	0	0	0
CST9	0	0	0	0	0	0
CST3	1368	1166	1400	1427	1261	1057
CST4	0	0	0	0	0	0
CST1	0	0	0	0	0	0
CST2	0	0	0	0	0	0
CST5	1	0	2	10	3	1
GGTLC1	0	0	0	0	0	0
FLJ33581	0	0	0	0	0	0
SYNDIG1	0	0	0	0	0	0
CST7	0	1	4	3	5	0
APMAP	2721	2461	3173	3193	2767	2250
ACSS1	69	53	48	32	31	24
VSX1	0	0	0	0	0	0
RP4-738P15.1	0	0	0	3	1	0
LOC101926889	1	1	3	4	2	3
ENTPD6	1331	1221	1491	1296	1171	905
PYGB	3097	2781	3515	3230	2922	2334
ABHD12	1044	867	1210	1145	955	786
GINS1	2588	2221	2897	2650	2404	1816
NINL	678	585	663	625	534	486
NANP	451	430	517	397	353	263
LOC102724826	9	5	16	13	10	7
ZNF337	661	556	685	564	537	406
FAM182B	2	1	0	0	0	0
LOC100996695	17	13	18	23	27	14
LOC101926935	39	30	33	30	29	17
RP4-760C5.5	0	0	0	2	4	0
LOC100134868	24	17	27	25	13	15
FAM182A	0	0	0	0	0	0
NCOR1P1	0	2	0	3	0	0
LOC284801	1	0	0	0	0	0
MIR663A	0	0	0	0	0	0
LOC100289097	292	271	280	274	233	233
LOC102723316	0	1	0	1	0	1
LOC100996808	2	0	0	0	0	1
LOC102723352	1	0	0	0	0	0
FLJ20518	0	0	0	0	0	1
LOC102723390	2	0	3	0	1	2
LOC101928102	1	2	4	2	6	10
FRG1B	350	286	361	294	257	212
MLLT10P1	10	2	5	2	2	0
LOC102723636	1	4	0	2	2	9
LOC102723541	0	0	1	0	0	0
LOC102723552	0	0	7	1	2	0
DEFB115	0	0	0	0	0	0
DEFB116	0	0	0	0	0	0
DEFB118	1	0	0	0	0	0
DEFB119	0	0	0	0	0	0
DEFB121	0	0	0	0	0	0
DEFB122	0	0	0	0	0	1
DEFB123	0	0	0	0	0	0
DEFB124	0	0	0	0	0	0
REM1	0	0	0	0	0	0
LINC00028	0	0	0	0	0	0
HM13	4890	4457	5294	5444	4821	3768
PSIMCT-1	234	243	328	230	204	165
HM13-AS1	24	14	20	15	18	10
ID1	4003	3195	3957	3140	2801	2057
MIR3193	0	0	0	0	2	1
COX4I2	0	0	0	0	0	0
BCL2L1	1817	1473	1875	1997	1855	1505
TPX2	12690	10750	13802	11556	10739	9018
MYLK2	15	7	13	18	14	15
FOXS1	0	0	0	3	1	0
C20orf57	0	0	0	0	0	2
DUSP15	0	0	0	0	0	0
TTLL9	1	4	5	4	4	1
PDRG1	916	817	1000	1084	991	750
XKR7	7	5	7	5	6	0
CCM2L	2	6	3	3	4	9
LOC101929636	0	0	1	2	0	0
HCK	0	0	0	0	0	0
TM9SF4	4546	3969	4954	4623	4235	3455
TSPY26P	5	11	11	9	9	7
PLAGL2	1452	1286	1524	1389	1186	887
POFUT1	4098	3535	4430	4353	3946	3069
MIR1825	0	0	0	0	0	0
KIF3B	4086	3530	4572	4152	3697	3158
LOC100996873	11	3	8	9	12	6
ASXL1	4459	3819	4862	4750	4326	3466
C20orf112	403	354	505	431	387	336
LOC101929698	1	0	0	0	1	0
LOC149950	0	0	0	0	0	0
C20orf203	1	1	1	0	0	0
COMMD7	1240	1044	1341	1199	1066	898
DNMT3B	535	464	540	516	452	357
MAPRE1	10334	9140	11709	10974	9951	8388
EFCAB8	0	0	0	0	0	0
LOC101928239	4	6	0	2	0	0
LOC101928282	0	0	1	2	1	2
SUN5	0	0	0	0	0	0
BPIFB2	0	0	0	0	0	0
BPIFB6	0	0	0	0	0	0
BPIFB3	0	0	0	0	0	0
BPIFB4	0	0	0	0	0	0
BPIFA2	0	0	0	0	0	0
BPIFA4P	0	0	0	0	0	0
BPIFA3	0	0	0	0	0	0
BPIFA1	0	0	0	0	0	0
BPIFB1	3	2	1	1	0	0
CDK5RAP1	1115	994	1234	1201	1061	895
SNTA1	311	301	380	377	281	221
CBFA2T2	1994	1846	2275	2126	1867	1550
NECAB3	193	189	185	221	162	127
C20orf144	9	2	3	5	10	3
ACTL10	53	42	72	51	46	27
E2F1	1897	1733	2221	1940	1727	1359
PXMP4	654	532	650	641	631	461
ZNF341	195	134	223	224	172	104
RP4-553F4.6	3	5	8	9	6	6
CHMP4B	4534	4081	5257	4404	4117	3539
RP5-1125A11.1	20	26	25	26	31	23
RALY	4948	4259	5633	4650	4114	3413
MIR4755	1	0	0	1	0	0
EIF2S2	7450	6120	8468	7517	6632	5548
ASIP	3	4	8	12	4	2
LOC101926916	8	16	8	13	11	10
AHCY	12908	11380	14778	12442	11004	8703
ITCH	9774	9500	12024	10361	9391	7600
MIR644A	3	0	2	1	0	0
DYNLRB1	2313	2040	2470	2396	2013	1932
MAP1LC3A	7	6	7	5	1	4
PIGU	846	731	942	778	664	521
TP53INP2	310	273	427	428	369	283
NCOA6	4260	3693	4743	4061	3915	3168
HMGB3P1	1	1	0	0	1	0
GGT7	4	1	1	2	5	15
ACSS2	710	686	728	680	584	522
GSS	2267	2005	2469	2058	2027	1596
MYH7B	24	25	34	34	43	37
MIR499A	0	0	0	0	0	0
MIR499B	0	0	0	0	0	0
TRPC4AP	2490	2214	2784	2584	2354	1878
EDEM2	459	363	493	334	312	306
PROCR	177	167	219	228	150	141
MMP24	24	27	24	24	27	18
MMP24-AS1	661	540	713	600	499	447
EIF6	3963	3485	4488	4376	3823	2977
FAM83C-AS1	1	1	3	2	1	0
FAM83C	1	1	1	1	1	3
UQCC1	1433	1235	1575	1681	1490	1150
GDF5	5	2	2	2	4	5
MIR1289-1	3	0	0	0	1	0
CEP250	2590	2099	2773	2323	2077	1818
C20orf173	0	0	3	3	3	0
ERGIC3	4507	3876	4779	4501	4130	3354
FER1L4	1165	1032	1122	1317	1119	950
SPAG4	59	57	76	80	61	60
CPNE1	5390	4726	6050	5476	4809	3776
RBM12	3308	2931	3888	3006	2805	2310
NFS1	1423	1212	1549	1347	1264	1058
ROMO1	998	1006	1215	1190	1117	763
RBM39	9817	8219	9861	9863	8978	7757
PHF20	2485	2250	2806	2726	2469	2062
SCAND1	548	436	554	508	391	292
CNBD2	1	2	0	4	3	2
LINC00657	17892	14473	17406	17571	16325	13099
EPB41L1	2249	2008	2411	2085	1866	1489
RP11-234K24.3	4	2	3	4	7	1
AAR2	1367	1235	1457	1485	1246	1034
DLGAP4	1764	1463	1733	1794	1643	1327
RP5-977B1.7	4	1	6	0	4	2
MYL9	2756	2420	3124	3236	2822	2392
TGIF2	1196	1095	1319	1075	1001	793
TGIF2-C20orf24	0	0	0	0	0	0
C20orf24	327	272	402	393	299	239
SLA2	11	7	7	9	3	7
NDRG3	2277	2087	2533	2287	2079	1609
DSN1	1873	1724	2153	2301	1908	1564
SOGA1	2804	2461	2947	2728	2380	1839
TLDC2	8	10	7	1	2	1
SAMHD1	2213	1806	1977	1410	1274	1068
RBL1	2414	2061	2826	2535	2399	1809
MROH8	8	23	21	27	20	24
RPN2	10524	9080	11631	11394	10096	7900
GHRH	0	0	0	0	0	0
MANBAL	1615	1446	1826	1634	1429	1174
SRC	2981	2549	3283	3285	2827	2330
LOC102724936	0	0	2	0	1	0
BLCAP	3605	3301	4069	3742	3375	2699
NNAT	31	20	23	32	36	14
LINC00489	0	0	0	0	0	0
RP4-640H8.2	0	0	0	0	0	0
CTNNBL1	2524	2122	2782	2618	2290	1874
VSTM2L	1	1	0	3	0	1
TTI1	1738	1455	1857	1864	1584	1299
RPRD1B	2862	2724	3105	3272	2989	2344
TGM2	455	446	486	428	369	361
KIAA1755	9	5	18	12	10	11
LOC149684	0	0	0	0	0	0
BPI	0	0	0	0	0	0
LBP	0	1	0	0	2	1
SNHG17	533	483	615	514	420	390
SNORA71B	19	10	11	19	12	13
SNORA71A	7	4	10	11	11	5
SNORA71C	12	5	9	6	5	8
LOC101928356	5	9	12	1	8	6
SNORA71D	8	3	4	1	3	5
SNHG11	127	115	120	145	126	98
SNORA39	1	3	1	2	2	1
SNORA60	4	2	9	10	6	5
RALGAPB	6088	5193	6543	6019	5341	4430
MIR548O2	1	0	0	0	0	0
ADIG	0	0	0	0	0	0
ARHGAP40	47	22	38	63	49	21
SLC32A1	0	0	0	0	0	0
ACTR5	291	256	293	277	250	214
PPP1R16B	0	0	0	0	0	0
FAM83D	3029	2476	3274	2888	2448	2046
DHX35	987	839	1131	1024	880	752
RP4-705O1.1	0	0	0	0	0	0
LOC102724950	0	0	0	0	0	0
RP11-101E14.2	0	0	0	0	0	0
LOC102724968	1	0	1	5	3	1
MAFB	33	37	46	36	37	35
LOC101927098	0	0	0	0	0	0
TOP1	8157	6957	8425	8723	7889	6834
RP1-1J6.2	6	1	7	8	10	7
PLCG1	2837	2468	3152	3155	2793	2243
MIR6871	0	0	0	0	0	0
ZHX3	779	751	925	1047	892	767
LPIN3	596	535	559	511	475	398
EMILIN3	0	1	0	1	1	1
CHD6	3487	2964	3700	3808	3422	2908
PTPRT	0	0	0	1	0	0
LOC101927182	0	0	0	0	0	0
LOC101927159	0	0	0	0	0	0
LOC101927138	0	0	0	0	0	0
SRSF6	6595	5196	6774	6889	5994	5260
L3MBTL1	213	204	255	196	212	134
SGK2	7	5	7	5	7	7
IFT52	1563	1279	1745	1662	1423	1147
MYBL2	6344	5559	7362	6684	5839	4999
GTSF1L	0	0	0	0	0	0
LOC101927200	0	1	0	1	1	1
TOX2	24	19	28	54	36	42
JPH2	412	319	408	405	330	279
OSER1	1192	1003	1246	1187	1028	877
OSER1-AS1	57	75	70	70	66	53
GDAP1L1	4	1	4	1	1	0
FITM2	223	182	202	191	194	130
R3HDML	2	0	0	1	2	1
HNF4A	7	4	4	6	3	2
HNF4A-AS1	0	0	0	0	0	0
MIR3646	0	0	0	0	1	0
RP5-1013A22.2	0	0	0	0	0	0
C20orf62	0	1	0	0	0	0
TTPAL	2646	2488	3115	3349	3001	2414
SERINC3	4456	3653	4393	4541	3933	3263
PKIG	293	258	377	354	274	244
ADA	211	204	271	206	147	114
RP11-445H22.3	2	1	2	1	3	2
WISP2	21	12	22	19	11	12
KCNK15	1	1	1	0	0	3
RIMS4	1	0	1	3	4	0
YWHAB	25252	21604	26630	26912	24305	20075
PABPC1L	442	338	427	483	419	334
TOMM34	1725	1536	1996	1951	1716	1403
STK4-AS1	4	8	4	4	5	4
STK4	3260	2723	3496	3450	2912	2406
KCNS1	3	1	3	9	1	1
WFDC5	0	0	0	0	0	0
WFDC12	0	0	0	0	0	2
LOC101929863	1	0	0	0	0	0
PI3	13	11	19	16	16	17
LOC101929866	1	0	0	0	0	0
SEMG1	0	0	0	0	0	0
SEMG2	0	0	0	0	0	0
SLPI	390	321	313	239	218	169
MATN4	3	1	0	4	1	2
RBPJL	0	0	1	0	1	0
SDC4	10311	10494	12463	9371	8497	7018
SYS1	659	582	723	601	592	484
SYS1-DBNDD2	0	0	0	0	0	0
TP53TG5	21	18	10	22	16	10
DBNDD2	14	18	22	22	18	22
PIGT	2996	2685	3390	3229	2898	2386
MIR6812	0	0	0	2	0	0
LOC101927326	2	4	4	1	1	4
WFDC2	125	117	116	87	75	59
SPINT3	0	0	0	0	0	0
WFDC6	0	0	0	0	0	0
EPPIN-WFDC6	0	2	0	0	0	0
EPPIN	0	0	0	0	0	0
WFDC8	0	0	0	0	0	0
WFDC9	0	0	0	0	0	0
WFDC10A	0	0	0	0	0	0
WFDC11	0	0	0	0	0	0
WFDC10B	0	0	0	0	0	0
WFDC13	0	0	0	0	0	0
MIR3617	0	0	0	0	0	0
SPINT4	0	0	0	0	0	0
WFDC3	0	0	1	5	0	1
DNTTIP1	791	725	858	853	775	698
UBE2C	3741	3242	4277	4321	3742	3005
TNNC2	2	1	3	2	2	3
SNX21	158	154	223	222	194	151
ACOT8	245	231	298	234	206	170
ZSWIM3	196	149	185	236	224	182
ZSWIM1	570	444	534	507	445	406
SPATA25	15	10	26	13	11	12
NEURL2	12	10	17	22	10	24
CTSA	2125	1681	2189	1888	1716	1370
PLTP	337	298	396	305	277	192
PCIF1	1235	1123	1397	1076	1017	785
ZNF335	812	691	910	812	675	555
MMP9	2	7	9	33	13	14
SLC12A5	30	19	23	22	33	22
NCOA5	1964	1483	1867	1933	1621	1386
CD40	35	34	38	47	33	20
CDH22	0	2	1	0	0	1
SLC35C2	1164	953	1342	1211	1087	772
ELMO2	1099	943	1135	1167	964	842
ZNF663P	2	0	0	0	0	0
MKRN7P	0	0	0	0	0	0
ZNF334	0	0	0	0	0	0
OCSTAMP	0	0	0	0	0	0
SLC13A3	369	311	385	348	316	241
TP53RK	500	369	507	515	449	375
SLC2A10	250	209	258	285	228	163
EYA2	350	274	343	305	227	176
LOC101927355	12	7	25	12	5	11
MIR3616	0	0	0	0	0	0
ZMYND8	4455	3906	4450	4303	3922	3142
LOC100131496	7	3	4	13	16	2
LOC101927377	4	4	5	11	4	7
LOC102723442	0	1	0	0	0	0
NCOA3	7615	6649	7814	7234	6707	5354
SULF2	1847	1589	2131	2164	1932	1672
RP11-347D21.3	4	0	0	1	1	2
LOC101060004	0	0	0	0	0	0
LINC00494	0	0	1	1	0	1
LOC102723460	0	0	0	0	0	0
PREX1	199	216	260	345	322	215
ARFGEF2	5848	5129	6070	5696	5332	4254
LOC102723483	1	0	2	2	4	1
CSE1L	16044	13825	17748	16505	14992	11933
STAU1	9460	8060	10225	9815	9115	7435
DDX27	3543	2837	3688	3614	3184	2900
ZNFX1	5284	4673	5320	2962	2690	2193
ZFAS1	1752	1481	1845	1579	1416	1237
SNORD12C	1	2	4	2	0	4
SNORD12B	18	15	11	6	12	13
SNORD12	7	14	14	12	11	10
KCNB1	7	5	2	9	6	3
PTGIS	2	3	4	1	2	2
LOC101927486	0	0	0	0	0	0
B4GALT5	4702	3963	4616	3216	2888	2366
SLC9A8	875	801	985	821	721	597
SPATA2	675	628	744	749	662	543
RNF114	2596	2328	2803	2959	2682	2037
SNAI1	27	29	30	60	37	32
TRERNA1	0	0	0	0	0	0
TMEM189-UBE2V1	0	0	0	0	0	0
UBE2V1	88	58	83	69	62	45
TMEM189	1385	1174	1428	1330	1190	944
LOC101927512	6	2	3	5	6	3
RP11-112L6.4	1	3	2	2	7	4
LOC101927559	15	14	25	24	29	21
CEBPB	2990	2645	3218	2936	2481	1977
RP11-290F20.3	5	2	4	5	5	2
RP11-290F20.1	55	56	71	61	46	41
RP11-290F20.2	40	19	32	40	28	30
PTPN1	6662	5592	7277	7208	6574	5559
MIR645	2	0	0	2	0	4
FAM65C	549	431	572	1303	1058	855
MIR1302-5	0	0	0	2	2	1
LOC100506175	3	7	2	13	9	9
PARD6B	1146	945	1175	1503	1477	1110
BCAS4	360	319	388	428	376	330
ADNP	6543	5633	6987	6513	5791	4785
RP5-914P20.5	83	68	73	85	62	48
DPM1	2832	2447	3098	2806	2576	2231
MOCS3	556	465	567	590	513	381
KCNG1	339	304	358	367	310	227
NFATC2	296	338	488	702	608	541
MIR3194	0	0	0	0	0	0
ATP9A	3042	2837	3383	2821	2525	2005
SALL4	377	385	428	399	326	277
RP5-1112F19.2	1	0	0	1	1	2
ZFP64	1163	1030	1323	1182	973	845
RP4-723E3.1	4	0	2	1	0	3
TSHZ2	30	19	20	14	24	15
LOC728805	0	0	0	0	0	0
LOC101927744	0	0	0	0	0	0
RP4-724E16.2	14	11	6	17	12	4
ZNF217	2452	1869	2199	2621	2183	1748
SUMO1P1	0	0	0	0	0	0
BCAS1	25	17	28	34	27	28
MIR4756	0	0	0	0	0	0
CYP24A1	466	411	534	746	764	625
PFDN4	656	550	710	752	632	583
DOK5	0	0	0	1	0	0
RP5-1010E17.2	0	0	0	0	0	0
LOC102723578	0	0	0	0	0	0
CBLN4	0	0	0	0	0	0
MC3R	0	0	0	0	0	0
FAM210B	1472	1343	1565	1334	1209	1048
AURKA	4235	3611	4779	3924	3344	2799
CSTF1	1684	1381	1810	1769	1625	1292
CASS4	9	18	5	18	16	9
RTFDC1	3137	2600	3502	3137	2979	2540
GCNT7	2	7	8	5	5	3
FAM209A	0	1	1	2	1	5
FAM209B	1	4	2	7	2	2
TFAP2C	1097	895	1052	1379	1143	938
BMP7	807	637	858	792	663	529
LOC102723590	1	1	1	0	1	0
LOC101927820	0	0	3	0	3	0
MIR4325	0	0	0	0	0	0
SPO11	0	0	0	1	2	2
RAE1	2399	2159	2838	2672	2322	1815
MTRNR2L3	3	4	5	2	3	3
RBM38	1115	913	1261	1003	919	726
CTCFL	0	0	1	1	0	1
LOC101927842	0	0	4	0	0	0
PCK1	1	0	0	0	0	2
ZBP1	1	1	2	1	1	0
PMEPA1	1272	1220	1556	1884	1669	1298
MIR4532	0	0	0	0	0	0
LOC100996602	0	0	0	0	0	0
C20orf85	0	0	0	0	0	0
ANKRD60	0	0	0	0	0	0
PPP4R1L	127	95	132	134	108	94
RAB22A	2781	2371	2895	2958	2793	2302
VAPB	4490	3810	4771	4537	4133	3462
APCDD1L	17	16	19	41	29	21
APCDD1L-AS1	6	5	3	9	6	8
STX16-NPEPL1	10	7	12	10	7	8
STX16	3525	3019	3643	3813	3297	2770
NPEPL1	18	33	16	34	21	22
LOC100652930	14	15	7	15	13	10
MIR296	0	0	0	0	0	0
MIR298	0	0	0	0	0	0
GNAS-AS1	2	1	0	0	0	0
GNAS	36848	32808	40076	38354	33848	28313
LOC101927932	15	33	25	27	22	6
NELFCD	4232	3762	4642	4402	3943	3270
CTSZ	2546	2114	2721	2481	2142	1838
TUBB1	41	19	29	40	23	20
SLMO2-ATP5E	0	0	0	0	0	0
ATP5E	57	78	75	50	64	53
SLMO2	3340	2754	3224	3135	2831	2383
ZNF831	0	0	0	0	0	0
EDN3	0	0	0	0	0	0
PHACTR3	0	0	0	0	0	1
LOC100506384	0	0	0	0	0	0
SYCP2	52	51	47	68	57	54
FAM217B	409	369	447	452	445	333
PPP1R3D	358	308	329	330	292	245
CDH26	4	3	7	2	7	4
C20orf197	0	1	0	2	2	0
RP5-1043L13.1	0	1	0	0	0	0
RP5-1043L13.1_1	0	0	0	0	0	0
MIR646	0	0	0	0	0	0
LOC101928048	0	0	0	0	0	0
LOC101928026	0	0	0	0	0	0
MIR4533	0	0	0	0	0	0
MIR548AG2	0	0	0	0	0	0
LOC100506470	0	0	0	0	0	0
CDH4	5	7	0	3	1	0
MIR1257	0	0	0	0	0	0
TAF4	365	358	413	406	356	275
LSM14B	1929	1749	2109	1920	1662	1344
PSMA7	8851	7827	9838	9591	8431	6736
SS18L1	1653	1468	1703	1727	1591	1237
MTG2	1392	1166	1587	1602	1344	1136
HRH3	0	0	0	2	0	0
FLJ44790	0	1	0	1	0	0
OSBPL2	3053	2552	3277	3202	2844	2251
ADRM1	3628	3180	4317	4015	3589	2906
LAMA5	10792	9382	11302	10418	8984	6794
MIR4758	0	0	0	0	0	0
LOC101928158	10	5	12	7	6	4
RPS21	8494	7927	9593	9137	7841	6394
CABLES2	448	366	443	454	402	311
RBBP8NL	192	169	207	254	230	188
GATA5	0	0	0	1	1	1
C20orf166-AS1	0	0	0	0	0	0
C20orf166	0	0	0	0	0	0
MIR1-1	0	0	0	0	0	0
MIR133A2	0	0	0	0	0	0
SLCO4A1	416	386	521	583	483	372
LOC101928465	15	10	25	30	24	22
RP11-93B14.5	1	2	3	4	4	5
NTSR1	1	6	1	6	4	3
LINC00659	1	3	2	5	5	1
MRGBP	1302	1115	1505	1461	1264	1085
OGFR-AS1	16	8	16	6	10	5
OGFR	1447	1293	1521	1299	1097	1009
COL9A3	259	190	208	265	230	216
TCFL5	843	708	902	866	704	539
DPH3P1	48	43	52	54	42	42
DIDO1	6270	5568	6976	6631	6127	5012
GID8	4511	4130	5115	5012	4376	3657
SLC17A9	2	0	2	3	6	9
BHLHE23	0	0	0	0	0	0
RP11-305P22.9	0	0	0	0	0	0
LINC00029	0	0	0	0	0	0
LINC01056	0	0	0	0	0	0
HAR1B	0	0	0	0	0	0
HAR1A	2	1	0	1	0	0
MIR124-3	0	0	0	0	0	0
YTHDF1	3249	2768	3332	3406	2927	2479
BIRC7	4	0	2	5	1	1
MIR3196	0	0	0	0	0	0
NKAIN4	2	0	0	2	0	2
FLJ16779	0	0	0	1	3	0
LOC102723774	0	0	0	0	0	0
ARFGAP1	1991	1803	2190	2298	1778	1594
MIR4326	1	1	1	0	1	1
COL20A1	2	2	2	2	2	0
CHRNA4	0	0	0	0	0	1
RP11-261N11.8	0	0	0	0	0	0
LOC102723788	0	0	0	0	0	0
KCNQ2	7	6	6	6	10	5
EEF1A2	2110	1914	2559	1835	1622	1292
LOC102723814	15	6	8	14	5	7
PPDPF	3239	2869	3683	3402	2727	2305
PTK6	463	420	496	523	389	316
LOC102723829	4	1	5	2	3	1
SRMS	9	5	7	16	11	12
C20orf195	2	3	2	1	4	0
HELZ2	1295	1176	1051	863	718	489
GMEB2	1114	957	1193	1112	1009	810
LOC100505771	66	35	60	31	43	27
STMN3	37	18	41	38	23	20
RTEL1-TNFRSF6B	0	0	0	0	0	0
RTEL1	18	21	25	23	14	12
TNFRSF6B	2	1	2	4	2	0
ARFRP1	816	740	858	783	710	527
ZGPAT	767	627	796	816	727	571
LIME1	165	146	167	153	101	93
SLC2A4RG	3198	2721	3617	3484	3126	2440
ZBTB46	163	169	183	139	136	121
LOC101928604	0	1	0	0	0	0
C20orf181	0	0	0	1	0	0
ABHD16B	266	199	282	228	198	141
TPD52L2	7355	6393	8105	7856	6861	5410
DNAJC5	4186	3708	4805	4151	3860	2950
UCKL1	663	554	722	661	499	407
MIR1914	9	8	14	14	12	15
MIR647	15	8	22	15	16	10
UCKL1-AS1	40	22	31	30	44	26
ZNF512B	2449	2071	2753	2776	2335	2065
SAMD10	111	138	139	119	128	81
PRPF6	3758	3109	4088	3890	3329	2806
LINC00176	27	26	22	44	24	22
SOX18	8	4	9	12	6	6
TCEA2	327	315	400	393	300	269
RGS19	237	203	284	287	258	177
MIR6813	0	0	0	0	0	0
OPRL1	2	1	2	3	2	3
LKAAEAR1	0	0	3	0	1	1
NPBWR2	0	0	0	0	0	0
MYT1	0	0	0	0	0	0
PCMTD2	384	323	406	398	385	260
LINC00266-1	0	0	0	1	2	0
LOC102724184	0	0	0	0	0	0
LOC102723996	17	26	20	27	13	14
LOC102724023	108	103	153	117	125	96
LOC102724132	0	0	0	0	0	0
LOC101928576	1	3	1	3	4	2
LOC102724159	177	173	217	210	176	146
LOC102724200	123	118	134	118	122	102
LOC102724219	0	0	0	0	0	0
LOC102724334	1	7	5	4	8	4
LOC102724354	0	0	1	1	0	1
LOC102724385	0	1	0	1	4	0
LOC102724370	0	0	0	0	0	0
LOC102724398	0	0	0	0	1	0
LOC102724411	1	0	0	0	0	0
LOC102724428	260	278	278	299	208	218
LOC102724441	0	0	2	0	0	0
LOC102724560	1	1	1	5	2	3
LOC102724594	17	9	15	10	12	13
LOC102724583	7	3	7	4	2	4
LOC102724636	2	0	0	0	0	0
LOC102724652	0	0	0	0	0	0
LOC101927669	0	0	0	0	0	0
LOC102724843	0	0	0	0	0	0
LOC102724951	0	0	0	0	0	0
LOC102723360	0	0	0	0	0	0
LOC102723553	8	8	8	6	3	1
LOC102723451	0	0	0	0	0	0
LOC102723475	0	0	0	0	0	0
LOC102723570	12	9	3	4	2	3
LOC102723584	1	0	2	1	3	0
LOC102723603	0	0	0	0	0	0
MIR3648	0	0	0	0	0	0
MIR3687	0	0	0	0	0	0
LOC101927615	0	0	0	0	1	0
TEKT4P2	12	8	11	8	4	7
LOC101930100	1	2	1	4	4	2
LOC101927345	0	0	0	1	2	0
MGC39584	0	1	0	0	0	0
BAGE2	13	8	4	12	5	8
TPTE	3	0	0	0	2	5
ANKRD30BP2	0	0	0	0	0	0
MIR3156-3	0	0	0	0	0	0
LOC102724188	0	0	0	0	0	0
POTED	0	0	0	0	0	0
MIR3118-5	0	0	0	0	0	0
LOC441956	0	0	0	0	0	0
MIR8069	0	0	0	0	0	0
C21orf15	0	0	0	0	0	0
ANKRD20A11P	0	0	0	0	0	0
LIPI	5	4	4	9	3	3
RBM11	30	27	40	25	28	39
ABCC13	0	0	0	0	0	0
HSPA13	884	774	978	966	833	671
SAMSN1	0	0	0	1	0	0
SAMSN1-AS1	0	0	0	3	0	0
LOC388813	0	1	0	3	0	1
NRIP1	828	715	823	753	749	593
LOC101927745	0	0	0	0	0	0
USP25	585	573	633	552	494	425
LINC00478	0	0	0	0	0	0
MIR99A	0	0	0	0	0	0
MIRLET7C	0	0	0	0	0	0
MIR125B2	0	0	0	0	0	0
C21orf37	0	0	0	0	0	0
TRNAG27	0	1	3	0	0	0
CXADR	279	243	323	303	269	216
BTG3	333	296	369	341	309	194
C21orf91-OT1	3	0	0	0	0	0
C21orf91	750	668	763	665	625	569
CHODL-AS1	0	0	0	0	0	0
LOC102724267	0	0	0	2	0	0
CHODL	14	2	3	6	7	0
TMPRSS15	0	0	0	0	0	0
AL109763.2	0	0	0	0	0	0
MIR548X	0	0	0	0	0	0
LINC00320	0	0	0	0	0	0
NCAM2	61	41	65	47	49	52
LINC00317	0	0	0	0	0	0
AP000475.2	0	1	0	0	0	0
AP000472.2	0	0	0	0	0	0
LINC00308	0	0	0	0	0	0
MIR6130	0	0	0	0	0	0
D21S2088E	1	0	0	0	0	0
AP000469.2	0	0	0	0	0	0
LOC339622	0	0	0	0	0	0
LINC00158	0	0	0	0	0	0
MIR155HG	19	20	19	6	8	12
MIR155	0	0	0	0	0	0
LINC00515	1	2	1	0	0	0
MRPL39	762	698	883	819	723	638
JAM2	8	10	10	19	18	10
ATP5J	1336	1199	1573	1420	1272	1128
GABPA	1150	803	1103	993	901	706
APP	13803	11888	14513	13675	12480	10245
LOC102724317	0	1	1	3	2	0
LOC100996571	2	0	3	1	0	2
CYYR1	0	1	0	0	0	0
ADAMTS1	117	108	123	167	123	138
ADAMTS5	6	7	4	15	9	9
MIR4759	0	0	0	0	0	0
LOC102724355	0	0	0	0	0	0
LINC00113	0	0	0	0	0	0
LINC00314	0	0	0	0	0	0
LOC284825	0	3	0	4	3	2
LOC101927973	0	0	0	0	0	0
LOC101930580	0	0	0	0	0	0
LOC101928011	0	0	0	1	0	0
LINC00161	0	0	0	0	0	0
LOC102724420	0	0	0	0	0	0
N6AMT1	101	90	118	93	76	72
LTN1	1679	1411	1778	1534	1380	1147
RWDD2B	616	469	635	652	571	408
USP16	1456	1284	1532	1482	1435	1222
CCT8	6997	5881	7625	6998	6119	5141
MAP3K7CL	92	71	84	51	50	47
LINC00189	0	1	0	0	0	0
BACH1	727	622	683	655	601	468
GRIK1	4	2	3	6	4	8
GRIK1-AS2	1	2	1	0	0	1
GRIK1-AS1	0	2	0	0	0	2
CLDN17	0	0	0	0	0	0
LINC00307	0	0	0	0	0	0
CLDN8	0	0	0	0	0	0
KRTAP24-1	0	0	0	0	0	0
KRTAP25-1	0	0	0	0	0	0
KRTAP26-1	0	0	0	0	0	0
KRTAP27-1	0	0	0	0	0	0
KRTAP23-1	0	0	0	0	0	0
KRTAP13-2	0	0	0	0	0	0
MIR4327	0	0	0	0	0	0
KRTAP13-1	0	0	0	0	0	0
KRTAP13-3	0	0	0	0	0	0
KRTAP13-4	0	0	0	0	0	0
KRTAP15-1	0	0	0	0	0	0
KRTAP19-1	0	0	0	0	0	0
KRTAP19-2	0	0	0	0	0	0
KRTAP19-3	0	0	0	0	0	0
KRTAP19-4	0	0	0	0	0	0
KRTAP19-5	0	0	0	0	0	0
KRTAP19-6	0	0	0	0	0	0
KRTAP19-7	0	0	0	0	0	0
KRTAP22-2	0	0	0	0	2	0
KRTAP6-3	0	0	0	0	0	0
KRTAP6-2	0	0	0	0	0	0
KRTAP22-1	0	0	0	0	0	0
KRTAP6-1	0	0	0	0	0	0
KRTAP20-1	0	0	0	0	0	0
KRTAP20-4	0	0	0	0	0	0
KRTAP20-2	0	0	0	0	0	0
KRTAP20-3	0	0	0	0	0	0
KRTAP21-3	0	0	0	0	0	0
KRTAP21-2	0	0	0	0	0	0
KRTAP21-1	0	0	0	0	0	0
KRTAP8-1	0	0	0	0	0	0
KRTAP7-1	0	0	0	0	0	0
KRTAP11-1	0	0	0	0	0	0
KRTAP19-8	0	0	0	0	0	0
TIAM1	590	505	682	671	570	459
LOC150051	15	11	17	14	12	8
LOC102724449	2	0	0	2	3	0
SOD1	2640	2260	2887	2811	2443	2125
SCAF4	1994	1716	2183	2066	1774	1547
HUNK	78	56	75	69	61	43
LINC00159	0	0	0	0	0	0
MIS18A	571	492	669	652	583	493
MRAP	1	2	2	1	0	1
URB1	1200	1086	1513	1345	1168	886
SNORA80	1	0	1	2	2	0
C21orf119	56	33	64	58	32	33
EVA1C	30	35	24	27	28	19
TCP10L	20	13	19	12	7	5
C21orf59	689	541	687	681	607	526
SYNJ1	589	496	572	704	646	546
PAXBP1-AS1	30	23	29	25	25	24
PAXBP1	969	873	1038	977	949	769
C21orf49	0	0	0	0	0	0
C21orf62	0	0	0	0	0	0
LOC102724502	0	0	0	0	0	0
OLIG2	0	0	1	0	0	0
LINC00945	0	0	0	0	0	0
OLIG1	0	0	0	1	0	0
LOC102723612	0	0	0	0	0	0
AP000289.6	0	0	0	0	0	0
C21orf54	0	0	0	0	0	0
IFNAR2	881	738	904	889	775	651
IL10RB-AS1	24	16	22	27	19	13
IL10RB	1577	1445	1766	1652	1493	1193
IFNAR1	5030	4269	5250	5316	4900	3942
IFNGR2	86	65	68	77	67	37
TMEM50B	2	0	1	0	1	2
DNAJC28	0	0	0	0	1	0
GART	10444	9096	11723	10548	9255	7492
SON	27739	24137	30234	28748	26375	21203
MIR6501	0	0	0	0	0	0
DONSON	1712	1516	1678	1761	1703	1322
CRYZL1	666	566	750	680	559	482
ITSN1	4340	3548	4760	4841	4367	3761
ATP5O	4700	4251	5411	5377	4855	3864
LINC00649	163	147	160	201	149	118
LOC400863	8	14	5	11	6	3
LOC101928126	76	60	99	71	65	56
MRPS6	1478	1282	1744	1651	1474	1182
SLC5A3	7458	6773	7770	7152	6538	5175
LINC00310	1	2	1	2	4	1
KCNE2	12	8	9	9	9	6
SMIM11	80	60	108	91	80	63
C21orf140	0	0	0	0	0	0
LOC388820	0	0	0	0	0	0
LOC101928182	0	0	0	0	0	0
KCNE1	0	0	0	3	0	1
RCAN1	209	188	262	274	232	177
CLIC6	0	0	0	0	0	0
LINC00160	0	0	0	0	0	0
AP000330.8	1	0	1	0	0	0
RUNX1	3293	2742	3497	2841	2596	2181
LOC102724584	4	2	4	3	1	3
LOC101928240	3	3	8	1	5	6
RUNX1-IT1	0	0	1	0	0	2
LOC100506403	0	0	0	0	0	0
MIR802	0	0	0	0	0	0
LOC101928269	0	1	0	2	1	2
AP000688.8	3	7	6	7	9	7
SETD4	236	229	244	214	228	184
AP000688.14	1	2	2	1	1	1
CBR1	871	785	886	797	770	621
CBR3-AS1	26	22	23	18	26	10
CBR3	57	52	58	53	35	49
DOPEY2	539	439	647	556	462	381
LOC102724619	0	1	0	0	0	0
MORC3	1431	1159	1392	1334	1164	1090
LOC102724630	1	0	0	1	0	2
CHAF1B	973	771	1029	973	774	718
CLDN14	1	0	0	0	0	0
SIM2	146	85	134	97	112	93
HLCS	738	646	804	722	620	567
RIPPLY3	53	36	57	52	38	41
PIGP	311	258	305	338	360	315
TTC3	4498	3875	4917	4954	4622	4066
TTC3-AS1	0	0	0	0	0	1
DSCR9	4	4	6	7	6	7
DSCR3	813	683	892	791	685	561
DYRK1A	2217	1941	2472	2246	2016	1577
KCNJ6	0	0	0	0	0	0
LOC101928368	0	0	0	0	0	0
DSCR4	0	0	0	0	0	0
DSCR8	0	0	0	0	0	0
DSCR10	0	0	0	0	0	0
KCNJ15	54	60	53	93	76	71
LOC102724678	0	0	0	0	0	0
ERG	63	57	91	58	53	44
LINC00114	0	0	0	0	0	0
ETS2	4221	3798	4700	3841	3084	2739
LOC101928398	0	1	0	0	0	0
FLJ45139	0	2	4	1	2	2
AF064858.7	1	0	0	0	0	0
LOC102724740	11	11	16	13	14	17
PSMG1	785	632	851	695	666	544
BRWD1	2674	2363	2852	2901	2666	2199
BRWD1-IT2	5	0	11	1	1	6
BRWD1-AS1	3	1	0	2	3	0
HMGN1	5569	4600	5760	5753	5106	4356
WRB	412	298	404	450	387	304
LCA5L	10	7	9	11	9	5
LOC102724757	8	11	16	10	4	15
SH3BGR	72	48	62	54	74	61
MIR6508	0	0	0	0	0	0
B3GALT5	1	0	2	1	2	1
C21orf88	1	0	0	0	0	0
LOC102724786	0	0	0	0	0	0
IGSF5	0	1	0	3	6	1
PCP4	0	0	0	2	0	0
DSCAM	2	1	2	2	5	1
MIR4760	0	0	0	0	0	0
DSCAM-AS1	0	0	0	0	0	0
DSCAM-IT1	0	0	0	0	0	0
LINC00323	0	0	0	0	1	0
MIR3197	0	0	0	0	0	0
BACE2	831	716	889	647	659	507
PLAC4	5	8	5	3	4	7
FAM3B	0	8	2	1	1	0
MX2	240	275	176	20	38	15
MX1	1278	1327	1013	166	147	110
TMPRSS2	9	6	9	17	13	15
LINC00111	5	6	2	0	3	3
LINC00479	16	24	11	33	20	21
LINC00112	2	4	3	4	8	5
RIPK4	1619	1417	1654	1673	1486	1211
MIR6814	0	0	0	0	0	0
LOC102724800	24	29	23	35	17	26
PRDM15	389	407	470	402	403	315
C2CD2	2119	1803	2279	2129	1963	1514
ZBTB21	1495	1241	1537	1389	1289	1060
ZNF295-AS1	0	0	0	1	1	2
UMODL1	9	6	20	19	6	13
C21orf128	0	0	0	1	1	1
ABCG1	29	29	37	56	44	35
TFF3	0	0	0	0	0	0
TFF2	0	0	0	0	0	0
TFF1	0	0	0	0	0	0
LOC101930249	0	0	0	0	0	0
TMPRSS3	73	65	66	67	51	33
UBASH3A	1	1	3	4	0	0
RSPH1	10	5	12	4	10	4
SLC37A1	348	283	389	449	394	356
LOC101928212	4	6	18	14	8	8
LOC101930460	0	0	0	0	1	0
LOC101928233	0	0	0	11	3	0
LOC101928255	1	0	3	0	4	0
PDE9A	411	328	435	491	405	310
LOC101928284	1	0	0	2	0	0
LOC101928311	0	1	0	1	1	0
WDR4	707	637	841	668	587	485
NDUFV3	947	798	1020	991	913	808
MIR5692B	0	1	0	2	6	3
PKNOX1	1060	920	1208	1114	1054	895
CBS	69	80	86	64	56	46
U2AF1	20	23	18	20	9	12
LOC101928369	0	0	0	0	0	0
CRYAA	0	0	0	0	0	0
LINC00322	2	3	0	2	4	4
LOC101928399	88	66	87	93	96	93
FLJ41733	2	0	0	0	2	0
SIK1	12	19	4	6	17	24
LOC102723371	0	0	0	0	0	0
LINC00319	2	1	3	5	1	2
LINC00313	0	0	1	0	2	0
LOC102723380	2	0	0	1	1	1
HSF2BP	43	23	56	54	46	38
MIR6070	0	0	0	0	0	0
RRP1B	4007	3596	4729	4377	3807	3218
PDXK	4442	3722	4828	4611	3996	3101
CSTB	2448	2199	2750	2562	2422	1932
RRP1	1242	1079	1379	1255	1106	890
LOC284837	85	79	73	59	63	68
AGPAT3	5767	4894	6156	5646	4905	4005
TRAPPC10	2011	1729	2183	2195	1881	1610
PWP2	260	242	278	275	256	210
C21orf33	144	117	134	129	124	99
LOC101928533	0	0	0	1	0	0
ICOSLG	16	13	26	16	12	14
DNMT3L	0	0	0	0	0	0
AIRE	0	0	1	0	1	0
PFKL	3875	3297	4097	3914	3427	2726
C21orf2	363	304	359	327	281	225
TRPM2	617	613	733	694	600	452
TRPM2-AS	67	45	36	50	39	41
LRRC3-AS1	1	1	0	0	3	0
LRRC3	93	88	106	70	90	47
LRRC3DN	91	66	90	97	58	61
LOC100505727	1	2	2	2	0	0
TSPEAR	27	23	17	27	19	14
TSPEAR-AS1	24	19	37	31	23	11
C21orf90	27	23	33	31	24	13
KRTAP10-1	0	0	0	0	0	0
KRTAP10-2	0	1	1	0	0	0
KRTAP10-3	0	0	0	0	0	1
KRTAP10-4	0	0	0	0	0	0
KRTAP10-5	0	0	0	0	0	0
KRTAP10-6	0	0	0	0	0	0
KRTAP10-7	0	0	0	0	0	0
KRTAP10-8	0	0	0	0	0	0
KRTAP10-9	0	0	0	0	0	0
KRTAP10-10	0	0	0	0	0	0
KRTAP10-11	0	0	0	0	0	0
KRTAP12-4	0	0	0	0	0	0
KRTAP12-3	0	0	0	0	0	0
KRTAP12-2	0	0	0	0	0	0
KRTAP12-1	0	0	0	0	0	0
KRTAP10-12	0	0	0	0	0	0
UBE2G2	2458	2163	2907	2700	2426	2120
LOC101928689	2	8	10	16	6	10
SUMO3	7338	6114	7909	7638	6878	5738
PTTG1IP	5864	5067	6364	6089	5216	4481
ITGB2	210	193	288	286	218	182
ITGB2-AS1	15	20	26	22	16	11
C21orf67	63	63	74	57	50	48
FAM207A	566	465	662	551	494	410
LINC00163	0	0	0	0	0	0
LINC00162	7	0	5	4	3	4
SSR4P1	18	13	20	21	13	12
ADARB1	503	407	478	627	536	432
LOC102723476	0	0	0	0	0	0
POFUT2	924	791	942	1001	861	684
LOC642852	295	265	281	323	297	268
LOC102723489	2	3	5	3	3	2
LINC00316	0	2	1	0	1	1
LOC101928745	3	2	3	2	3	2
COL18A1	1178	1095	1513	1618	1316	1120
COL18A1-AS2	0	0	0	0	0	0
COL18A1-AS1	0	1	0	2	1	0
MIR6815	0	0	0	0	0	1
LOC101928717	2	3	4	0	3	0
SLC19A1	902	802	1021	870	730	549
AL592528.1	0	1	0	0	1	0
PCBP3	14	17	16	22	20	23
LOC101928796	2	0	0	4	1	0
COL6A1	431	392	424	478	412	353
COL6A2	290	249	329	282	261	196
FTCD	9	6	7	4	5	3
SPATC1L	0	0	0	0	0	1
LOC102723554	0	0	0	0	0	2
LSS	262	219	293	307	236	192
MCM3AP-AS1	103	73	127	74	76	50
LOC101928862	42	26	28	26	18	19
MCM3AP	3944	3392	4144	3974	3556	3008
YBEY	341	269	344	279	306	256
C21orf58	539	466	575	539	455	335
PCNT	3023	2445	3109	3372	3111	2608
DIP2A	2402	2119	2544	2533	2223	1904
DIP2A-IT1	5	3	8	11	7	4
S100B	1	0	0	2	0	2
PRMT2	5499	4476	5729	4855	4443	3599
LOC102723780	3	10	5	5	2	6
LOC102723769	0	0	0	0	0	0
LOC101930531	1	1	5	4	1	3
OR11H1	0	0	0	0	0	0
POTEH	0	0	0	0	0	0
LOC102723734	0	0	0	0	0	0
LOC101929674	0	1	0	0	0	0
LOC102723957	0	0	0	0	0	0
CCT8L2	0	0	0	0	0	0
TPTEP1	0	1	0	0	0	0
ANKRD62P1-PARP4P3	0	0	0	2	0	0
LOC101929350	0	0	0	0	0	0
XKR3	2	0	0	0	3	0
HSFY1P1	0	0	0	0	0	0
GAB4	0	0	0	0	0	0
CECR7	1	2	1	1	0	1
IL17RA	842	666	871	872	707	595
CECR6	10	7	6	8	8	3
LOC100996342	0	0	0	0	0	2
CECR5	792	712	988	807	676	514
CECR5-AS1	1	1	5	1	0	2
CECR1	8	8	5	6	4	2
CECR3	0	0	0	0	0	0
CECR2	38	31	36	59	36	30
SLC25A18	16	5	29	19	24	12
AC004019.13	1	1	2	2	4	1
ATP6V1E1	2175	1892	2581	2372	2146	1741
BCL2L13	2518	2034	2637	2533	2059	1824
BID	817	704	862	888	767	580
MIR3198-1	2	2	1	0	2	0
LINC00528	0	0	0	0	1	0
MICAL3	2936	2625	3503	3006	2668	2055
LOC101929396	10	1	4	1	4	5
MIR648	1	0	0	0	0	0
FLJ41941	1	1	1	0	0	1
PEX26	1623	1344	1739	1565	1440	1134
LOC101929426	107	100	122	135	98	112
TUBA8	22	17	28	23	18	15
USP18	231	210	198	174	128	120
LOC102723783	0	0	0	0	0	0
LOC100996415	0	0	0	0	0	0
LOC102723857	0	0	0	0	0	0
FAM230A	0	0	0	0	0	0
LOC102724107	0	0	0	0	0	0
LOC100996401	0	0	0	1	0	0
TMEM191B	11	2	3	4	2	4
PI4KAP1	266	248	353	247	250	227
RIMBP3	13	7	11	11	9	10
LOC642643	0	0	0	0	0	0
GGT3P	0	0	0	0	0	0
LOC102724123	0	0	0	0	0	0
LOC101929738	0	0	0	0	0	0
DGCR6	0	1	1	0	0	3
PRODH	1	1	0	0	0	0
DGCR5	53	47	54	48	39	36
LOC100996369	0	0	1	1	0	0
LOC100506454	2	2	4	5	2	3
DGCR9	3	3	6	5	4	2
DGCR10	1	0	1	0	0	1
DGCR2	2375	2105	2576	2411	2037	1709
DGCR11	25	16	27	37	15	23
DGCR14	356	263	378	382	372	274
TSSK2	0	0	0	0	0	0
GSC2	0	0	0	0	0	0
LOC100652736	25	22	16	19	18	7
SLC25A1	2290	1872	2576	2365	2082	1574
CLTCL1	99	74	110	103	109	84
HIRA	1549	1365	1699	1500	1321	1061
MRPL40	531	389	572	533	496	394
C22orf39	553	490	611	477	428	384
UFD1L	1563	1403	1704	1702	1615	1272
CDC45	1083	985	1312	1179	1078	904
CLDN5	0	1	0	0	0	0
LINC00895	0	0	0	0	0	0
SEPT5	0	0	0	0	0	0
SEPT5-GP1BB	0	0	0	0	0	0
GP1BB	0	0	0	0	0	0
TBX1	7	9	7	4	15	7
GNB1L	100	87	115	91	90	50
C22orf29	674	599	723	771	587	417
TXNRD2	402	336	408	388	375	304
KIAA1652	10	20	19	23	28	15
COMT	1151	1074	1332	1258	1119	851
MIR4761	0	0	0	0	0	1
ARVCF	140	138	126	143	143	84
TANGO2	368	310	353	357	297	291
MIR185	0	0	0	0	0	0
DGCR8	1495	1186	1565	1285	1156	1074
MIR3618	0	0	0	0	0	0
MIR1306	0	0	0	0	0	0
TRMT2A	590	554	650	611	559	425
MIR6816	0	0	0	0	0	0
RANBP1	5664	4840	6166	5469	4868	4206
ZDHHC8	679	590	788	696	575	483
LOC388849	3	11	13	8	10	5
LOC284865	0	0	1	0	1	0
LINC00896	9	6	12	5	13	4
RTN4R	137	119	164	135	117	106
MIR1286	0	0	0	0	0	0
DGCR6L	416	285	386	369	286	247
LOC101927859	0	0	1	0	0	0
USP41	2	5	4	1	1	1
ZNF74	307	266	347	343	261	223
SCARF2	14	14	13	15	18	10
KLHL22	243	204	291	257	244	175
LOC101928824	10	7	17	13	11	4
MED15	1442	1300	1619	1627	1361	1103
POM121L4P	0	0	0	0	0	0
TMEM191A	13	10	12	22	19	12
PI4KA	2047	1863	2278	2198	1888	1499
SERPIND1	1	2	0	0	1	0
SNAP29	1282	1042	1328	1389	1218	1008
CRKL	4679	3980	4889	4181	3761	3040
LOC101928891	36	25	45	33	27	17
AIFM3	82	79	97	66	84	57
LZTR1	420	391	448	457	374	339
THAP7	212	168	269	228	214	181
THAP7-AS1	18	15	22	21	13	13
TUBA3FP	0	0	0	0	2	2
P2RX6	2	0	0	1	0	2
SLC7A4	0	1	0	0	1	0
MIR649	0	0	0	0	0	0
P2RX6P	0	1	0	0	0	0
LOC400891	0	0	0	0	1	0
BCRP2	0	2	0	0	0	0
FAM230B	0	0	0	0	0	0
GGT2	0	0	0	0	0	0
LOC102724405	0	0	0	0	0	0
POM121L8P	3	1	4	2	1	6
LOC100996335	0	0	0	0	0	0
RIMBP3B	0	1	1	2	0	3
HIC2	155	175	227	159	135	128
LOC100996337	0	0	0	0	0	0
TMEM191C	6	1	3	2	2	2
PI4KAP2	147	112	152	166	144	114
RIMBP3C	0	0	0	0	1	2
UBE2L3	3670	2933	3894	3643	3253	2756
YDJC	472	422	525	380	370	270
CCDC116	4	8	5	5	3	4
SDF2L1	328	325	350	370	284	183
MIR301B	1	0	0	0	0	0
MIR130B	4	1	5	4	2	0
LOC102724248	10	14	13	12	21	4
PPIL2	898	754	944	886	748	637
YPEL1	29	21	31	39	25	29
MAPK1	7886	6423	8464	7973	7258	5778
PPM1F	823	774	936	847	697	595
TOP3B	629	528	668	634	558	496
PRAMENP	0	0	0	0	0	0
LOC102724653	0	0	0	0	0	0
BMS1P20	469	415	484	462	412	378
ZNF280B	0	0	0	0	0	0
LOC648691	0	0	0	0	0	0
GGTLC2	0	0	0	0	0	0
LOC102724638	0	0	0	0	0	0
RTDR1	1	2	1	3	0	1
GNAZ	108	98	135	106	83	68
RAB36	170	146	167	138	121	91
BCR	1990	1678	2105	2106	1800	1441
FBXW4P1	9	8	7	14	3	13
LOC102724679	2	0	0	0	1	0
CES5AP1	0	0	0	0	0	0
ZDHHC8P1	0	0	0	0	0	0
LOC102724695	0	0	0	0	0	0
LOC101929374	0	0	0	0	0	0
AP000345.1	0	0	0	0	0	0
LOC102724741	0	0	0	0	0	0
PCAT14	0	0	0	0	0	0
IGLL1	0	0	0	1	0	0
LOC102724759	3	2	3	2	0	0
C22orf43	4	2	7	2	5	4
GUSBP11	169	145	165	147	136	117
RGL4	76	52	103	105	84	76
ZNF70	210	144	193	177	142	141
VPREB3	4	0	2	1	1	0
C22orf15	0	1	0	0	0	0
CHCHD10	0	0	0	0	0	0
MMP11	0	0	0	0	0	0
SMARCB1	0	0	0	2	0	0
DERL3	0	0	0	0	0	0
SLC2A11	0	0	0	1	0	0
LOC284889	0	0	0	0	0	0
MIF	0	0	0	0	0	0
GSTT2B	1	2	1	1	0	2
DDTL	0	0	0	0	0	0
DDT	0	0	0	0	0	0
GSTT2	0	1	0	1	0	0
GSTTP1	0	0	0	0	0	0
CABIN1	1955	1633	2178	1869	1674	1232
SUSD2	33	13	11	29	20	25
GGT5	0	0	0	0	0	0
POM121L9P	0	1	1	0	0	0
SPECC1L-ADORA2A	0	2	0	0	0	0
SPECC1L	761	595	746	779	744	521
ADORA2A	0	7	3	1	0	3
ADORA2A-AS1	10	8	10	14	16	15
UPB1	0	1	1	0	0	4
GUCD1	1726	1435	1936	1847	1540	1224
SNRPD3	4305	3722	4736	4684	4199	3601
GGT1	11	13	10	14	10	10
FAM211B	34	33	50	43	58	40
BCRP3	0	0	0	0	1	0
POM121L10P	0	2	1	1	2	2
PIWIL3	0	0	0	2	0	0
TOP1P2	6	5	6	3	10	7
SGSM1	15	22	19	24	13	17
TMEM211	0	0	0	0	0	0
KIAA1671	6091	5425	6965	5757	5040	3877
LOC100128531	4	9	6	3	2	0
CRYBB3	25	7	10	18	11	10
CRYBB2	15	9	5	14	5	4
IGLL3P	0	0	0	0	0	0
LOC101928049	1	1	2	1	0	0
LOC100652901	9	4	3	8	7	3
LRP5L	64	48	48	66	54	33
LOC102724336	0	0	0	2	0	0
CRYBB2P1	271	239	289	238	195	175
MIR6817	0	0	0	0	0	0
LOC100996404	0	4	4	3	2	2
ADRBK2	716	723	846	689	522	477
MYO18B	0	0	0	0	0	0
LOC102724801	0	0	0	0	0	0
SEZ6L	0	0	0	0	0	0
ASPHD2	38	42	55	47	41	22
HPS4	1199	1050	1233	1136	1011	831
SRRD	324	300	359	324	366	275
TFIP11	1087	953	1254	1110	1020	852
LOC100507599	99	94	100	57	67	58
TPST2	480	399	524	467	407	334
MIR548J	2	0	0	1	0	0
CRYBB1	1	1	0	0	0	0
CRYBA4	1	0	0	0	0	0
MIAT	24	17	23	36	18	25
LOC102724827	5	5	8	4	4	3
RP1-90L6.2	3	1	0	0	4	1
LOC102724864	1	0	0	1	0	1
LOC284898	0	0	0	0	0	0
LOC100507657	0	0	0	0	0	0
LOC102724900	0	0	0	0	0	0
MN1	129	107	150	212	216	147
PITPNB	7474	6712	7972	6944	6211	5161
TTC28-AS1	247	194	195	223	185	172
MIR3199-1	0	0	0	0	0	0
MIR3199-2	0	0	0	0	0	0
TTC28	316	293	270	261	211	199
MIR5739	0	0	0	0	0	0
LOC101929594	0	0	1	0	0	0
CHEK2	989	876	1100	872	741	577
HSCB	224	205	249	247	222	187
CCDC117	2923	2611	3054	2762	2488	2175
XBP1	2430	2093	2759	2166	1974	1579
ZNRF3	941	784	1049	943	707	606
ZNRF3-AS1	0	1	2	0	2	0
C22orf31	0	1	2	2	2	1
KREMEN1	2975	2809	3079	1977	1939	1497
LOC102724925	6	2	0	3	5	1
LOC101929638	8	18	22	26	24	18
EMID1	149	125	149	122	98	84
RHBDD3	308	278	344	373	311	267
EWSR1	12597	10823	13893	12299	11245	10025
GAS2L1	522	476	636	526	468	351
RASL10A	3	2	1	3	5	3
AP1B1	6214	5354	6935	6535	6090	4857
MIR3653	0	0	0	0	0	0
SNORD125	0	0	0	0	0	0
LOC102723305	6	4	4	7	8	4
RFPL1S	8	0	5	1	0	0
RFPL1	0	0	0	0	0	0
NEFH	3	0	3	1	0	2
THOC5	1338	1142	1506	1437	1259	1025
NIPSNAP1	2540	2338	2893	2297	2074	1757
NF2	3315	2421	3784	3428	3070	2167
CABP7	1	3	1	4	3	4
ZMAT5	63	59	77	81	76	35
UQCR10	1528	1338	1719	1547	1314	1153
ASCC2	2340	1996	2505	2470	2288	1793
MTMR3	2351	2247	2622	2510	2213	1782
MIR6818	0	0	0	0	0	0
LOC101929664	0	0	2	0	0	1
HORMAD2	0	0	1	2	1	1
LIF	1185	1014	1211	1965	1920	1529
OSM	0	0	0	1	2	1
GATSL3	27	25	30	34	33	31
TBC1D10A	361	293	422	438	368	285
SF3A1	6027	5270	6683	6240	5425	4529
CCDC157	36	16	23	41	11	16
KIAA1656	34	54	65	55	50	36
RNF215	227	192	254	269	245	228
SEC14L2	585	530	695	687	614	541
MTFP1	720	634	711	608	523	397
LOC646513	0	1	3	0	2	4
SEC14L3	0	0	1	1	0	4
SDC4P	0	0	0	0	0	0
SEC14L4	45	41	62	69	62	41
SEC14L6	0	0	0	3	2	0
GAL3ST1	2	0	3	0	1	1
PES1	4090	3625	4732	4038	3750	3112
TCN2	29	17	45	24	29	17
SLC35E4	153	140	181	213	191	120
DUSP18	193	170	191	146	141	100
LOC101929728	0	0	1	1	0	0
OSBP2	1600	1360	1923	2102	1789	1460
MIR3200	0	0	0	0	0	0
MORC2-AS1	2	2	1	1	1	1
MORC2	2142	1691	2237	1998	1979	1604
TUG1	8368	6724	8417	7523	6678	5829
SMTN	1285	1136	1497	1272	1009	854
SELM	128	126	164	158	142	130
INPP5J	145	128	158	181	173	140
PLA2G3	0	0	1	1	1	0
MIR3928	0	0	0	0	0	0
RNF185	1252	1178	1487	1211	1042	878
LIMK2	2844	2353	2806	2820	2564	2084
PIK3IP1	39	55	46	48	54	35
PATZ1	2049	1679	2181	1910	1657	1381
RP3-400N23.6	13	11	16	19	14	7
FLJ20464	94	99	125	76	102	70
DRG1	3009	2598	3381	3240	2917	2300
EIF4ENIF1	1436	1242	1522	1419	1284	1082
RNU6-28P	0	1	0	0	0	0
SFI1	442	399	465	346	368	327
PISD	1282	1140	1536	1414	1188	964
MIR7109	0	0	0	0	0	0
PRR14L	6109	5251	6831	5756	5479	4395
DEPDC5	683	608	733	787	678	572
C22orf24	3	1	6	3	6	3
YWHAH	3801	3401	4542	3969	3446	2771
SLC5A1	3	0	0	0	0	0
AP1B1P1	2	0	1	1	0	1
C22orf42	0	0	0	0	0	2
RFPL2	7	10	5	3	2	0
SLC5A4	30	15	29	24	17	14
RFPL3	2	2	5	6	3	0
RFPL3S	13	7	9	5	4	5
RP1-149A16.3	32	19	22	24	27	22
RTCB	3414	3033	3882	3589	3133	2599
BPIFC	0	0	0	1	1	0
FBXO7	2703	2522	3086	2546	2296	1828
SYN3	0	1	4	0	1	0
TIMP3	214	237	227	244	181	188
LARGE	70	58	64	74	55	28
MIR4764	0	0	0	0	0	0
LARGE-AS1	0	0	0	0	0	0
RP1-272J12.1	0	0	0	0	0	0
ISX	0	0	0	0	0	0
HMGXB4	3231	2827	3597	3119	2975	2526
TOM1	293	266	314	254	247	222
MIR3909	0	0	1	0	0	0
MIR6069	0	0	0	0	0	0
HMOX1	296	224	325	380	307	254
MCM5	6652	5635	7575	6706	5811	4737
RASD2	66	55	53	45	36	19
MB	85	62	88	66	63	58
APOL6	6672	5676	6025	3073	2764	2249
APOL5	0	0	0	0	0	0
RBFOX2	307	285	388	303	258	233
LOC101926970	0	0	0	0	0	0
LOC102723507	0	0	0	0	1	0
APOL3	561	494	457	226	238	197
APOL4	0	0	1	0	2	4
APOL2	1307	1071	1187	822	690	645
APOL1	1744	1535	1484	648	555	513
MYH9	58869	52222	69164	62497	55314	45772
MIR6819	0	1	4	2	2	0
TXN2	1923	1624	2032	2000	1772	1372
LOC101926989	1	0	2	7	3	4
FOXRED2	3203	2846	3485	3472	2983	2306
EIF3D	7582	6807	8786	7361	6430	5299
CACNG2	0	0	3	0	0	0
IFT27	310	242	293	268	240	188
PVALB	0	0	0	0	0	0
NCF4	1	3	3	1	1	1
CSF2RB	0	0	0	0	0	0
LL22NC01-81G9.3	0	0	0	0	0	0
TEX33	0	0	0	0	0	0
TST	336	315	403	374	264	257
MPST	589	558	669	538	428	331
KCTD17	265	205	298	312	253	203
TMPRSS6	5	8	16	12	5	5
IL2RB	9	1	7	6	3	6
C1QTNF6	1899	1599	1985	2254	1953	1610
SSTR3	0	0	0	2	3	0
RAC2	1334	1164	1385	1548	1424	1112
CYTH4	57	46	42	105	108	85
RP1-63G5.5	10	4	5	4	8	4
LOC100506271	0	0	1	1	1	0
ELFN2	559	506	717	1049	859	714
MFNG	462	393	532	504	396	338
CARD10	4193	3817	4859	4186	3433	2841
CDC42EP1	3249	2984	4002	3183	2625	2130
LGALS2	5	8	13	5	10	5
GGA1	1894	1664	2059	1905	1670	1235
SH3BP1	1287	1231	1391	1191	1074	867
LOC101927051	10	10	9	9	10	6
PDXP	821	716	990	889	831	644
LGALS1	6300	5602	7306	7713	6617	5217
NOL12	706	620	802	620	574	516
TRIOBP	3073	2743	3258	2962	2718	2229
LOC102724378	13	13	25	20	21	27
H1F0	16672	14722	17315	14912	13514	11651
GCAT	257	201	318	307	257	234
GALR3	1	2	0	1	2	0
ANKRD54	1114	1068	1292	1171	1066	846
MIR658	1	0	0	0	0	0
MIR659	3	7	18	7	8	6
EIF3L	12710	11345	14673	12472	11144	8854
MICALL1	4204	3674	4435	4235	3703	2933
C22orf23	1034	839	925	914	883	722
POLR2F	1665	1471	1924	1691	1587	1320
MIR6820	0	0	0	0	0	0
SOX10	2	0	0	5	1	0
LOC100131530	1	0	1	5	2	0
MIR4534	0	0	1	0	0	0
PICK1	1136	984	1268	1293	1261	960
SLC16A8	30	29	56	51	42	31
LOC101927119	46	46	57	69	71	72
BAIAP2L2	198	171	198	235	177	176
PLA2G6	342	354	392	373	336	265
MAFF	500	368	456	626	493	410
TMEM184B	5971	5115	6450	6258	5486	4235
CSNK1E	5606	4762	6342	5444	4843	3841
LOC400927	162	170	184	136	107	115
LOC101927161	10	8	4	1	2	5
LOC101927183	0	0	0	0	0	0
KCNJ4	20	21	27	10	8	6
KDELR3	1682	1429	1825	1758	1638	1475
DDX17	25521	21304	26270	23686	20885	17267
DMC1	142	174	173	174	155	116
FAM227A	83	103	91	91	105	83
CBY1	818	687	935	815	702	624
TOMM22	5632	4829	6516	5986	5349	4436
JOSD1	5003	4253	5639	4955	4439	3653
GTPBP1	2710	2499	2970	2456	2280	1669
SUN2	8026	6949	8662	6897	5952	4826
DNAL4	569	427	632	533	497	396
NPTXR	1170	986	1209	1841	1657	1218
CBX6	8190	7478	9614	8346	7129	5561
APOBEC3A	1	5	4	3	7	6
APOBEC3B	1239	1174	1724	2087	1754	1437
APOBEC3B-AS1	1	0	0	3	0	0
APOBEC3C	2437	2028	2697	2490	2250	1853
APOBEC3D	10	5	9	14	4	7
APOBEC3F	436	383	479	432	370	320
APOBEC3G	0	2	0	0	1	0
LOC101927202	2	0	2	5	6	2
APOBEC3H	5	12	10	10	12	14
CBX7	740	618	784	687	542	472
PDGFB	389	390	440	627	595	416
RPL3	40383	36547	46787	38797	34272	27761
SNORD83B	13	2	15	11	15	10
SNORD83A	23	14	22	18	20	12
RNU86	24	20	22	29	28	30
SNORD43	38	28	40	21	47	16
SYNGR1	607	479	636	559	499	379
TAB1	1903	1703	2130	1846	1662	1348
LOC100506472	59	85	66	55	54	48
MGAT3	3	3	5	21	7	3
MIEF1	3888	3505	4457	4059	3550	3008
ATF4	14161	12401	16089	12800	11520	9431
RPS19BP1	1925	1668	2070	2065	1784	1400
CACNA1I	12	5	12	16	16	11
ENTHD1	0	0	0	0	0	1
GRAP2	1	0	0	1	1	1
FAM83F	23	13	24	36	16	24
LOC100130899	11	12	14	9	22	15
TNRC6B	5906	5012	6428	6118	5803	4741
ADSL	4273	3630	4867	3844	3494	2704
SGSM3	1493	1342	1608	1513	1280	1063
MKL1	3210	2803	3722	3380	2904	2330
RP4-591N18.2	12	10	11	14	8	9
LOC102723646	1	1	5	5	4	1
MCHR1	1	1	0	3	3	1
SLC25A17	2111	1765	2400	2251	2120	1620
MIR4766	4	4	4	3	1	1
ST13	30935	25327	32343	31393	28793	24273
XPNPEP3	4075	3193	4194	4248	4002	2836
DNAJB7	7	9	3	2	6	3
RBX1	2744	2492	3135	3131	2632	2102
EP300	15475	13207	16746	16464	14833	12479
MIR1281	0	0	0	0	0	0
LOC101927279	40	27	37	48	32	27
L3MBTL2	1503	1268	1668	1625	1443	1152
CHADL	35	22	31	32	28	24
RANGAP1	9822	8563	10867	9237	8152	6279
MIR6889	0	0	0	0	2	0
ZC3H7B	10075	8729	11208	9551	8415	6951
TEF	2005	1761	2422	1802	1672	1319
LOC100996598	3	3	0	5	0	1
TOB2	7981	6612	8602	8360	7654	6230
PHF5A	4570	4064	5308	4750	4031	3714
ACO2	3633	3158	4035	3578	3242	2650
POLR3H	2095	1815	2368	1753	1494	1214
CSDC2	2	0	2	3	0	0
PMM1	601	584	731	635	521	417
DESI1	3830	3529	4402	4349	3659	3015
XRCC6	49794	42846	55849	50706	45763	37924
NHP2L1	6300	5875	7446	6889	5621	4735
C22orf46	2001	1634	1899	2155	1984	1774
MEI1	9	4	5	11	7	5
CCDC134	326	286	356	377	314	266
SREBF2	19195	17288	21438	18233	15760	12555
MIR33A	0	0	0	0	0	0
SHISA8	0	3	4	3	1	1
MIR378I	8	4	4	3	4	3
TNFRSF13C	16	11	19	17	4	7
CENPM	990	921	1213	1061	846	653
LINC00634	38	53	48	31	20	21
SEPT3	295	255	317	320	283	237
LOC102723706	0	0	0	2	1	0
WBP2NL	18	18	25	20	27	19
NAGA	2154	1936	2510	2072	1811	1425
FAM109B	55	29	39	34	29	20
SMDT1	0	0	0	0	1	0
NDUFA6	0	0	0	1	0	0
NDUFA6-AS1	0	0	0	0	0	0
LOC102723722	10	9	8	9	8	5
CYP2D6	15	4	8	10	3	5
CYP2D7P	15	24	17	13	10	10
TCF20	75	55	71	60	46	39
LOC388906	42	26	72	47	33	34
LOC102723775	31	26	26	18	21	14
NFAM1	31	30	30	23	33	28
LOC101927344	2	2	6	10	3	1
SERHL	0	0	0	0	0	0
LOC101927372	4	3	0	6	3	1
RRP7A	2843	2448	3388	2867	2635	2218
SERHL2	213	137	190	161	190	156
RRP7B	368	298	421	378	366	264
POLDIP3	9728	8231	10350	8919	7899	6633
RNU12	4	3	1	11	4	4
CYB5R3	9949	8628	11108	9592	8700	7080
ATP5L2	7	8	4	17	11	7
A4GALT	669	557	631	556	466	366
ARFGAP3	2648	2187	2719	2622	2229	1799
PACSIN2	7018	6150	7766	6790	5923	4760
LOC101927393	41	28	50	35	34	26
AL022476.2	3	6	0	2	1	1
TTLL1	122	99	107	76	82	65
LOC102723830	1	1	3	0	0	0
BIK	621	546	682	631	575	405
MCAT	1051	909	1123	911	783	631
TSPO	2782	2607	3347	2801	2280	1690
TTLL12	6494	5616	7213	5946	5113	4088
SCUBE1	4	0	3	1	7	2
LOC101927447	0	0	0	0	0	0
MPPED1	0	0	1	1	2	0
EFCAB6-AS1	5	5	6	4	1	9
EFCAB6	83	55	64	65	57	52
LOC101927474	1	0	2	0	2	1
SULT4A1	58	41	85	50	52	54
PNPLA5	16	8	17	19	14	10
PNPLA3	151	122	161	186	169	134
SAMM50	4788	4145	5296	4932	4573	3487
PARVB	1795	1594	2119	1738	1469	1161
LOC102723940	0	1	0	0	0	1
TRNAU2	1	0	0	0	2	0
PARVG	1	1	1	2	3	4
KIAA1644	129	158	196	154	130	97
LOC101927499	1	0	0	0	0	0
LOC101927526	0	0	0	0	0	0
LDOC1L	4300	3696	4540	4127	3638	2848
LINC00207	0	0	0	0	0	0
LINC00229	0	0	0	0	0	0
PRR5	655	622	731	566	480	406
PRR5-ARHGAP8	0	0	0	0	0	0
ARHGAP8	22	5	11	22	9	14
PHF21B	252	208	307	287	236	197
RP4-753M9.1	21	24	18	6	10	8
LOC100506714	430	444	546	439	396	332
NUP50	16226	13804	17990	16614	15050	12279
KIAA0930	4304	3911	4905	4092	3623	2910
MIR1249	4	1	3	0	4	1
UPK3A	0	0	2	1	1	0
FAM118A	1600	1392	1859	1677	1459	1226
SMC1B	18	12	17	15	18	14
RIBC2	115	86	103	97	80	66
FBLN1	3921	3618	4390	3873	3406	2745
LOC100506737	53	44	61	64	53	46
ATXN10	10796	9302	12013	11087	10041	8006
MIR4762	0	2	0	2	1	0
WNT7B	3816	3261	4093	4536	3914	3074
LOC730668	23	21	14	30	24	13
LINC00899	252	200	228	162	153	134
C22orf26	44	26	51	38	25	16
RP6-109B7.3	279	261	308	258	241	234
LOC642648	34	14	38	27	18	20
MIRLET7BHG	464	321	401	385	351	293
MIR3619	3	3	5	0	2	2
MIRLET7A3	0	0	0	0	0	0
MIR4763	0	0	0	0	0	0
MIRLET7B	0	0	0	0	0	0
PPARA	3446	2922	3562	3387	3153	2468
CDPF1	305	334	454	369	294	198
PKDREJ	113	90	90	92	88	70
TTC38	1610	1359	1682	1926	1602	1257
GTSE1-AS1	89	63	96	71	57	45
GTSE1	11236	9342	12258	10067	8908	7322
TRMU	1836	1523	1938	1767	1515	1290
CELSR1	24542	22762	27011	22675	20005	15766
GRAMD4	2594	2241	2738	2520	2189	1797
CERK	3588	3137	4130	4594	4189	3235
TBC1D22A	2611	2210	2891	2737	2289	1846
FLJ32756	3	2	2	6	4	5
LOC100128818	4	1	4	8	6	2
LOC101927722	0	1	0	0	0	0
LINC00898	13	4	7	7	11	14
RP11-191L9.4	80	58	70	67	54	47
MIR3201	0	0	0	0	0	0
FAM19A5	0	0	0	0	0	0
LOC284933	0	0	0	0	0	0
MIR4535	0	0	0	0	0	0
WI2-81516E3.1	0	0	0	0	0	0
LOC101927775	0	0	0	0	0	0
MIR3667	0	0	0	0	0	0
LOC101927799	0	0	0	0	0	0
C22orf34	0	0	0	0	0	0
BRD1	4072	3433	4377	4091	3577	3067
LOC90834	44	32	26	26	41	23
ZBED4	5405	4565	6164	4838	4437	3443
ALG12	1406	1276	1539	1377	1172	889
CRELD2	3016	2464	3158	3177	2761	2251
PIM3	6424	5754	7399	6330	5388	4341
MIR6821	0	0	0	0	0	0
IL17REL	2	0	1	5	2	1
TTLL8	1	2	0	0	0	0
MLC1	10	8	9	13	16	9
MOV10L1	6	6	2	6	7	5
PANX2	621	565	659	532	456	356
TRABD	2834	2428	3071	2730	2378	1800
LOC101928719	18	14	27	21	9	21
SELO	1526	1208	1691	1555	1273	1065
TUBGCP6	361	299	361	347	326	238
HDAC10	235	204	225	256	199	163
MAPK12	192	179	234	221	192	155
MAPK11	40	46	35	52	31	35
PLXNB2	3836	3085	4037	3595	3069	2491
DENND6B	47	51	57	58	51	37
PPP6R2	608	485	652	597	523	399
LOC101928756	3	1	2	1	0	0
SBF1	1254	1059	1393	1088	1059	764
ADM2	41	39	44	51	27	34
MIOX	0	0	0	2	0	1
LMF2	470	445	501	497	423	349
NCAPH2	678	684	777	710	602	522
SCO2	0	3	2	1	3	1
TYMP	173	143	161	71	76	62
ODF3B	40	47	31	16	28	13
LOC102724608	1	3	1	0	0	0
KLHDC7B	2	1	0	0	0	0
SYCE3	3	0	3	3	6	0
CHKB-CPT1B	0	0	0	0	0	0
CPT1B	7	5	3	3	6	0
CHKB	1	0	2	1	4	0
CHKB-AS1	12	19	17	18	7	11
LOC101928825	10	2	8	5	5	4
MAPK8IP2	14	18	27	10	15	17
ARSA	129	111	105	104	78	100
SHANK3	149	150	182	179	127	100
LOC101928892	0	0	0	0	0	0
ACR	0	0	0	1	1	1
RPL23AP82	60	42	59	71	59	44
RABL2B	113	128	119	122	79	99
LOC102724681	1	1	4	4	2	0
LOC102724151	0	0	0	0	0	0
LOC102724197	0	0	1	0	0	0
LOC102724464	0	0	0	0	0	0
AC011718.2	0	0	0	0	0	0
LOC102724621	156	64	175	135	155	45
LOC102724713	0	0	0	0	0	0
LOC102724844	0	0	0	0	0	0
LOC102724865	0	0	0	1	0	0
LOC102724728	0	0	0	0	0	0
LOC102724751	19	18	17	13	18	6
LOC729444	0	0	0	0	0	0
LOC102724770	6	12	3	10	6	7
LOC102724788	9	7	1	1	3	10
PLCXD1	0	0	0	0	0	0
GTPBP6	0	0	0	0	0	0
LINC00685	0	0	0	0	0	0
PPP2R3B	0	0	0	0	0	0
LOC102723840	0	0	0	0	0	0
SHOX	0	0	0	0	0	0
CRLF2	0	0	0	0	0	0
CSF2RA	0	0	0	0	0	0
MIR3690	0	0	0	0	0	0
IL3RA	0	0	0	0	0	0
LOC101928055	0	0	0	0	0	0
SLC25A6	0	0	0	0	0	0
ASMTL-AS1	0	0	0	0	0	0
ASMTL	0	0	0	0	0	0
P2RY8	0	0	0	0	0	0
AKAP17A	0	0	0	0	0	0
ASMT	0	0	0	0	0	0
DHRSX	0	0	0	0	0	0
LOC101928070	0	0	0	0	0	0
ZBED1	0	0	0	0	0	0
LOC101928092	0	0	0	0	0	0
MIR6089-1	0	0	0	0	0	0
CD99P1	0	0	0	0	0	0
LINC00102	0	0	0	0	0	0
CD99	2	2	1	4	1	3
XG	0	0	0	0	0	0
GYG2	23	14	19	27	23	17
ARSD	633	561	641	683	613	580
ARSE	0	0	1	0	0	0
ARSH	3	1	3	2	2	0
ARSF	0	0	0	0	0	0
CXorf28	0	4	1	0	2	3
MXRA5	122	129	108	53	66	53
PRKX	412	368	433	443	369	312
LOC389906	116	110	153	143	110	97
TRNAI7	0	0	0	0	0	0
LOC441528	52	46	60	54	34	35
TRNAI3	0	0	0	0	0	0
LOC729162	11	7	13	12	14	6
TRNAI26	0	0	0	0	0	0
RP11-707P20.1	0	0	0	0	0	0
LOC101928228	0	0	0	0	0	0
NLGN4X	0	0	0	0	0	0
MIR4770	0	0	0	0	0	0
VCX3A	4	2	0	4	5	1
LOC101928246	5	5	2	1	0	1
HDHD1	258	255	326	312	261	188
MIR4767	0	0	0	0	0	0
STS	3	0	2	1	3	3
VCX	13	5	18	10	10	8
PNPLA4	1066	941	1183	1119	1039	860
MIR651	0	0	0	0	0	0
VCX2	0	1	0	0	0	0
LOC101928275	2	1	1	2	4	1
VCX3B	0	5	5	4	4	3
KAL1	28	22	21	25	32	26
FAM9A	0	0	0	0	0	0
FAM9B	0	0	0	0	0	0
LOC102724044	0	0	0	1	0	0
TBL1X	517	493	628	408	355	282
GPR143	10	3	17	9	8	10
SHROOM2	294	277	349	255	231	179
LOC100288814	0	0	0	1	2	1
WWC3	833	634	804	889	835	669
CLCN4	105	60	119	93	108	80
MID1	1016	842	1139	946	892	679
MID1_1	52	38	34	33	50	28
HCCS	1349	1162	1512	1517	1320	1201
ARHGAP6	1966	1721	2059	1854	1709	1329
AMELX	0	0	0	0	0	0
MIR548AX	0	0	0	0	0	0
MSL3	1693	1279	1605	1515	1340	1135
FRMPD4	0	0	0	0	1	0
PRPS2	4618	4128	5050	4296	3831	3018
TLR7	0	0	1	2	0	0
TLR8-AS1	0	0	0	0	0	0
TLR8	0	0	0	1	0	1
TMSB4X	12261	11344	14039	11946	10165	8166
FAM9C	0	0	0	5	2	4
GS1-600G8.3	0	0	1	0	0	0
ATXN3L	0	0	0	0	0	0
RP11-142G7.2	0	2	0	0	0	0
EGFL6	0	0	0	0	4	1
MIR6086	0	0	0	0	0	0
LOC645769	1	1	2	1	1	0
TCEANC	51	27	56	33	50	26
RAB9A	476	386	576	511	433	349
TRAPPC2	593	419	602	558	475	394
OFD1	1218	1026	1185	1251	1121	1010
GPM6B	74	55	82	67	58	38
GEMIN8	353	261	337	286	240	191
GLRA2	7	0	3	4	3	1
FANCB	667	537	726	685	587	530
MOSPD2	1952	1648	1902	1908	1777	1438
LOC102724092	1	0	0	2	0	6
ASB9	163	131	166	170	155	132
ASB11	0	0	0	0	0	0
PIGA	524	382	516	490	407	310
PIR-FIGF	2	0	3	0	0	0
FIGF	0	1	2	0	4	0
PIR	150	124	133	126	111	96
BMX	0	2	2	1	3	1
ACE2	186	137	121	87	86	82
TMEM27	133	133	90	75	94	69
CA5BP1	169	114	170	166	147	109
CA5B	130	115	160	171	124	106
LOC102724108	1	0	5	3	1	1
INE2	0	0	0	0	0	0
ZRSR2	383	308	396	398	363	303
AP1S2	685	594	689	634	600	442
GRPR	6	5	3	10	7	3
LOC102724124	4	3	2	2	0	3
MAGEB17	0	0	0	0	0	0
CTPS2	1220	1078	1233	1227	1103	928
MIR548AM	2	0	0	0	1	0
S100G	2	0	0	0	0	0
SYAP1	4194	3462	4584	4741	4056	3424
TXLNG	2099	1795	2306	2146	1949	1674
RBBP7	9929	8849	11197	9733	8607	7433
REPS2	560	451	562	525	534	432
NHS	595	506	682	644	570	445
MIR4768	0	0	0	0	0	0
LOC101928389	0	0	1	0	3	0
NHS-AS1	0	2	0	0	0	0
SCML1	1097	944	1138	1137	923	794
RAI2	12	6	16	17	28	11
BEND2	0	1	0	2	0	2
SCML2	619	537	728	651	678	511
CDKL5	596	460	551	708	677	573
RS1	0	0	0	0	1	0
TRNAV19	1	0	1	1	0	0
PPEF1	6	2	1	5	5	4
PHKA2-AS1	4	4	3	7	9	6
PHKA2	1134	984	1175	1132	1018	760
LOC101928415	21	9	5	12	8	7
GPR64	89	68	83	93	76	74
PDHA1	4547	3901	4954	4531	3961	3320
MAP3K15	13	16	12	16	12	9
SH3KBP1	1017	963	1091	873	793	645
CXorf23	466	390	495	476	478	366
LOC729609	0	1	0	0	0	0
MAP7D2	16	7	9	20	11	14
MIR23C	0	0	1	0	0	0
EIF1AX	8337	7389	9302	8810	7815	6324
SCARNA9L	38	9	34	35	31	27
RPS6KA3	4925	4468	5484	4702	4421	3621
LOC102724166	0	0	0	0	0	0
CNKSR2	0	0	0	0	0	0
KLHL34	0	0	0	0	0	0
SMPX	0	0	0	0	0	0
MBTPS2	2431	2284	2654	2352	2232	1745
YY2	105	116	131	100	96	106
SMS	9157	7975	10372	9984	8948	7215
PHEX	170	161	194	143	116	92
PHEX-AS1	0	0	0	1	0	0
RP11-40F8.2	0	0	0	0	0	0
ZNF645	0	0	0	0	0	0
DDX53	0	0	0	0	0	0
PTCHD1	6	1	9	1	3	4
PRDX4	2550	2241	2811	2538	2232	1800
ACOT9	1653	1550	2071	2035	1643	1362
SAT1	1496	1309	1616	2030	1816	1647
APOO	514	458	635	444	423	386
CXorf58	19	13	11	13	16	14
KLHL15	974	836	1090	1020	921	774
EIF2S3	19340	16546	21009	19107	17044	13760
ZFX-AS1	3	1	5	6	1	2
ZFX	2919	2376	3037	2807	2634	2199
SUPT20HL2	0	0	0	0	0	0
SUPT20HL1	0	0	0	0	0	0
PDK3	3552	3263	3977	4033	3873	3073
PCYT1B	11	13	8	10	10	11
POLA1	3128	2610	3207	3110	2706	2352
SCARNA23	0	1	3	1	1	3
ARX	4	3	12	15	7	5
MAGEB18	0	0	0	0	0	0
MAGEB6	0	0	0	0	0	0
MAGEB5	0	0	0	0	0	0
VENTXP1	0	0	0	0	0	0
SMEK3P	0	0	0	0	0	0
LOC101928481	0	0	0	0	0	0
DCAF8L2	0	0	0	0	0	0
MAGEB10	0	0	0	0	0	1
DCAF8L1	0	0	0	0	0	0
MIR6134	0	0	0	0	0	0
IL1RAPL1	0	0	2	0	1	1
MIR4666B	0	0	0	0	0	0
MAGEB2	0	0	0	0	0	0
MAGEB3	0	0	1	0	0	0
MAGEB4	0	0	0	0	0	0
MAGEB1	0	0	0	0	0	0
NR0B1	0	0	0	1	0	0
CXorf21	0	0	0	0	0	0
GK	173	128	213	141	126	108
TAB3	3444	2845	3616	3373	3177	2721
FTHL17	0	0	0	0	0	0
DMD	612	567	640	525	417	336
MIR3915	0	0	0	0	0	0
MIR548F5	0	0	0	0	0	0
FAM47A	0	0	0	0	0	0
TMEM47	76	65	70	92	66	78
FAM47B	0	0	0	0	0	0
MAGEB16	0	0	0	0	0	0
CXorf22	0	0	1	0	1	0
LOC101928564	0	0	0	1	0	0
LOC101928593	0	0	0	0	0	0
CHDC2	0	0	0	0	0	0
CXorf30	5	1	7	4	8	4
RP11-87M18.2	0	0	0	0	0	0
LOC101928761	0	0	0	0	0	0
FAM47C	0	0	0	0	0	0
FTH1P18	0	0	0	0	0	0
PRRG1	1175	968	1234	1150	1130	859
LANCL3	46	50	54	35	41	40
XK	278	244	347	309	289	227
CYBB	20	21	21	20	29	20
DYNLT3	1315	1126	1349	1326	1257	970
CXorf27	0	0	0	0	0	0
SYTL5	6	3	1	8	7	5
MIR548AJ2	0	0	0	0	0	0
SRPX	73	80	67	79	54	52
RPGR	341	292	364	315	248	223
OTC	0	0	0	0	0	0
TSPAN7	118	97	101	74	76	61
MID1IP1	1491	1328	1696	1414	1161	926
RP11-265P11.2	0	0	0	0	0	0
RP11-157D23.1	0	0	0	0	0	0
MIR3937	0	0	0	0	0	0
MIR1587	0	0	0	0	0	0
BCOR	1011	900	1282	1044	939	737
LOC102724413	8	9	9	5	6	2
RP11-320G24.1	2	2	1	2	1	3
ATP6AP2	3254	2752	3405	3390	3128	2668
MPC1L	0	0	0	0	0	0
CXorf38	662	635	793	710	596	570
MED14	2486	2128	2674	2607	2285	1892
LOC100132831	0	0	0	1	0	2
USP9X	7391	6541	8364	7542	7033	5761
LOC102724302	0	0	0	0	1	0
DDX3X	15081	12904	16150	14848	13586	11098
NYX	0	0	0	0	0	0
CASK	1772	1446	1656	1578	1345	1195
GPR34	0	1	1	0	1	2
GPR82	1	0	1	0	0	0
PPP1R2P9	0	0	0	0	0	0
RP3-326I13.1	0	0	0	0	0	0
MAOA	12	17	1	25	19	25
MAOB	32	33	38	29	27	28
NDP	0	0	0	0	0	0
EFHC2	9	12	11	12	10	5
FUNDC1	375	349	418	414	394	321
DUSP21	0	0	0	0	0	0
KDM6A	1634	1324	1598	1444	1386	1042
CXorf36	0	0	0	0	1	0
RP11-245M24.1	2	0	0	1	0	4
LOC392452	0	0	0	0	0	1
MIR221	18	16	6	9	6	4
MIR222	1	0	0	0	2	0
FLJ25917	13	9	25	13	11	11
LINC01186	59	44	60	53	26	27
KRBOX4	158	130	171	158	158	126
ZNF674	80	73	116	97	82	56
ZNF674-AS1	55	54	93	54	47	44
CHST7	105	119	112	110	127	86
SLC9A7	1815	1540	2090	1888	1771	1231
RP2	500	415	519	537	488	396
CXorf31	0	2	4	3	5	2
JADE3	749	638	890	714	607	581
RGN	4	0	0	4	0	1
NDUFB11	1111	1074	1414	1336	1131	959
RBM10	2533	2199	2854	2469	2152	1739
UBA1	8105	6922	9018	8382	7394	6048
INE1	6	8	20	12	12	11
CDK16	3514	2940	3905	3264	3020	2496
USP11	2502	2179	2833	2777	2388	1971
ZNF157	2	8	6	4	6	3
SNORA11C	0	0	0	0	0	0
ZNF41	356	297	341	379	335	262
ARAF	1216	1066	1310	1124	1058	914
SYN1	2	0	3	2	6	8
TIMP1	651	653	731	952	784	693
MIR4769	0	0	0	0	0	0
CFP	4	3	4	4	3	4
ELK1	1182	1028	1259	1116	1035	760
UXT	402	353	439	417	406	291
UXT-AS1	6	1	5	1	3	3
CXXC1P1	0	0	0	0	0	0
LOC441493	1	1	0	0	0	0
ZNF81	317	273	341	379	315	273
ZNF182	307	253	295	304	249	199
SPACA5	1	0	0	0	0	0
ZNF630	70	59	84	67	83	64
SSX6	0	0	0	0	0	0
SPACA5B	0	0	0	0	0	0
SSX5	0	0	0	0	0	0
SSX1	0	0	0	1	0	0
SSX9	0	0	0	0	0	0
SSX3	0	0	0	0	0	0
SSX4	0	0	0	0	0	0
SSX4B	0	0	0	0	0	0
SLC38A5	3	1	3	0	1	1
FTSJ1	2853	2480	3233	2902	2555	2030
LOC101927635	11	10	6	7	5	5
PORCN	477	424	605	530	430	373
EBP	3128	2730	3355	3464	2947	2420
TBC1D25	473	453	505	465	407	347
RBM3	11505	10208	13275	11500	10529	9321
WDR13	1005	817	1055	1042	814	749
WAS	7	9	10	15	13	6
SUV39H1	1046	1021	1174	1084	893	788
GLOD5	1	0	2	0	1	0
GATA1	2	2	0	2	5	3
HDAC6	1574	1248	1640	1445	1296	975
ERAS	1	2	0	2	3	1
PCSK1N	66	63	53	65	56	45
TIMM17B	759	658	892	853	698	557
PQBP1	2157	1735	2177	2266	1976	1789
SLC35A2	1513	1423	1792	1712	1448	1164
PIM2	483	363	557	506	468	385
OTUD5	3221	2676	3353	3069	2672	2310
KCND1	59	54	70	109	77	63
GRIPAP1	1900	1595	1962	2005	1724	1515
TFE3	2279	1987	2601	2338	2119	1778
CCDC120	1450	1418	1612	1676	1474	1158
PRAF2	509	346	478	503	405	353
WDR45	650	515	716	735	647	499
GPKOW	1204	1018	1281	1218	1040	823
MAGIX	43	45	57	71	63	24
PLP2	3839	3435	4347	4098	3552	2933
PRICKLE3	895	682	1016	852	691	553
SYP	15	18	26	17	26	14
SYP-AS1	2	0	0	0	1	0
CACNA1F	13	13	16	26	15	16
CCDC22	577	520	640	544	528	396
FOXP3	16	10	17	27	17	14
PPP1R3F	397	353	441	406	364	352
LOC102724400	9	11	15	19	18	10
LOC102724473	0	2	1	2	2	1
GAGE12J	0	0	0	0	0	1
GAGE2C	0	0	0	0	0	0
GAGE12I	0	0	0	0	0	0
GAGE12C	0	0	0	0	0	0
GAGE12D	0	0	0	0	0	0
GAGE12E	0	0	0	0	0	0
GAGE2E	0	0	0	0	0	0
GAGE12G	0	0	0	0	0	0
GAGE12H	0	0	0	0	0	0
GAGE2A	0	0	0	0	0	0
GAGE1	2	0	0	0	0	0
PAGE1	0	0	0	0	0	0
PAGE4	0	0	0	0	1	0
USP27X-AS1	43	38	52	31	38	30
USP27X	259	206	272	272	228	161
CLCN5	420	404	474	443	361	272
MIR188	0	0	0	0	0	0
MIR500A	0	0	0	0	0	0
MIR362	0	0	0	0	0	0
MIR501	0	0	0	0	0	0
MIR500B	0	0	0	1	0	0
MIR660	0	0	0	0	0	0
MIR502	0	0	0	0	1	0
AKAP4	0	0	0	0	0	0
CCNB3	43	35	59	47	46	28
DGKK	0	0	0	0	0	0
SHROOM4	0	0	2	2	3	1
BMP15	0	0	0	0	0	0
RP11-104D21.3	0	0	0	0	0	2
NUDT10	1	0	2	1	3	2
CXorf67	0	0	0	0	0	0
NUDT11	213	169	204	151	127	111
LOC102723426	0	0	0	0	0	0
CENPVP2	0	0	0	0	0	0
CENPVP1	0	0	0	0	0	0
GSPT2	5	14	10	7	7	4
MAGED1	1783	1555	1962	1884	1652	1336
LOC401589	0	0	0	0	0	0
MAGED4B	0	0	0	0	0	0
SNORA11E	0	0	0	0	0	0
MAGED4	0	0	0	0	0	0
SNORA11D	0	0	0	0	0	0
LOC100129860	0	0	0	0	0	0
MIR8088	0	0	0	0	0	0
LOC102723491	0	0	0	0	0	0
XAGE2	0	0	0	0	0	0
XAGE1B	0	0	0	0	0	0
XAGE1E	0	0	0	0	0	0
SSX8	0	0	0	0	0	0
SSX7	0	0	0	0	0	0
SSX2	0	0	0	0	0	0
SSX2B	0	0	0	0	0	0
SPANXN5	0	0	0	0	0	0
XAGE5	0	0	0	0	1	0
XAGE3	0	0	0	2	0	0
FAM156B	8	9	5	6	3	4
FAM156A	13	6	7	5	7	5
GPR173	223	198	252	215	208	147
TSPYL2	690	613	768	923	773	715
LOC102723508	6	3	9	6	2	2
KDM5C	3297	2778	3446	3244	2756	2220
MIR6895	1	0	0	0	0	0
MIR6894	0	0	0	0	0	2
IQSEC2	133	133	136	130	108	109
SMC1A	8040	6448	7997	7746	7058	5889
MIR6857	0	0	0	0	0	0
RIBC1	4	11	5	12	6	7
HSD17B10	1394	1098	1568	1533	1302	1032
HUWE1	15010	13249	16446	14943	13931	11451
MIR98	1	1	0	0	0	1
MIRLET7F2	0	0	0	0	0	0
PHF8	2210	1768	2230	2281	2065	1604
FAM120C	638	568	660	605	580	531
WNK3	62	43	44	83	68	61
TSR2	2022	1703	2128	1997	1722	1540
FGD1	1420	1221	1576	1432	1251	1015
GNL3L	5789	4551	6196	5816	5207	3796
ITIH6	2	7	7	5	1	9
MAGED2	3204	2576	3506	3080	2846	2273
SNORA11	3	4	1	3	0	4
TRO	244	215	262	259	211	193
PFKFB1	86	70	102	103	85	84
APEX2	951	792	1000	1000	916	653
ALAS2	1	2	1	0	0	0
PAGE2B	0	0	0	0	4	0
PAGE2	0	0	0	0	0	0
FAM104B	206	202	201	197	132	150
MTRNR2L10	27	28	25	44	24	36
PAGE5	0	0	0	0	0	0
PAGE3	0	0	0	0	0	0
MIR4536-1	0	0	0	0	0	0
MAGEH1	159	117	158	167	159	113
USP51	197	177	219	194	219	159
LOC101928692	1	0	3	4	3	1
FOXR2	0	0	0	0	0	0
XAGE-4	0	0	0	0	0	0
RRAGB	0	0	0	0	0	0
KLF8	0	0	0	0	0	0
UBQLN2	0	0	0	0	0	0
LOC550643	0	0	0	0	0	0
UQCRBP1	22	46	32	29	23	53
SPIN3	0	0	0	0	0	0
SPIN2B	0	0	0	0	0	0
SPIN2A	0	0	0	0	0	0
FAAH2	0	0	0	0	0	0
ZXDB	0	0	0	0	0	0
ZXDA	0	0	0	0	0	0
SPIN4	1178	881	935	1093	1034	761
LOC92249	836	735	887	878	733	547
ARHGEF9	483	394	464	487	442	383
MIR1468	0	0	0	0	0	0
AMER1	366	315	375	273	232	159
ASB12	1	0	3	1	2	1
MTMR8	29	16	37	20	32	13
ZC4H2	0	0	0	0	0	0
ZC3H12B	18	17	26	20	18	11
LAS1L	1101	1019	1267	1142	1010	865
FRMD8P1	5	5	3	7	1	2
MSN	9043	7881	10199	9276	8600	7008
MIR223	0	0	0	0	0	0
VSIG4	0	0	0	0	0	0
HEPH	0	0	0	0	0	0
EDA2R	0	0	0	0	0	0
AR	17	13	11	4	6	7
OPHN1	226	166	199	192	196	153
YIPF6	1976	1699	2084	2305	2110	1775
STARD8	34	29	38	51	33	41
EFNB1	1821	1636	1990	1797	1573	1251
LOC102723911	0	2	4	5	3	2
PJA1	627	600	698	680	591	489
LINC00269	0	0	0	0	0	0
FAM155B	112	69	107	56	62	45
EDA	42	38	31	19	24	20
MIR676	0	0	0	0	0	0
AWAT2	0	0	0	0	0	0
OTUD6A	0	0	0	0	0	0
IGBP1	855	745	923	805	747	692
DGAT2L6	0	0	0	2	0	0
AWAT1	0	0	0	0	0	0
P2RY4	1	0	1	1	0	1
ARR3	12	2	6	4	15	4
RAB41	13	4	0	5	14	6
PDZD11	797	696	878	900	751	628
KIF4A	2225	1770	2298	2021	1829	1553
GDPD2	2	4	2	2	4	1
DLG3	1396	1196	1450	1252	1172	1014
DLG3-AS1	1	3	4	7	1	0
TEX11	0	1	2	0	1	1
SLC7A3	0	0	0	0	0	0
SNX12	1650	1385	1742	1659	1489	1142
FOXO4	169	152	152	131	121	92
CXorf65	0	0	0	0	0	0
IL2RG	4	2	1	3	4	4
MED12	1133	1016	1228	1405	1201	1015
NLGN3	12	11	23	18	16	16
GJB1	0	0	1	0	0	0
ZMYM3	1748	1445	1832	1833	1716	1291
NONO	12415	10437	12931	11764	10291	8975
ITGB1BP2	15	9	16	11	19	10
TAF1	2082	1684	2031	2158	1949	1748
INGX	0	0	0	0	0	0
OGT	4545	4142	5138	4736	4054	3505
ACRC	20	17	29	19	20	21
CXCR3	0	0	0	0	0	0
LOC101059915	0	0	0	1	0	1
LINC00891	0	0	0	0	0	0
CXorf49	0	0	0	0	1	0
CXorf49B	0	0	0	0	0	1
LOC100132741	0	0	0	0	0	0
NHSL2	25	32	33	42	35	40
RPS26P11	0	0	0	1	1	1
RGAG4	35	24	25	56	30	29
FLJ44635	9	13	10	10	6	15
PIN4	257	243	242	238	225	198
ERCC6L	907	710	1049	910	814	669
RPS4X	15378	13474	17404	15271	13302	10975
CITED1	15	14	15	9	4	6
HDAC8	558	474	624	586	499	464
PHKA1	788	732	878	773	700	605
RP1-172N19.2	0	0	0	1	3	2
FAM226B	0	0	0	1	0	0
DMRTC1B	0	0	0	0	0	0
LINC00684	0	0	0	0	0	0
DMRTC1	0	0	0	0	0	0
LINC00684_1	0	0	0	0	0	0
FAM226A	0	0	1	0	0	0
RP11-493K23.4	0	0	0	0	0	0
PABPC1L2B	0	0	0	0	0	0
PABPC1L2A	0	0	0	0	0	0
LOC101928380	0	0	0	0	0	0
NAP1L6	0	0	0	0	0	0
NAP1L2	66	57	71	45	51	34
CDX4	0	0	0	0	0	0
MAP2K4P1	6	10	10	15	4	15
CHIC1	268	250	288	309	317	250
TSIX	0	0	0	1	0	0
XIST	0	0	0	0	0	0
JPX	148	119	149	148	121	95
FTX	40	47	55	46	34	57
MIR421	3	1	3	3	2	0
MIR374B	0	0	0	0	0	0
MIR374C	0	0	0	0	0	0
MIR545	0	0	0	0	0	0
MIR374A	0	0	0	0	1	0
ZCCHC13	0	0	0	0	0	0
SLC16A2	23	29	29	37	37	32
RLIM	3901	3307	4196	3839	3589	2924
KIAA2022	2	0	2	0	0	0
ABCB7	693	609	712	668	587	495
UPRT	9	3	5	13	8	7
LOC646127	1	8	7	7	9	4
ZDHHC15	0	0	0	0	0	0
TTC3P1	44	27	38	54	43	47
MAGEE2	0	0	0	0	0	0
PBDC1	447	413	506	504	493	381
MAGEE1	12	14	7	9	9	5
LOC101928469	0	0	0	0	0	0
MIR384	0	0	0	0	0	0
MIR325	0	0	0	0	0	0
FGF16	0	0	0	0	0	0
ATRX	5218	4213	5222	5328	4901	4105
MAGT1	3828	3204	3994	4113	3862	3015
COX7B	1351	1195	1436	1358	1222	1153
ATP7A	496	376	480	430	444	322
PGAM4	44	58	51	37	56	60
PGK1	10144	8540	10980	9854	8741	7087
TAF9B	999	914	1146	969	917	672
CYSLTR1	0	0	0	0	0	0
ZCCHC5	0	0	0	0	0	0
LPAR4	0	0	0	0	0	0
MIR4328	0	0	0	0	0	0
P2RY10	0	0	0	0	0	0
GPR174	0	0	0	0	0	0
ITM2A	0	0	0	0	0	0
TBX22	0	0	0	0	0	0
CHMP1B2P	0	0	0	0	0	0
FAM46D	0	0	0	0	0	0
BRWD3	1982	1651	1962	1892	1674	1380
HMGN5	603	452	508	314	330	276
SH3BGRL	1074	954	1125	975	937	804
POU3F4	0	0	0	0	0	0
CYLC1	2	1	0	0	0	0
RPS6KA6	0	0	0	0	0	1
MIR548I4	0	0	0	0	0	0
HDX	0	0	0	0	0	0
UBE2DNL	0	0	0	0	0	0
APOOL	1085	888	1168	960	1044	847
SATL1	0	0	2	0	0	0
LOC101928128	2	0	1	0	1	1
ZNF711	356	290	337	283	247	199
POF1B	21	12	12	19	19	10
MIR1321	0	0	0	0	0	0
CHM	890	694	864	858	822	703
MIR361	0	0	0	0	0	0
DACH2	5	0	0	4	0	2
KLHL4	22	10	24	23	17	11
CPXCR1	0	0	3	2	3	1
LOC102724150	0	0	0	0	0	0
TGIF2LX	0	0	0	0	0	0
LOC102724167	0	0	0	0	0	0
PABPC5	0	0	0	0	0	0
PCDH11X	1	2	0	0	0	0
NAP1L3	135	113	131	180	132	133
FAM133A	6	7	12	4	8	11
MIR548M	0	0	0	0	0	0
LOC643486	0	0	0	0	0	0
DIAPH2	496	481	572	433	399	367
RPA4	1	2	0	2	2	0
LOC102724186	0	0	0	0	0	0
XRCC6P5	10	23	20	13	19	23
PCDH19	26	23	34	79	68	57
TNMD	0	0	0	0	0	0
TSPAN6	784	734	861	883	801	683
SRPX2	120	86	121	93	107	85
SYTL4	262	226	278	232	196	194
CSTF2	871	744	856	854	808	649
NOX1	12	12	18	25	22	13
XKRX	27	19	17	21	31	14
ARL13A	3	6	10	3	5	5
TRMT2B	493	439	565	514	433	353
TMEM35	0	0	0	0	0	0
CENPI	481	440	611	581	586	439
DRP2	20	14	15	26	15	14
TAF7L	5	10	13	14	12	11
TIMM8A	247	237	263	276	261	180
BTK	0	0	0	0	0	2
RPL36A-HNRNPH2	0	0	0	0	0	0
RPL36A	93	70	83	92	87	74
GLA	321	320	325	354	346	255
HNRNPH2	10	9	4	4	5	8
ARMCX4	41	29	48	59	43	42
ARMCX1	258	202	257	251	203	180
ARMCX6	283	294	307	302	293	250
ARMCX3	1034	863	1040	1100	1024	799
RNU6-30P	1	0	0	0	1	0
ARMCX2	80	59	63	81	80	54
LOC102724212	0	0	1	0	0	1
NXF5	0	0	0	0	0	0
ZMAT1	104	97	96	101	82	62
TCEAL2	0	2	4	0	1	0
TCEAL6	7	2	1	1	7	7
BEX5	115	107	138	140	123	115
TCP11X1	0	0	0	0	0	0
LOC102724239	0	0	0	0	0	0
NXF2	0	0	0	0	0	0
NXF2B	0	0	0	0	0	0
TCP11X2	0	0	0	0	0	0
TMSB15A	14	7	8	4	10	7
NXF4	0	0	0	0	1	0
ARMCX5	208	156	259	213	230	156
ARMCX5-GPRASP2	15	16	4	6	8	15
GPRASP1	15	11	23	18	20	16
GPRASP2	3	3	2	2	3	5
BHLHB9	243	167	234	213	171	178
LINC00630	89	96	104	103	76	63
RAB40AL	0	2	1	2	0	3
LOC102724276	5	5	11	9	11	1
LOC102724252	32	26	44	39	37	28
BEX1	4	1	0	2	2	0
NXF3	1	0	0	0	0	0
BEX4	43	13	30	38	33	34
TCEAL8	960	795	994	1078	864	755
TCEAL5	4	6	4	1	3	6
BEX2	165	157	199	181	166	169
TCEAL7	0	1	0	0	0	2
WBP5	1094	918	1074	1037	998	886
NGFRAP1	2746	2336	3002	2876	2528	2203
LOC100506901	27	44	53	28	24	22
LOC101928221	6	15	12	4	14	1
RAB40A	23	17	17	12	20	15
LOC102724311	0	0	0	0	0	0
LOC101928258	1	2	1	1	0	0
TCEAL4	1554	1187	1553	1484	1296	1310
TCEAL3	296	230	315	261	275	233
TCEAL1	331	232	317	303	272	237
MORF4L2	6965	5968	7656	6671	6214	5099
MORF4L2-AS1	19	18	14	8	10	9
GLRA4	0	0	0	0	0	0
TMEM31	1	0	0	0	1	2
LOC101928286	0	0	0	0	0	0
PLP1	0	1	0	1	0	0
RAB9B	54	75	71	95	64	60
TMSB15B	1	0	1	0	0	2
H2BFXP	0	1	0	2	2	1
H2BFWT	1	1	4	0	1	0
H2BFM	1	0	1	3	0	0
LOC101060236	0	0	0	0	1	0
SLC25A53	12	5	8	6	8	4
ZCCHC18	2	3	3	5	1	4
LOC286437	25	20	27	23	11	21
FAM199X	3316	2800	3529	3322	3210	2477
ESX1	0	2	1	1	1	0
IL1RAPL2	2	2	2	3	0	0
TEX13A	2	0	0	0	0	0
NRK	0	0	0	2	5	2
SERPINA7	0	0	0	0	0	0
MUM1L1	125	106	102	129	132	81
CXorf57	144	107	136	112	95	89
MIR548AN	2	2	4	1	0	1
RNF128	53	54	44	53	51	28
TBC1D8B	335	225	301	293	237	237
RIPPLY1	0	0	0	0	0	0
CLDN2	2	5	2	4	4	3
MORC4	985	909	1174	912	820	656
RBM41	791	675	814	773	733	587
NUP62CL	216	198	231	166	186	141
PIH1D3	0	0	0	0	2	1
FRMPD3	10	6	8	10	11	8
PRPS1	1286	1045	1356	1325	1230	994
TSC22D3	373	296	360	295	260	194
MID2	347	298	415	356	316	269
RP6-191P20.4	11	15	16	17	13	15
TEX13B	0	0	1	0	1	0
VSIG1	26	45	45	37	39	25
PSMD10	1475	1263	1576	1398	1243	1006
ATG4A	242	182	230	233	205	209
COL4A6	313	288	397	274	267	199
COL4A5	955	888	1068	960	919	763
IRS4	4	2	12	4	10	0
LOC101928358	0	0	1	1	1	1
MIR6087	0	0	1	1	1	0
GUCY2F	1	0	0	0	1	0
NXT2	648	687	710	720	629	468
KCNE1L	2	0	0	0	1	1
ACSL4	2798	2406	2962	2759	2526	2139
TMEM164	544	501	606	512	506	407
MIR652	0	0	0	0	0	0
MIR3978	0	0	0	0	0	0
LOC101928589	0	0	0	0	0	0
AMMECR1	1236	1133	1351	1248	1211	877
SNORD96B	0	0	0	0	0	0
RGAG1	3	1	7	5	7	4
TDGF1P3	0	0	0	0	0	0
CHRDL1	43	35	54	44	45	48
PAK3	43	21	42	42	29	31
CAPN6	0	2	11	5	1	4
DCX	1	0	0	0	2	0
LINC00890	0	0	0	0	0	0
ALG13	735	601	692	674	589	464
TRPC5	0	1	0	1	0	0
TRPC5OS	1	2	1	1	1	0
ZCCHC16	0	0	0	0	0	0
LHFPL1	10	5	9	13	9	5
AMOT	105	53	101	119	125	101
MIR4329	0	0	0	0	0	0
LOC101928437	0	0	0	0	0	0
LOC102724491	0	0	0	0	0	0
HTR2C	129	83	99	92	76	61
SNORA35	0	0	0	0	0	0
MIR764	0	0	0	0	0	0
MIR1912	0	0	0	0	0	0
MIR1264	0	0	0	0	0	0
MIR1298	0	0	0	0	0	0
MIR1911	0	0	0	0	0	0
MIR448	0	0	0	0	0	0
IL13RA2	1	0	0	0	0	0
LRCH2	0	2	0	2	0	0
RBMXL3	0	0	0	0	0	0
LUZP4	0	0	0	0	0	0
RP1-93I3.1	10	4	12	10	9	5
PLS3	11218	9756	12116	11301	10200	8309
AGTR2	0	0	0	0	0	1
SLC6A14	0	0	0	0	0	0
CT83	0	0	0	0	0	0
LOC100126447	0	0	0	0	0	0
KLHL13	718	559	722	596	501	415
WDR44	593	479	590	555	527	455
MIR1277	1	0	0	0	0	0
DOCK11	719	627	810	654	644	504
IL13RA1	2244	2029	2508	2186	2041	1737
ZCCHC12	0	3	3	6	1	7
RP4-562J12.2	0	0	0	0	0	0
LONRF3	111	92	107	135	105	68
KIAA1210	1	0	0	0	0	0
PGRMC1	8325	7466	9601	9251	8335	6871
LOC101928312	0	0	0	1	2	0
RP5-1139I1.1	1	1	0	6	4	4
SLC25A43	1751	1572	1789	1606	1539	1202
SLC25A5-AS1	110	102	100	110	81	62
SLC25A5	26287	23061	30593	26907	23436	19152
CXorf56	1988	1737	2249	2076	2020	1633
UBE2A	7085	5976	7427	7459	6631	5783
NKRF	2675	2226	2878	2564	2379	2002
SEPT6	1842	1577	2028	1803	1556	1254
MIR766	0	0	0	0	0	0
SOWAHD	7	15	9	13	15	12
RPL39	10606	10095	12748	11323	9735	8766
SNORA69	12	13	16	11	19	9
UPF3B	3206	2502	3266	3359	2959	2648
RNF113A	622	543	705	637	541	459
NDUFA1	3580	3086	3879	3648	3207	3018
AKAP14	3	2	1	2	4	3
NKAP	1026	844	1083	1031	871	753
LOC101928941	0	0	0	0	0	0
RHOXF2B	0	0	0	0	0	0
RHOXF1	1	0	0	0	0	1
LOC101928969	2	1	2	0	1	2
RHOXF2	0	0	0	0	0	0
NKAPP1	50	41	36	40	36	26
ZBTB33	4037	3497	4212	3684	3551	2882
TMEM255A	272	209	252	183	196	114
ATP1B4	0	2	0	1	0	0
LAMP2	11900	10224	12545	12033	10653	9145
CUL4B	8326	6743	8418	8168	7733	6040
MCTS1	3355	2750	3519	3421	2999	2661
C1GALT1C1	1458	1175	1469	1344	1207	989
CT47B1	0	0	0	0	0	0
CT47A12	0	0	0	0	0	0
CT47A11	0	0	0	0	0	0
CT47A10	0	0	0	0	0	0
CT47A9	0	0	0	0	0	0
CT47A8	0	0	0	0	0	0
CT47A7	0	0	0	0	0	0
CT47A6	0	0	0	0	0	0
CT47A5	0	0	0	0	0	0
CT47A4	0	0	0	0	0	0
CT47A3	0	0	0	0	0	0
CT47A2	0	0	0	0	0	0
CT47A1	0	0	0	0	0	0
GLUD2	67	82	57	73	59	71
MIR3672	0	0	0	0	0	0
LOC102723952	0	0	0	0	0	0
LOC101928359	0	0	0	0	0	0
GRIA3	0	0	0	1	3	2
THOC2	6217	5242	6366	5798	5364	4732
LOC102723417	0	0	0	0	2	0
LOC102723431	0	0	0	0	0	0
XIAP	7730	6386	7937	7687	7270	5543
LOC101928402	7	4	10	4	7	1
STAG2	12769	10923	13892	13039	12079	9903
LOC101928426	0	0	0	0	0	0
SH2D1A	0	0	0	0	0	0
TENM1	65	85	83	86	82	66
LOC100129520	0	0	0	0	0	1
RP11-13E5.2	5	2	14	7	3	3
DCAF12L2	0	0	0	0	0	0
DCAF12L1	0	0	0	0	0	0
CXorf64	0	0	0	0	0	0
ACTRT1	0	0	0	1	0	0
LOC101928522	0	0	1	0	0	0
SMARCA1	534	430	503	520	442	365
OCRL	4562	4273	5205	4765	4388	3437
APLN	12	7	10	16	18	16
XPNPEP2	0	0	0	2	1	0
SASH3	3	0	0	1	1	0
ZDHHC9	2818	2481	3098	2689	2406	2033
UTP14A	3445	2947	3837	3112	2948	2490
LOC101928549	7	9	2	6	6	3
BCORL1	1307	1107	1561	1583	1357	1184
ELF4	2590	2556	3166	2505	2264	1848
AIFM1	2657	2285	2919	2719	2483	2065
RAB33A	7	4	8	5	5	13
ZNF280C	1111	910	1229	1136	1016	818
SLC25A14	337	312	406	365	340	298
GPR119	0	0	0	0	0	0
RBMX2	1064	905	1112	1106	1019	874
FAM45B	15	27	22	20	11	25
ENOX2	1427	1152	1420	1317	1113	963
ARHGAP36	0	0	0	0	0	0
IGSF1	188	170	221	236	207	135
LOC102723546	105	76	97	77	66	63
OR13H1	1	0	1	1	2	0
FIRRE	126	123	135	154	109	88
MST4	3853	3226	4096	3800	3578	2709
FRMD7	0	0	0	1	0	3
RAP2C	1738	1495	1816	1706	1555	1343
RAP2C-AS1	31	17	21	25	26	22
MBNL3	3207	2786	3317	3097	3045	2423
HS6ST2	3651	3276	4202	3502	3171	2388
HS6ST2-AS1	0	1	0	0	0	1
USP26	0	0	0	0	0	0
TFDP3	2	4	3	4	4	8
GPC4	546	411	552	491	459	374
GPC3	25	26	25	33	19	24
MIR363	0	0	0	0	0	0
MIR92A2	0	0	0	0	0	0
MIR19B2	0	0	0	0	0	0
MIR20B	0	0	0	0	0	0
MIR18B	0	0	0	0	0	0
MIR106A	0	0	0	0	0	0
CCDC160	2	1	3	5	5	2
PHF6	4947	4089	5154	4775	4291	3606
HPRT1	4691	4073	5264	4562	3935	3400
MIR450B	0	0	0	0	0	0
MIR450A1	0	0	0	0	0	0
MIR450A2	0	0	0	0	0	0
MIR542	0	0	0	0	0	0
MIR503HG	8	12	17	24	11	9
MIR503	1	0	3	0	0	0
MIR424	0	0	0	0	0	0
LINC00629	17	18	14	10	14	5
PLAC1	29	27	42	30	28	24
FAM122B	2579	2232	2707	2742	2576	2160
FAM122C	83	80	74	102	46	73
MOSPD1	546	498	611	632	571	487
RP3-473B4.3	0	0	0	0	0	0
SMIM10	0	0	0	0	0	0
FAM127C	1	3	0	0	2	0
FAM127A	232	190	266	208	193	146
FAM127B	796	690	933	754	681	448
LINC00087	5	12	7	6	6	6
LINC00633	1	0	0	0	3	0
LOC100287728	1	0	0	0	0	0
CT55	2	1	4	2	5	3
LOC101805489	3	3	1	5	1	1
RP13-210D15.4	0	0	0	0	1	0
ZNF75D	261	203	236	212	206	186
ZNF449	210	208	273	208	176	152
LOC100506790	0	0	0	0	0	0
LINC00086	33	39	23	50	16	18
DDX26B	354	325	386	472	394	293
LOC644717	0	0	0	0	0	0
CT45A1	0	0	0	0	0	0
CT45A3	0	0	0	0	0	0
CT45A5	0	0	0	0	0	0
CT45A6	0	0	0	0	0	0
CT45A2	0	0	0	0	0	0
LOC101060211	0	0	0	0	0	0
LOC102723737	0	0	0	0	0	0
LOC102723680	0	0	0	0	0	0
LOC102723631	0	1	0	0	0	0
SAGE1	0	0	0	0	0	0
MMGT1	3058	2830	3355	3270	3167	2505
SLC9A6	1005	864	997	1011	844	738
FHL1	1000	968	1194	1004	846	662
MAP7D3	998	851	1172	1018	941	848
GPR112	0	2	1	1	2	0
BRS3	0	1	3	1	1	0
HTATSF1	4829	3929	5085	4486	4119	3544
VGLL1	168	122	156	226	241	203
MIR934	0	0	0	0	0	0
LINC00892	0	0	0	0	0	0
CD40LG	0	0	0	0	0	0
ARHGEF6	19	21	18	24	29	18
RBMX	12437	10235	13264	11520	10252	8714
LOC101928747	62	38	46	43	47	29
SNORD61	0	0	0	0	0	0
GPR101	0	1	0	0	0	0
ZIC3	0	0	0	0	0	0
LINC00889	0	0	0	0	0	0
FGF13	14	9	6	10	5	14
MIR504	0	0	0	0	0	0
FGF13-AS1	2	4	3	0	0	1
SRD5A1P1	6	11	8	12	9	11
F9	0	0	0	0	0	0
MCF2	1	0	1	1	0	3
ATP11C	1039	930	1197	943	775	719
MIR505	0	0	0	0	0	0
CXorf66	0	0	0	0	0	0
LOC389895	0	0	0	0	0	0
SOX3	0	0	0	0	0	0
LOC101928833	0	0	0	0	0	0
LINC00632	0	0	0	0	0	0
CDR1	0	0	0	0	0	2
MIR320D2	0	0	0	0	0	0
SPANXB1	0	1	0	0	0	0
LDOC1	527	429	595	606	445	375
LOC102723868	0	0	0	0	0	0
SPANXC	0	0	0	0	0	0
SPANXA2-OT1	5	1	2	3	4	2
SPANXA1	0	0	0	0	0	0
SPANXA2	0	0	0	0	0	0
LOC645188	1	0	0	0	0	0
SPANXD	0	0	0	0	0	0
MAGEC3	2	0	0	1	2	0
MAGEC1	0	0	0	0	0	1
MAGEC2	0	0	0	0	0	0
SPANXN4	0	0	0	0	0	0
SPANXN3	0	0	0	0	0	1
SLITRK4	0	4	1	0	0	0
SPANXN2	0	0	0	0	0	0
UBE2NL	22	39	28	18	41	37
SPANXN1	0	0	0	0	0	0
SLITRK2	0	0	0	0	0	0
TMEM257	0	0	0	0	0	0
MIR892C	0	0	0	0	0	0
MIR890	0	0	0	0	0	0
MIR888	0	0	0	0	0	0
MIR892A	0	0	0	0	0	0
MIR892B	0	0	0	0	0	0
MIR891B	0	0	0	0	0	0
MIR891A	0	0	0	0	0	0
LOC101928808	0	0	0	0	1	0
CXorf51B	0	0	0	0	0	0
CXorf51A	0	0	0	0	0	0
LOC101928832	0	0	0	0	0	0
MIR513C	0	0	0	0	0	0
MIR513B	0	0	0	0	0	0
MIR513A1	0	0	0	0	0	0
MIR513A2	0	0	0	0	0	0
MIR506	0	0	0	0	0	0
MIR507	0	0	0	0	0	0
MIR508	0	0	0	0	0	0
MIR514B	0	0	0	0	0	0
MIR509-2	0	0	0	0	0	0
MIR509-3	0	0	0	0	0	0
MIR509-1	0	0	0	0	0	0
MIR510	0	0	0	0	0	0
MIR514A1	0	0	0	0	0	0
MIR514A2	0	0	0	0	0	0
LOC101928863	0	0	0	0	0	0
MIR514A3	0	0	0	0	0	0
FMR1-AS1	1	3	3	2	1	0
FMR1	2414	2070	2499	2154	1983	1683
FMR1NB	0	0	0	1	0	0
AFF2	37	39	49	19	20	19
IDS	2038	1781	2124	2285	1986	1628
LINC00893	13	12	8	10	11	19
CXorf40A	121	113	130	127	112	112
LOC101928917	0	0	0	0	0	0
MAGEA9B	0	0	0	0	0	0
HSFX2	2	1	2	5	0	0
TMEM185A	340	317	427	362	309	251
MAGEA11	0	1	0	0	0	0
HSFX1	0	0	0	0	0	0
MAGEA9	2	0	1	2	1	3
LINC00850	0	0	0	0	0	0
MAGEA8-AS1	0	0	0	1	1	0
MAGEA8	12	7	8	4	3	8
CXorf40B	313	292	322	341	276	229
LOC101927685	6	3	1	1	2	0
LINC00894	29	13	28	18	14	18
MIR2114	0	0	0	0	0	0
MAMLD1	128	125	108	116	104	78
MTM1	475	396	462	441	488	352
MTMR1	1641	1286	1703	1718	1448	1161
CD99L2	152	150	177	183	173	142
HMGB3	2759	2246	3034	2573	2384	2036
MIR4330	0	0	0	0	0	0
GPR50	35	24	34	35	46	17
VMA21	2137	1788	2218	2051	1808	1372
PASD1	0	0	0	0	2	0
LOC101927918	0	0	0	0	0	0
PRRG3	3	2	4	7	8	5
FATE1	0	0	0	0	0	0
CNGA2	0	0	0	0	0	0
MAGEA4	7067	6161	7743	6766	6076	4810
GABRE	57	40	42	54	39	43
MIR224	2	0	0	1	0	0
MIR452	0	0	0	0	0	0
MAGEA10-MAGEA5	0	0	0	0	0	0
MAGEA5	0	0	0	0	0	0
MAGEA10	0	0	0	0	0	0
GABRA3	92	83	127	141	78	115
MIR105-1	0	0	0	0	0	0
MIR767	0	0	0	0	0	0
MIR105-2	0	0	0	0	0	0
GABRQ	47	38	37	72	46	58
MAGEA3	0	0	0	0	0	0
LOC102723547	0	0	0	0	0	0
MAGEA2B	0	0	0	0	0	0
CSAG1	4	1	1	0	0	0
MAGEA12	0	0	0	0	0	0
CSAG4	0	0	0	0	0	0
MAGEA2	0	0	0	0	0	0
CSAG3	7	2	2	0	0	0
MAGEA6	0	0	0	0	0	0
CETN2	1019	844	1151	1022	941	843
NSDHL	877	707	919	969	923	743
ZNF185	424	338	462	420	374	292
PNMA5	0	0	0	0	0	0
PNMA3	0	0	3	1	0	0
PNMA6A	8	11	12	11	9	7
MAGEA1	0	2	0	1	0	0
ZNF275	584	444	561	612	524	434
ZFP92	82	65	64	65	70	33
TREX2	7	7	11	2	6	4
HAUS7	344	312	397	320	275	212
BGN	1	3	0	2	2	0
ATP2B3	0	0	0	3	1	0
FAM58A	276	213	294	282	273	206
DUSP9	65	57	51	59	44	39
PNCK	0	1	3	1	1	1
SLC6A8	262	261	269	314	254	228
BCAP31	4043	3382	4077	4238	3750	3107
ABCD1	136	90	106	152	122	129
LOC102723591	0	0	0	0	0	0
PLXNB3	163	176	215	216	173	139
SRPK3	7	6	8	9	9	8
IDH3G	588	539	675	635	530	488
SSR4	1584	1550	1791	1865	1536	1268
PDZD4	29	30	28	30	21	19
L1CAM	233	140	243	237	211	183
LOC100996465	0	0	0	0	0	2
AVPR2	1	0	2	3	0	0
ARHGAP4	19	10	24	8	5	12
NAA10	1163	935	1251	1257	1084	885
RENBP	2	0	3	7	3	0
HCFC1	6366	5498	7123	6343	5577	4419
TMEM187	57	60	85	84	69	63
MIR3202-1	0	0	0	0	0	0
MIR3202-2	0	0	0	0	0	0
IRAK1	5647	5225	6790	5919	5336	4354
MIR718	0	0	0	1	0	0
MECP2	1714	1551	1896	1858	1679	1380
OPN1LW	0	0	0	0	0	0
OPN1MW	0	0	0	0	0	0
OPN1MW2	0	0	0	0	0	0
LOC101060233	0	0	0	0	0	0
TEX28	0	0	0	0	0	0
TKTL1	1	0	0	0	0	2
FLNA	102710	93909	121465	104997	92322	73203
EMD	2448	2143	2749	2618	2249	1767
RPL10	35465	31894	40190	34033	29586	23955
SNORA70	50	53	56	52	60	31
DNASE1L1	210	183	206	194	219	140
TAZ	621	489	593	557	451	391
LOC158960	28	26	38	33	28	19
ATP6AP1	3128	2668	3317	3328	2920	2335
GDI1	4937	4128	5270	5361	4615	3985
FAM50A	1315	1189	1533	1386	1224	1154
MIR6858	0	1	0	0	0	0
PLXNA3	1096	893	1092	1366	1056	859
LAGE3	185	189	248	213	208	179
UBL4A	1349	1236	1679	1262	1097	869
SLC10A3	1012	866	1096	1191	994	783
FAM3A	1382	1188	1402	1274	1123	989
G6PD	7679	6761	8697	7191	6311	5291
IKBKG	412	318	386	378	327	259
CTAG1A	0	0	0	0	0	0
CTAG1B	0	0	0	0	0	0
FAM223B	0	0	0	1	1	0
CTAG2	0	0	0	0	0	0
GAB3	0	1	1	2	0	3
DKC1	6759	6014	7736	6476	5830	4808
SNORA36A	0	0	0	0	0	0
MIR644B	0	0	0	0	0	0
SNORA56	0	0	0	0	0	0
MPP1	281	248	332	290	269	245
SMIM9	0	0	0	0	0	0
F8	527	447	501	487	444	374
H2AFB1	0	0	0	0	0	0
F8A1	391	352	418	404	337	327
MIR1184-1	0	0	0	0	0	0
FUNDC2	799	754	890	782	690	540
CMC4	192	164	201	170	168	127
MTCP1	100	62	107	88	57	69
BRCC3	2173	1824	2307	2203	2013	1615
VBP1	3984	3442	4329	4196	3727	3210
RAB39B	2	1	1	1	0	0
CLIC2	238	190	281	254	270	214
RP13-228J13.1	3	3	0	3	1	3
H2AFB2	0	1	0	0	0	0
F8A2	0	0	0	0	0	0
MIR1184-2	0	0	0	0	0	0
F8A3	2	3	0	2	1	1
MIR1184-3	0	0	0	0	0	0
H2AFB3	0	0	1	0	0	0
TMLHE-AS1	1	2	1	0	3	2
TMLHE	484	430	517	509	400	322
SPRY3	3	1	2	0	1	1
VAMP7	0	0	0	0	0	0
IL9R	0	0	0	0	0	0
PLCXD1_1	0	0	0	0	0	0
GTPBP6_1	0	0	0	0	0	0
LINC00685_1	0	0	0	0	0	0
PPP2R3B_1	0	0	0	0	0	0
LOC102724521	0	0	0	0	0	0
SHOX_1	0	0	0	0	0	0
CRLF2_1	0	0	0	0	0	0
CSF2RA_1	0	0	0	0	0	0
MIR3690_1	0	0	0	0	0	0
IL3RA_1	0	0	0	0	0	0
LOC101928055_1	0	0	0	0	0	0
LOC102724575	0	0	0	0	0	0
LOC101928032	0	2	0	0	0	0
SLC25A6_1	0	0	0	0	0	0
ASMTL-AS1_1	0	0	0	0	0	0
ASMTL_1	0	0	0	0	0	0
P2RY8_1	0	0	0	0	0	0
AKAP17A_1	0	0	0	0	0	0
ASMT_1	0	0	0	0	0	0
DHRSX_1	0	0	0	0	0	0
LOC101928070_1	0	0	0	0	0	0
ZBED1_1	0	0	0	0	0	0
LOC101927008	0	0	0	0	0	0
MIR6089-1_1	0	0	0	0	0	0
CD99P1_1	0	0	0	0	0	0
LINC00102_1	0	0	0	0	0	0
CD99_1	2	0	0	0	0	1
XGPY2	0	0	0	0	0	0
SRY	0	0	0	0	0	0
RPS4Y1	0	0	0	0	0	0
ZFY	1	7	7	7	3	3
LINC00278	0	0	0	0	0	0
TGIF2LY	0	0	0	0	0	0
PCDH11Y	0	0	0	1	0	0
LOC101928634	0	0	0	0	0	0
TTTY23B	0	0	0	0	0	0
TSPY2	0	0	0	0	0	0
TTTY1B	0	0	0	0	0	0
TTTY2B	0	0	0	0	0	0
TTTY21B	0	0	0	0	0	0
TTTY7	0	0	0	0	0	0
TTTY8B	0	0	0	0	0	0
AMELY	0	0	0	0	0	0
TBL1Y	0	0	0	0	0	0
PRKY	7	8	5	9	2	4
TTTY16	0	0	0	0	0	0
TTTY12	0	0	0	0	0	0
TTTY18	0	0	0	0	0	0
TTTY19	0	0	0	0	0	0
TTTY11	0	0	0	0	0	0
RBMY1A3P	0	0	0	0	0	0
TTTY20	0	0	0	0	0	0
TSPY4	0	0	0	0	0	0
TSPY8	0	0	0	0	0	0
TSPY3	0	0	0	0	0	0
FAM197Y5	0	0	0	0	0	0
TSPY1	0	0	0	0	0	0
FAM197Y4	0	0	0	0	0	0
FAM197Y2	0	0	0	0	0	0
TSPY10	0	0	0	0	0	0
RBMY3AP	0	0	0	0	0	0
TTTY8	0	0	0	0	0	0
TTTY7B	0	0	0	0	0	0
TTTY21	0	0	0	0	0	0
TTTY2	0	0	0	0	0	0
TTTY1	0	0	0	0	0	0
TTTY22	0	0	0	0	0	0
TTTY23	0	0	0	0	0	0
GYG2P1	0	0	0	0	0	0
TTTY15	0	0	0	0	0	0
USP9Y	1	5	2	13	1	0
DDX3Y	2	2	5	2	2	3
UTY	2	0	0	3	2	2
TMSB4Y	0	0	0	0	0	0
VCY	0	0	0	0	0	0
VCY1B	0	0	0	0	0	0
NLGN4Y	0	0	0	0	0	0
NLGN4Y-AS1	0	0	0	0	0	0
FAM41AY1	0	0	0	0	0	0
HSFY1	0	0	0	0	0	0
HSFY2	0	0	0	0	0	0
NCRNA00185	0	0	0	0	0	0
LOC102723889	0	0	0	0	0	0
TTTY14	0	0	0	0	0	0
BCORP1	0	0	0	0	0	0
LOC102723934	0	0	0	0	0	0
TXLNG2P	0	0	0	0	0	0
KDM5D	0	0	0	0	0	0
TTTY10	0	0	0	0	0	0
LOC101928633	0	0	0	0	0	0
EIF1AY	0	0	0	0	0	0
RPS4Y2	0	0	0	0	0	0
CYorf17	0	0	0	0	0	0
RBMY1B	0	0	0	0	0	0
RBMY1A1	0	0	0	0	0	0
RBMY1D	0	0	0	0	0	0
RBMY1E	0	0	0	0	0	0
AC007359.6	0	0	0	0	0	0
RBMY1F	0	0	0	0	0	0
LOC100652931	0	0	0	0	0	0
RBMY1J	0	0	0	0	0	0
DAZ1	0	0	0	0	0	0
LOC102723951	0	0	0	0	1	0
GOLGA2P2Y	0	1	0	0	0	0
DAZ4	0	0	0	0	0	0
LOC102724004	0	0	0	0	0	0
SPRY3_1	0	0	0	0	0	0
VAMP7_1	0	0	0	0	0	1
IL9R_1	0	0	0	0	0	0
LOC102724902	0	0	0	0	0	0
LOC389831	133	98	128	125	143	106
LOC283788	80	75	95	65	70	65
LOC100507395	3	0	2	0	0	0
LOC100507412	163	91	172	131	118	78
LOC101928318	23	17	31	14	11	12
RNA45S5	16	15	15	9	13	15
RNA18S5	0	0	0	0	0	0
RNA5-8S5	0	0	0	0	0	0
RNA28S5	0	0	0	0	0	0
LOC102723443	0	0	0	0	0	0
LOC101928428	0	1	0	0	0	0
LOC102723515	191	126	136	149	150	75
LOC100287610	0	1	3	0	0	1
LOC102723630	1	0	0	0	0	0
LOC100505874	1	0	0	1	1	2
LOC101927555	0	0	0	0	0	0
LOC100288966	0	0	0	0	0	0
LOC101928066	0	0	0	0	0	0
LOC102723347	1	0	0	3	3	1
LOC102723382	6	2	0	0	2	0
LOC642249	0	0	1	0	0	0
LOC102723408	0	0	1	0	1	0
LOC102723393	0	0	0	0	0	0
LOC102723433	0	0	0	0	0	0
LOC101929824	12	6	5	10	9	8
LOC101929819	4	9	3	14	10	16
LOC101060216	0	1	0	1	0	1
LOC102723580	51	27	34	47	33	19
LOC101930484	0	0	1	0	0	0
LOC100996316	0	0	0	0	0	0
LOC102723799	0	0	0	0	0	0
LOC102723822	0	1	0	0	0	0
LOC102723847	0	0	0	0	0	0
LOC100289026	0	0	0	0	0	0
LOC102723908	39	23	32	65	43	46
LOC102723891	6	0	0	1	0	0
LOC101927088	0	1	1	0	1	0
LOC100233156	90	98	114	95	72	74
LOC389834	115	117	109	126	100	102
PLCH2_1	0	1	0	0	0	0
PANK4_1	0	0	0	0	0	0
HES5_1	0	0	0	0	0	0
LOC115110_1	0	0	0	0	0	0
LOC100133445_1	0	0	0	0	0	0
TNFRSF14_1	0	0	0	0	0	0
RP3-395M20.9_1	0	0	0	0	0	0
FAM213B_1	0	0	0	0	0	0
MMEL1_1	0	0	0	0	0	0
TTC34_1	0	0	0	0	0	0
LOC101929067_1	0	0	0	0	0	0
PRAMEF25_1	0	0	0	0	0	0
HNRNPCP5_1	0	0	0	0	0	0
PRAMEF26_1	0	0	0	0	0	0
LOC101060301_1	0	0	0	0	0	0
PRAMEF9_1	0	0	0	0	0	0
PRAMEF13_1	0	0	0	0	0	0
PRAMEF18_1	0	0	0	0	0	0
PRAMEF5_1	0	0	0	0	0	0
PRAMEF8_1	0	0	0	0	0	0
TRNAN15_1	0	0	0	0	0	0
PPIAL4F_1	0	0	0	0	0	0
LOC101929826_1	0	0	0	0	0	0
INTS3_1	0	0	0	0	0	0
SLC27A3_1	0	0	0	0	0	0
GATAD2B_1	0	0	0	0	0	0
LOC100510710	3	1	1	2	3	3
MTX1_1	3	3	2	1	1	6
GBAP1_1	1	0	0	0	0	0
GBA_1	0	0	0	0	0	0
FAM189B_1	0	0	0	0	0	0
SCAMP3_1	0	0	0	0	0	0
CLK2_1	0	0	0	0	0	0
HCN3_1	0	0	0	0	0	0
PKLR_1	0	0	0	0	0	0
ATP6V1G3_1	0	0	0	0	0	0
PTPRC_1	0	0	0	0	0	0
RP11-261C10.3_1	0	0	0	0	0	0
CEP170_1	0	0	0	0	0	0
SDCCAG8_1	0	0	0	0	0	0
MIR4677_1	0	0	0	0	0	0
LOC102724256_1	0	0	0	0	0	0
AKT3_1	0	0	0	0	0	0
KIF26B_1	0	0	0	0	0	0
OR2T4_1	0	0	0	0	0	0
OR2T6_1	0	0	0	0	0	0
OR2T1_1	0	0	0	0	0	0
OR2T2_1	0	0	0	0	0	0
OR2T3_1	0	0	0	0	0	0
OR2T5_1	0	0	0	0	0	0
LINC01115_1	0	0	0	0	0	0
SNTG2_1	0	0	0	0	0	0
LOC102724988	0	0	0	0	0	0
SNTG2_2	0	0	0	0	0	0
LOC101927426_1	0	0	0	0	0	0
TPO_1	1	0	0	0	0	0
LOC102723717_1	0	0	0	0	0	0
TRAPPC12_1	0	0	0	0	0	0
LOC101927578_1	0	0	0	0	0	0
ADI1_1	0	0	0	0	0	0
CRIM1_1	0	0	0	0	0	0
LOC100288911_1	0	0	0	0	0	1
LOC102724983	2	1	3	5	2	2
C2orf27A_1	0	2	0	2	0	1
C2orf27B_1	1	1	1	0	1	0
KIF5C_1	0	0	0	0	0	0
NOSTRIN_1	9	3	4	8	4	7
SPC25_1	84	89	87	73	75	60
G6PC2_1	0	0	0	0	0	0
ABCB11_1	0	0	0	0	0	0
GAL3ST2_1	0	0	0	0	0	0
LOC101927206_1	0	0	0	0	0	0
NEU4_1	0	0	0	0	0	0
PDCD1_1	0	0	0	0	0	0
CXXC11_1	0	0	0	0	0	0
AC131097.3_1	0	0	0	0	0	0
LOC285095_1	0	0	0	0	0	0
AC131097.3_2	0	0	0	0	0	0
LOC102723927_1	0	0	0	0	0	0
FLJ38379_1	0	0	0	0	0	0
LOC728323_1	0	0	0	0	0	0
LOC101929530_1	4	4	2	6	1	10
TAMM41_1	2	2	0	0	1	6
AC107622.1_1	0	0	0	0	0	0
MIR548I1_1	0	0	0	0	0	0
AADACL2_1	0	0	0	0	0	0
RP11-454C18.2_1	8	0	1	0	0	0
DHX36_1	16	27	25	20	20	19
ARHGEF26_1	6	7	5	8	10	8
SDHAP2_1	0	0	0	0	0	0
LINC00969_1	0	0	0	0	0	0
MIR570_1	0	0	0	0	0	0
LOC102724930_1	0	0	0	0	0	0
MUC20_1	0	0	0	0	0	0
MUC4_1	55	66	65	62	60	57
BDH1_1	6	4	2	1	2	2
LOC100129516_1	0	0	0	0	0	0
LOC101927097	5	1	3	1	6	0
FAM157A_1	1	0	0	0	0	0
LOC102723643_1	0	0	0	0	0	0
ANKRD18DP_1	1	0	0	0	0	0
KCNIP4_1	0	0	0	0	0	0
YTHDC1_1	0	1	0	0	0	2
TMPRSS11E_1	0	0	0	0	0	0
UGT2B15_1	0	2	0	0	0	0
UGT2B10_1	0	0	0	0	0	0
UGT2A3_1	0	0	0	0	0	0
LOC101929773	0	0	0	0	0	0
ASIC5_1	0	0	0	0	0	0
TDO2_1	0	0	0	0	0	0
CTSO_1	0	0	0	1	0	0
LINC01060_1	0	0	0	0	0	0
LOC102723973_1	0	0	0	0	0	0
CEP72_1	1	1	0	0	0	1
RP11-310P5.1_1	0	0	0	0	0	0
LOC102724996	0	0	0	0	1	0
MIR4456_1	0	0	0	0	0	0
SLC9A3_1	0	0	0	0	0	0
LOC100506688_1	0	0	0	0	0	0
NKD2_1	0	0	0	0	0	0
SLC12A7_1	126	88	120	307	264	195
MIR4635_1	0	0	0	1	0	0
LPCAT1_1	16	39	21	26	23	26
SLC6A3_1	0	0	0	0	0	0
LOC100506791_1	0	0	0	0	0	0
CLPTM1L_1	52	97	60	94	85	98
LOC101928884_1	2	5	6	3	7	6
LOC101929645_1	0	0	0	0	0	0
CTD-2118P12.1_1	0	0	0	0	0	0
ADAMTS12_1	0	0	0	0	0	0
RXFP3_1	0	0	0	0	0	0
SLC45A2_1	0	0	0	0	0	0
MRPS36_1	3	4	2	3	6	4
CDK7_1	3	1	10	2	5	3
CCDC125_1	67	34	31	47	30	27
AK6_1	0	0	0	0	0	1
TAF9_1	0	0	2	0	1	0
RAD17_1	82	55	85	85	79	72
MARVELD2_1	79	60	61	59	57	59
LOC101928924_1	0	0	0	0	0	0
OCLN_1	4	1	1	2	1	2
GTF2H2C_1	4	1	1	2	1	0
NAIP_1	0	0	0	0	0	0
SMN1_1	3	8	9	8	3	7
SERF1A_1	1	0	2	0	0	0
SMA4_1	5	21	17	12	10	13
LOC102724995	2	1	0	0	0	2
LOC102724994	0	0	0	0	0	0
LOC100653061	5	6	10	2	11	7
LOC100272216_1	0	0	0	5	1	0
GTF2H2D	70	56	67	82	71	52
LOC647859_1	0	1	0	2	2	0
GUSBP9_1	2	2	4	0	0	1
LOC102724392_1	0	0	0	0	0	0
PMCHL2_1	0	0	0	0	0	0
BDP1_1	0	0	0	0	0	0
LOC101929035_1	0	0	0	0	0	0
MCCC2_1	0	0	0	0	0	0
RP11-257I8.2_1	0	0	0	0	0	0
LOC728554_1	0	0	0	0	0	0
RP11-423H2.3_1	3	2	4	0	1	5
PROP1_1	0	0	0	0	0	0
TRNAV18_1	0	0	0	0	0	0
TRNAR24_1	0	0	0	0	0	0
TRNAK29_1	0	0	0	0	0	0
TRNAA11_1	0	0	0	0	0	0
TRNAF8_1	0	0	0	0	0	0
TRNAF4_1	0	0	0	0	0	0
TRNAA19_1	0	0	0	0	0	0
TRNAF3_1	0	0	0	0	0	0
TRNAA34_1	0	0	0	0	0	0
TRNAA1_1	0	0	0	0	0	0
TRNAF5_1	0	0	0	0	0	0
TRNAA6_1	0	0	0	0	0	0
TRNAA10_1	0	0	0	0	0	0
TRNAF9_1	0	0	0	0	0	0
TRNAA13_1	0	0	0	0	0	0
LOC401242_1	0	0	0	0	0	0
TRNAA27_1	0	0	0	0	0	0
TRNAR9_1	0	0	0	0	0	0
TRNAL-CAA_1	0	0	0	0	0	0
HCG14_1	0	0	0	0	0	0
TRIM27_1	0	0	0	0	0	0
TRNAF7_1	0	0	0	0	0	0
TRNAE6_1	0	0	0	0	0	0
HCG16_1	0	0	0	0	0	0
HCG16_2	0	0	0	0	0	0
TRNAL17_1	0	0	0	0	0	0
ZNF311_1	0	0	0	0	0	0
LOC100129636_1	0	0	0	0	0	0
OR2W1_1	0	0	0	0	0	0
OR2B3_1	0	0	0	0	0	0
OR2J3_1	0	0	0	0	0	0
OR2J2_1	0	0	0	0	0	0
OR14J1_1	0	0	0	0	0	0
OR11A1_1	0	0	0	0	0	0
OR10C1_1	0	0	0	0	0	0
OR2H1_1	0	0	0	0	0	0
MAS1L_1	0	0	0	0	0	0
LINC01015_1	0	0	0	0	0	0
UBD_1	0	0	0	0	0	0
SNORD32B_1	0	0	0	0	0	0
OR2H2_1	0	0	0	0	0	0
GABBR1_1	20	20	24	22	16	12
MOG_1	0	0	0	0	0	0
ZFP57_1	0	0	0	0	0	0
HCG4_1	0	0	0	0	0	0
LOC554223_1	0	0	0	0	0	0
HLA-G_1	0	0	0	0	0	0
HLA-H_1	0	0	0	0	0	0
HCG4B_1	0	0	0	0	0	0
HLA-A_1	0	0	0	1	0	0
ZNRD1-AS1_1	0	0	0	0	0	0
HLA-J_1	0	0	0	0	0	0
HCG8_1	0	0	0	0	0	0
ZNRD1_1	0	0	0	0	0	0
PPP1R11_1	0	0	0	0	0	0
RNF39_1	0	0	0	0	0	0
TRIM31_1	0	0	0	0	0	0
TRIM40_1	0	0	0	0	0	0
TRIM10_1	0	0	0	0	0	0
TRIM15_1	0	0	0	0	0	0
TRIM26_1	0	0	0	0	0	0
HCG17_1	0	0	0	0	0	0
HCG18_1	0	0	0	0	0	0
TRIM39_1	0	0	0	0	0	0
TRIM39-RPP21_1	0	0	0	0	0	0
RPP21_1	0	0	0	0	0	0
GNL1_1	0	0	0	0	0	0
DHX16_1	0	0	0	0	0	0
PPP1R18_1	0	0	0	0	0	0
NRM_1	0	0	0	0	0	0
MDC1_1	0	0	0	0	0	0
TUBB_1	1	0	0	0	0	0
FLOT1_1	0	0	0	0	1	3
DDR1_1	0	0	0	0	0	0
MUC21_1	0	0	0	0	0	0
MUC22_1	0	0	0	0	0	0
HCG22_1	0	0	0	0	0	0
MICB_1	0	0	0	0	0	0
MCCD1_1	0	0	0	0	0	0
ATP6V1G2-DDX39B_1	0	0	0	0	0	0
DDX39B_1	0	0	0	0	0	0
SNORD117_1	0	0	0	0	0	0
TNF_1	0	0	0	0	0	0
LTB_1	0	0	0	0	0	0
LST1_1	0	0	0	0	0	0
NCR3_1	0	0	0	0	0	0
MSH5-SAPCD1_1	0	0	0	0	0	0
MSH5_1	0	0	0	0	0	0
SAPCD1_1	0	0	0	0	0	0
VWA7_1	0	0	0	0	0	0
VARS_1	0	0	0	0	0	0
LSM2_1	0	0	0	0	0	0
HSPA1L_1	0	0	0	0	0	0
HSPA1A_1	0	0	0	0	0	0
HSPA1B_1	23	28	23	21	9	23
C6orf48_1	1	0	0	0	1	0
SNORD48_1	0	0	0	0	0	0
SNORD52_1	0	0	0	0	0	0
NEU1_1	0	0	0	0	0	0
SLC44A4_1	0	0	0	0	0	0
EHMT2_1	0	0	0	0	0	0
TNXB_1	0	0	0	0	0	0
PRRT1_1	0	0	1	0	0	0
LOC100507547_1	1	0	0	0	0	0
PPT2_1	0	0	0	0	0	0
PPT2-EGFL8_1	0	0	0	0	0	0
EGFL8_1	0	0	0	0	0	0
AGPAT1_1	0	0	0	0	0	0
MIR6721_1	0	0	0	0	0	0
RNF5_1	0	0	0	0	0	0
MIR6833_1	0	0	0	0	0	0
AGER_1	0	0	0	0	0	0
PBX2_1	0	0	0	0	0	0
GPSM3_1	0	0	0	0	0	0
NOTCH4_1	0	0	0	0	0	0
C6orf10_1	0	0	0	0	0	0
HCG23_1	0	0	0	0	0	0
BTNL2_1	0	0	0	0	0	0
LOC101929163	0	0	0	0	0	0
HLA-DRB3	0	0	0	0	0	0
HLA-DQA2_1	0	0	0	0	0	0
MIR3135B_1	0	0	0	0	0	0
HLA-DQB2_1	0	0	0	0	0	0
HLA-DOB_1	0	0	0	0	0	0
TAP2_1	0	0	0	0	0	0
PSMB8_1	0	0	0	0	0	0
TAPSAR1_1	0	0	0	0	0	0
TAP1_1	0	0	0	0	0	0
PSMB9_1	0	0	0	0	0	0
LOC100294145_1	0	0	0	0	0	0
HLA-DMB_1	0	0	0	0	0	0
HLA-DMA_1	0	0	0	0	0	0
HLA-DPA1_1	0	0	0	0	0	0
HLA-DPB1_1	0	0	0	0	0	0
HLA-DPB2_1	0	0	0	0	0	0
SLC25A51P1_1	0	0	0	0	0	0
LOC100506851_1	0	0	0	0	0	0
THEMIS_1	0	0	0	0	0	0
PTPRK_1	4	4	9	3	3	1
RP11-103C16.2_1	0	0	0	0	0	0
TCTE3_1	0	0	0	0	0	0
ERMARD_1	0	0	0	0	0	0
LINC00242_1	0	0	0	0	0	0
LINC00574_1	0	0	0	0	0	0
FLJ38122_1	0	0	0	0	0	0
DLL1_1	0	0	0	0	0	0
FAM120B_1	0	0	1	0	2	0
MIR4644_1	0	0	0	0	0	0
LOC101929670_1	0	0	0	0	0	0
LOC101929891_1	0	0	0	0	0	0
LOC102723672_1	4	6	4	8	3	4
LOC100507642_1	9	9	5	2	5	4
FAM20C_1	0	0	0	0	0	0
DTX2_1	1	0	0	0	0	0
UPK3B_1	269	197	277	297	283	151
LOC102723555_1	0	0	1	0	0	2
LOC100133091_1	0	0	0	0	0	0
POMZP3_1	0	0	0	0	0	0
LOC102723781_1	0	0	0	0	0	0
DPY19L2P2_1	0	0	0	0	0	0
NAPEPLD_1	8	6	16	1	10	7
RPL19P12_1	4	9	16	3	10	9
ARMC10_1	9	10	6	4	8	4
AGK_1	0	0	0	0	0	0
KIAA1147_1	0	0	0	0	0	0
WEE2-AS1_1	0	0	0	0	0	0
WEE2_1	0	0	0	0	0	0
SSBP1_1	0	0	0	0	0	0
MGAM_1	0	0	0	0	0	0
LOC93432_1	0	0	0	0	0	0
TRY2P_1	0	0	0	0	0	0
MTRNR2L6_1	0	0	0	0	0	0
PRSS2_1	0	0	0	0	0	0
EPHB6_1	3	4	4	1	2	1
TRPV6_1	0	0	0	1	0	0
TRPV5_1	0	0	0	0	0	0
C7orf34_1	0	0	0	0	0	0
KEL_1	0	0	0	0	0	0
OR9A2_1	0	0	0	0	0	0
OR6V1_1	0	0	0	0	0	0
OR6W1P_1	0	0	0	0	0	0
CNTNAP2_1	5	4	3	5	8	3
ERICH1-AS1_1	0	0	0	0	0	0
LOC401442_1	0	0	0	0	0	0
ERICH1-AS1_2	0	0	0	0	0	0
LOC102723691_1	0	0	0	0	0	0
LOC286083_1	0	0	0	0	0	0
DLGAP2_1	0	0	0	0	0	0
RP11-666I19.2_1	0	0	0	0	0	0
MIR596_1	0	0	0	0	0	0
ARHGEF10_1	0	0	0	0	0	0
LOC100131395_1	0	0	0	0	0	0
LOC101928058_1	0	0	0	0	0	0
KBTBD11_1	0	0	0	0	0	0
MYOM2_1	20	24	24	17	22	11
MIR7160_1	0	0	0	0	0	0
RP11-378A12.1_1	0	0	0	0	0	0
RP11-134O21.1_1	0	0	0	0	0	0
FAM66B_1	0	0	0	0	0	0
USP17L1P_1	0	0	0	0	0	0
ZNF705G_1	0	0	0	0	0	0
DEFB4B_1	0	0	0	0	0	0
SPAG11B_1	0	0	0	0	0	0
DEFB104B_1	0	0	0	0	0	0
DEFB106B_1	0	0	0	0	0	0
DEFB105B_1	0	0	0	0	0	0
DEFB107B_1	0	0	0	0	0	0
PRR23D1_1	0	0	0	0	0	0
FAM90A7P_1	0	0	0	0	0	0
ADAM9_1	0	0	0	0	0	0
ADAM32_1	0	0	1	3	1	3
ADAM5_1	0	0	0	0	0	0
LOC100130964_1	0	0	0	0	0	0
ADAM18_1	0	0	0	0	0	0
ADAM2_1	0	0	0	0	0	0
RP11-513O17.2_2	0	0	0	0	0	0
RP11-513O17.2_3	0	0	0	0	0	0
RP11-513O17.3_1	0	0	0	0	0	0
LINC00588_1	0	0	0	0	0	0
LOC731779_1	0	0	0	0	0	0
GPR20_1	0	0	0	0	0	0
LOC101928037_1	0	0	0	0	0	0
PTP4A3_1	0	1	0	2	0	4
MROH5_1	0	0	0	0	0	0
MIR1302-7_1	0	0	0	0	0	0
LOC100133669_1	0	0	0	0	0	0
LY6E_1	0	0	0	0	0	0
C8orf31_1	0	0	0	0	0	0
LOC101928108_1	0	0	0	0	0	0
LY6H_1	0	0	0	0	0	0
ZC3H3_1	0	0	0	0	1	0
GSDMD_1	0	0	0	0	0	0
MROH6_1	0	0	0	0	0	0
NAPRT1_1	0	0	0	0	0	0
EEF1D_1	0	0	0	0	0	0
TIGD5_1	0	0	0	0	0	0
PYCRL_1	0	0	0	0	0	0
TSTA3_1	15	9	13	13	6	14
ZNF623_1	19	12	14	19	12	31
ZNF707_1	0	0	0	0	0	0
BREA2_1	0	0	0	0	0	0
CCDC166_1	0	0	0	0	0	0
LOC101928160_1	0	0	0	0	0	0
MAPK15_1	0	0	0	0	0	0
FAM83H_1	0	0	0	0	0	0
MIR4664_1	0	0	0	0	0	0
FAM83H-AS1_1	0	0	0	0	0	0
LOC101928220_1	0	0	0	0	0	0
SCRIB_1	0	0	0	0	0	0
MIR937_1	0	0	0	0	0	0
PUF60_1	0	0	0	0	0	0
LOC100996662_1	0	0	0	0	0	0
ZNF251_1	0	0	0	0	0	0
LOC101929802	0	0	0	0	0	0
APBA1_1	0	0	0	0	0	0
MAMDC2_1	1	2	0	2	0	0
MAMDC2-AS1_1	1	0	0	1	0	1
LPPR1_1	0	0	0	0	0	0
BAAT_1	0	0	0	0	0	0
LOC102724245_1	0	0	0	0	0	0
LOC101929180_1	0	0	0	0	0	0
PTCHD3_1	0	0	0	0	0	0
LOC101929373_1	0	0	0	0	0	0
OR13A1_1	0	0	0	0	0	0
ALOX5_1	0	0	0	0	0	0
LOC102724323_1	0	0	0	0	0	0
MARCH8_1	0	0	0	0	0	0
DLG5_1	0	0	0	0	0	0
LOC101929347_1	0	0	0	0	0	0
DLG5-AS1_1	0	0	0	0	0	0
PTDSS2_1	0	0	0	0	0	0
RNH1_1	0	0	0	0	0	0
LOC101059906_1	0	0	0	0	0	0
HRAS_1	0	0	0	0	0	0
LRRC56_1	5	4	9	6	13	10
C11orf35_1	8	10	16	11	13	18
RASSF7_1	30	13	21	19	27	17
MIR210HG_1	6	9	7	8	5	6
MIR210_1	0	0	0	0	0	0
LOC143666_1	0	1	0	2	0	2
PHRF1_1	35	39	51	25	56	18
IRF7_1	13	18	9	4	11	1
CDHR5_1	1	0	2	2	0	2
SCT_1	0	0	0	0	0	0
DRD4_1	1	2	3	2	0	2
DEAF1_1	0	3	0	1	5	0
DUSP8_1	0	0	0	0	0	0
LOC101927562_1	0	0	0	0	0	0
KRTAP5-AS1_1	0	0	0	0	0	0
KRTAP5-1_1	0	0	0	0	0	0
KRTAP5-2_1	0	0	0	0	0	0
KRTAP5-3_1	0	0	0	0	0	0
KRTAP5-4_1	0	0	0	0	0	0
KRTAP5-5_1	0	0	0	0	0	0
FAM99A_1	0	0	0	0	0	0
FAM99B_1	0	0	0	0	0	0
LOC100505570_1	0	0	0	0	0	0
KCNQ1_1	0	0	0	0	3	0
KCNQ1DN_1	0	0	0	0	0	0
CDKN1C_1	0	0	0	0	0	0
SLC22A18AS_1	0	0	0	0	0	1
SLC22A18_1	6	4	2	7	3	5
PHLDA2_1	0	0	0	0	0	0
NAP1L4_1	237	185	255	238	206	163
SNORA54_1	0	0	0	0	0	0
CARS_1	107	88	111	99	80	62
OR5P2_1	0	0	0	0	0	0
OR5P3_1	0	0	0	0	0	0
OR5E1P_1	0	0	0	0	0	0
RP11-494M8.4_1	0	1	0	0	0	0
OR10A6_1	0	0	0	0	0	0
OR10A3_1	0	0	0	0	0	0
NLRP10_1	0	0	0	0	0	0
OR5T2_1	0	0	0	0	0	0
OR5T3_1	0	0	0	0	0	0
OR5T1_1	0	0	0	0	0	0
OR8H1_1	0	0	0	0	0	0
OR8K3_1	0	0	0	0	0	0
OR8K1_1	0	0	0	0	0	0
OR8J1_1	0	0	0	0	0	0
OR8U8	0	0	0	0	0	0
OR8U9	0	0	0	0	0	0
OR9G1_1	0	0	0	0	0	0
OR9G9	0	0	0	0	0	0
OR9G4_1	0	0	0	0	0	0
MIR6128_1	0	0	0	0	0	0
RP11-554A11.8_1	0	0	0	0	0	0
LOC100288778_1	0	0	0	0	0	0
FAM138D_1	0	0	0	0	0	0
IQSEC3_1	0	0	0	0	0	0
RP11-598F7.4_1	0	0	0	0	0	0
TAS2R7_1	0	0	0	0	0	0
TAS2R8_1	0	0	0	0	0	0
TAS2R9_1	0	0	0	0	0	0
TAS2R10_1	0	0	0	0	0	0
PRH1-PRR4_1	0	0	0	1	0	0
PRR4_1	0	0	0	0	0	0
PRH1_1	0	0	0	0	0	0
TAS2R13_1	0	0	0	0	0	0
PRH2_1	0	0	0	0	0	0
TAS2R14_1	0	0	0	0	0	0
TAS2R50_1	0	0	0	0	0	0
TAS2R20_1	0	0	0	0	0	0
TAS2R19_1	0	0	0	0	0	0
TAS2R31_1	0	0	0	0	0	0
TAS2R46_1	0	0	0	0	0	0
TAS2R43_1	0	0	1	0	0	0
TAS2R45	0	0	0	0	0	0
TAS2R30_1	0	0	0	0	0	0
LOC100129361_1	0	0	0	0	0	0
PRB1_1	0	0	0	0	0	0
OVOS2_1	10	4	5	1	8	4
FAM60A_1	0	0	0	0	0	0
FLJ13224_1	0	0	0	0	0	0
XRCC6BP1_1	1	0	1	1	3	3
RP11-620J15.3_1	1	0	0	0	0	2
SLC5A8_1	0	0	0	0	0	0
ANO4_1	0	0	0	0	0	0
DNAH10_1	0	0	0	0	0	0
CCDC92_1	0	0	0	0	0	0
LOC101927531_1	0	0	0	0	0	0
LOC101927786_1	0	0	0	0	0	0
PIWIL1_1	0	0	0	0	0	0
LINC00417_1	0	0	0	0	0	0
ANKRD20A9P_1	0	0	0	0	0	0
RNU6-55P_1	0	0	0	0	0	0
LOC102725001	0	0	0	0	0	0
RNU6-76P_1	0	0	0	0	0	0
ATP8A2_1	0	0	0	0	0	0
LINC01070_1	0	0	0	0	0	0
LOC101928730_1	0	0	0	0	0	0
LINC01043_1	0	0	0	0	0	0
SPACA7_1	0	0	0	0	0	0
TUBGCP3_1	0	0	0	0	0	0
GRK1_2	0	0	0	0	0	0
LINC00552_1	0	0	0	0	0	0
CATSPERB_1	1	0	0	2	2	1
TC2N_1	0	0	0	0	0	0
LOC101929002_1	0	0	0	0	0	0
CHGA_1	0	0	0	0	0	0
ITPK1_1	0	0	0	0	0	0
ITPK1-AS1_1	0	0	0	0	0	0
MOAP1_1	0	0	0	0	0	0
TMEM251_1	0	0	0	0	0	0
C14orf142_1	0	0	0	0	0	0
UBR7_1	0	0	0	0	0	0
BTBD7_1	0	0	0	0	0	0
UNC79_1	0	0	0	0	0	0
COX8C_1	0	0	0	0	0	0
PRIMA1_1	0	0	0	0	0	0
FAM181A-AS1_1	0	0	0	0	0	0
FAM181A_1	0	0	0	0	0	0
ASB2_1	0	0	0	0	0	0
MIR4506_1	0	0	0	0	0	0
LINC00521_1	0	0	0	0	0	0
OTUB2_1	0	0	0	0	0	0
DDX24_1	0	0	0	0	0	0
IFI27L1_1	0	0	0	0	0	0
IFI27_1	0	0	0	0	0	0
IFI27L2_1	0	0	0	0	0	0
PPP4R4_1	0	0	0	0	0	0
SERPINA10_1	0	0	0	0	0	0
SERPINA6_1	0	0	0	0	0	0
SERPINA1_1	98	93	114	166	146	112
C14orf180_1	0	0	0	0	0	0
TMEM179_1	0	0	0	0	0	0
MIR8071-1_1	0	0	0	0	0	0
MIR8071-2_1	0	0	0	0	0	0
MIR4507_1	0	0	0	0	0	0
LOC102723453_1	0	0	0	0	0	0
LOC102723435_1	0	0	0	0	0	0
LINC00226_1	0	0	0	0	0	0
LOC102723479_1	0	0	0	0	0	0
LOC102723492_1	0	0	0	0	0	0
LOC102724977	0	0	0	0	0	0
LOC646214_1	0	0	0	0	0	0
CXADRP2_1	0	0	0	0	0	0
LOC339010	0	0	0	0	0	0
RP11-69H14.6_2	0	0	0	0	0	0
LOC102724737_1	0	0	0	0	0	0
GOLGA8EP_1	0	0	0	0	0	0
LOC440243_1	0	0	0	0	0	0
HERC2P7_1	2	1	1	3	3	1
HERC2P2_1	16	25	11	21	12	25
LOC101927846_1	0	0	0	0	1	1
GOLGA8I_1	0	0	0	0	0	0
CYFIP1_1	4	2	4	5	5	5
TUBGCP5_1	2	1	2	1	2	1
GOLGA6L1_1	0	0	0	0	0	0
GOLGA8DP_1	0	0	0	0	0	0
MIR4509-1_1	0	0	0	0	0	0
LOC101929832	11	9	12	18	7	7
LOC645202_1	0	0	0	0	0	0
GOLGA8F_1	0	0	0	0	0	0
MIR4509-2_1	0	0	0	0	0	0
MIR4509-3_1	0	0	0	0	0	0
GOLGA8G_1	0	0	0	0	0	0
LOC100132202_1	0	0	0	0	0	0
LOC101929047_1	0	0	0	0	0	0
LOC102724979	0	1	1	0	0	0
B2M_1	468	444	520	428	413	327
TRIM69_1	0	0	0	0	0	0
MEGF11_1	0	0	0	0	0	0
MIR4311_1	0	0	0	0	0	0
GOLGA6L10_1	2	10	1	4	7	4
LOC727751	32	32	40	23	31	23
LOC102724986	0	0	0	0	0	0
GOLGA6L19	2	0	1	1	0	0
UBE2Q2P3_1	3	1	1	0	2	3
UBE2Q2P2_1	0	0	0	0	0	0
GOLGA6L9_1	27	41	37	42	16	16
LOC102724034_1	0	1	0	1	1	0
LOC80154_1	11	18	15	12	6	7
RPS17_1	0	0	0	0	0	0
CPEB1_1	0	0	0	0	0	0
DECR2_1	0	0	0	0	0	0
RAB11FIP3_1	0	0	0	0	0	0
LOC102725007	0	0	0	0	0	0
LOC102725006	3	5	11	15	2	14
LINC00235_1	0	0	0	0	0	0
LINC00254_1	0	0	0	0	0	0
HS3ST6_1	0	0	0	0	0	0
GLIS2_1	35	23	43	27	33	28
LOC101926896_1	0	0	0	0	0	0
CORO7-PAM16_1	0	0	0	0	0	0
PAM16_1	0	0	0	0	0	0
CORO7_1	0	0	0	0	0	0
VASN_1	0	0	0	0	0	0
DNAJA3_1	0	0	0	0	0	0
NMRAL1_1	0	0	0	0	0	0
HMOX2_1	0	0	0	0	0	0
CDIP1_1	0	0	0	0	0	0
PARN_1	0	0	0	0	0	0
BFAR_1	0	0	0	0	0	0
PLA2G10_1	0	0	0	0	0	0
NPIPA3_1	0	1	0	0	0	0
MIR3180-4_1	0	0	0	0	0	0
LOC102724985	350	331	396	344	348	335
LOC399491	322	285	336	312	290	234
RRN3_1	20	30	30	45	45	47
NTAN1_1	5	15	14	2	9	12
LOC102724984	18	23	20	16	19	25
LOC102724993	65	58	79	88	71	64
LOC100288162_1	15	10	14	10	19	8
LOC102724992	0	0	0	0	1	1
LOC101060373	136	93	118	126	130	93
NPIPA1_1	0	0	0	0	0	0
PDXDC1_1	4	3	2	5	4	6
MIR1972-1_1	0	0	0	0	0	0
MIR3180-1_1	0	0	0	0	0	0
MIR3670-1_1	0	0	0	0	0	0
MIR3179-1_1	0	0	0	0	0	0
NOMO1_1	25	40	30	23	33	39
ABCC6P2_1	0	1	0	1	0	0
NPIPA5_1	3	3	3	1	5	3
MPV17L_1	2	0	3	0	1	4
C16orf45_1	0	0	0	0	1	0
KIAA0430_1	0	0	0	0	0	0
MIR6506_1	0	0	0	0	0	0
NDE1_1	1	0	0	0	0	0
MIR484_1	0	0	0	0	0	0
MYH11_1	0	0	0	0	0	0
FOPNL_1	235	209	283	285	262	204
ABCC1_1	185	189	239	201	157	132
ABCC6_1	1	2	1	4	0	1
NOMO3_1	2	1	0	1	0	0
MIR3179-2_1	0	0	0	0	0	0
MIR3670-2_1	0	0	0	0	0	0
MIR3180-2_1	0	0	0	0	0	0
PKD1P1_1	47	54	54	55	64	38
MIR6511A-2_1	0	0	0	0	0	0
MIR6770-2_1	0	0	0	0	0	0
NPIPA7_1	0	0	0	0	0	0
CES1P1_1	0	0	0	0	0	0
LOC100653057	0	0	0	0	0	0
CES1_1	0	0	0	0	0	0
CES5A_1	0	0	0	0	0	0
SNTB2_1	1	2	3	0	0	0
CIRH1A_1	15	24	11	14	16	19
LOC102723777_1	0	0	0	0	0	0
LOC101929823	0	0	0	0	1	0
LOC101929828	0	0	0	0	0	0
LOC653486_1	0	0	0	0	0	0
DOC2B_1	0	0	0	0	0	0
LOC100506371_1	0	0	0	1	0	0
LOC101929045	1	1	0	1	1	2
RPH3AL_1	1	5	6	5	3	5
LOC101929482_1	2	0	0	0	0	0
LOC102724981	0	1	0	0	0	0
LOC102724980	0	1	0	0	0	0
LOC100506388_1	0	0	0	0	0	0
NXN_1	0	0	0	0	0	0
TIMM22_1	0	0	0	0	0	0
ABR_1	0	0	0	0	0	0
MIR3183_1	0	0	0	0	0	0
TUSC5_1	0	0	0	0	0	0
YWHAE_1	0	1	2	4	1	2
CRK_1	0	1	0	1	0	0
SLC43A2_1	0	0	0	0	0	0
SCARF1_1	0	0	0	0	0	0
RILP_1	0	0	0	0	0	0
PRPF8_1	0	0	0	0	0	0
TLCD2_1	0	0	0	0	0	0
MIR22HG_1	0	0	0	0	0	0
MIR22_1	0	0	0	0	0	0
WDR81_1	58	87	93	83	90	71
LOC102724990	0	0	0	2	0	0
SERPINF2_1	0	0	0	0	0	0
MMP28_1	0	0	0	0	0	0
TAF15_1	1	0	0	0	0	0
C17orf66_1	0	0	0	0	0	0
CCL5_1	0	0	0	0	0	0
RDM1_1	0	0	0	0	0	0
LYZL6_1	0	0	0	0	0	0
CCL16_1	0	0	0	0	0	0
CCL15-CCL14_1	0	0	0	0	0	0
CCL14_1	0	0	0	0	0	0
LOC101927339_1	0	0	0	0	0	0
CCL15_1	0	0	0	0	0	0
CCL23_1	0	0	0	0	0	0
CCL18_1	0	0	0	0	0	0
LOC102724850_1	0	0	0	0	0	0
CCL3_1	0	0	0	0	0	0
CCL4_1	0	0	0	0	0	0
LOC101927369_1	0	0	0	0	0	0
TBC1D3B_1	0	0	0	0	0	0
CCL3L3_1	0	0	0	0	0	0
CCL4L1_1	0	0	0	0	0	0
LOC102724862_1	0	0	0	0	0	0
LOC102724956_1	0	0	0	0	0	0
LOC101060212_1	2	1	7	2	3	0
LOC101060321_1	0	0	0	0	0	0
LOC102723399_1	0	0	0	0	0	0
LOC102723414_1	0	0	0	0	0	0
TBC1D3H_1	0	0	0	0	0	0
TBC1D3F_1	0	0	0	0	0	0
LOC100510707_1	0	0	0	0	0	0
ZNHIT3_1	0	0	0	0	0	0
MYO19_1	0	0	0	0	1	0
PIGW_1	0	0	0	0	0	0
GGNBP2_1	0	0	0	0	0	0
DHRS11_1	0	0	0	0	0	0
MRM1_1	2	0	2	0	0	0
LOC102723471_1	17	16	21	13	7	7
LHX1_1	2	6	5	3	1	4
AATF_1	0	0	0	0	0	0
MIR2909_1	0	0	0	0	0	0
ACACA_1	50	78	98	81	54	53
LOC102723486_1	0	0	0	0	0	0
C17orf78_1	0	0	0	0	0	0
TADA2A_1	1	0	0	1	0	0
DUSP14_1	23	16	35	22	31	16
SYNRG_1	0	0	0	0	0	0
DDX52_1	90	73	109	83	74	76
MIR378J_1	0	1	1	0	0	0
HNF1B_1	0	2	0	0	0	0
YWHAEP7_1	0	0	0	0	0	0
LOC102723859_1	0	0	0	0	0	0
LOC102723933_1	0	0	0	0	0	0
TBC1D3_1	0	1	0	0	5	0
LOC102723943_1	0	0	0	0	0	0
LOC440434_1	45	48	60	42	46	29
MRPL45_1	405	266	344	336	274	225
GPR179_1	0	0	0	0	3	0
SOCS7_1	2	4	2	3	2	3
ARHGAP23_1	188	167	212	137	114	136
LOC101929494_1	0	1	0	0	1	1
SRCIN1_1	0	0	0	0	0	0
C17orf96_1	0	0	0	0	0	0
MIR4734_1	0	0	0	0	0	0
LOC101929533_1	0	0	0	0	0	0
MLLT6_1	1	0	0	2	0	0
MIR4726_1	0	0	0	0	0	0
CISD3_1	0	0	0	0	0	0
PCGF2_1	0	0	0	0	0	0
LOC100287808_1	0	0	0	0	0	0
TRNAN17_1	0	0	0	0	0	0
PSMB3_1	0	0	0	0	0	0
PIP4K2B_1	1	1	0	2	1	1
CWC25_1	0	0	0	0	0	0
MIR4727_1	0	0	0	0	0	0
C17orf98_1	0	0	0	0	0	0
KRT12_1	0	0	0	0	0	0
KRT20_1	0	0	0	0	0	0
KRT23_1	0	0	0	0	0	0
KRT39_1	0	0	0	0	0	0
KRT40_1	0	0	0	0	0	0
KRTAP3-3_1	0	0	0	0	0	0
KRTAP3-2_1	0	0	0	0	0	0
KRTAP3-1_1	0	0	0	0	0	0
KRTAP1-5_1	0	0	0	0	0	0
KRTAP1-4_1	0	0	0	0	0	0
KRTAP1-3_1	0	0	0	0	0	0
KRTAP1-1_1	0	0	0	0	0	0
KRTAP2-1_1	0	0	0	0	0	0
KRTAP2-2_1	0	0	0	0	0	0
KRTAP2-3_1	0	0	0	0	0	0
KRTAP2-4_1	0	0	0	0	0	0
LOC100996750	0	0	0	0	0	1
KRTAP4-8_1	0	0	0	1	0	1
KRTAP4-9_1	0	0	0	0	0	0
KRTAP4-11_1	0	0	0	0	0	0
KRTAP4-12_1	0	0	0	0	0	0
KRTAP29-1_1	0	0	0	0	0	0
KRTAP9-6_1	0	0	0	0	0	0
KRTAP9-9_1	0	0	0	0	0	0
KRTAP9-4_1	0	0	0	0	0	0
KRTAP9-8_1	0	0	0	0	0	0
KRTAP9-3_1	0	0	0	0	0	0
KRTAP9-2_1	0	0	0	0	0	0
KRT37_1	0	0	0	0	1	0
AC003958.2_1	0	0	0	0	0	0
KRT31_1	0	0	0	0	0	0
LOC100653049	0	0	0	0	0	0
KRT34_1	0	0	0	0	0	0
KRT33B_1	0	0	0	0	0	0
KRT33A_1	0	0	0	0	0	0
KRTAP17-1_1	0	0	0	0	0	0
KRTAP16-1_1	0	0	0	0	0	0
ARHGAP27_1	31	33	33	34	34	24
PLEKHM1_1	96	49	64	51	43	37
MIR4315-1_1	0	0	0	0	0	0
LRRC37A2_1	7	7	9	7	9	4
LOC101929774	4	0	2	1	2	1
NSFP1_1	1	0	0	0	0	0
LOC100996709	2	6	2	1	0	0
LRRC37A_1	29	26	36	27	23	9
LOC102724982	0	0	0	0	0	0
KANSL1_1	323	230	308	280	230	207
KANSL1-AS1_1	0	0	3	0	0	0
LOC102724391_1	3	2	2	5	2	1
MAPT_1	20	16	26	22	8	16
STH_1	0	0	0	0	0	0
MAPT-IT1_1	0	0	0	0	0	0
MAPT-AS1_1	0	0	0	0	0	0
SPPL2C_1	0	0	0	0	0	0
CRHR1_1	0	0	1	1	2	0
CRHR1-IT1_1	34	37	34	29	31	22
MGC57346_1	151	108	155	111	90	62
LRRC37A4P_1	42	35	44	44	29	48
LOC644172_1	2	1	0	1	2	0
LOC100996747	0	0	0	0	0	1
LOC101929799	21	32	47	27	19	17
LOC101929775	0	0	0	0	0	0
LOC100294341	6	8	15	6	9	10
NSF_1	51	39	51	49	44	27
LOC102724454_1	0	0	0	0	0	0
WNT3_1	0	0	0	0	0	0
LOC101929777_1	0	0	0	0	0	0
SEPT9_1	0	0	0	0	0	0
METRNL_1	81	100	102	107	109	82
B3GNTL1_1	9	4	1	6	8	4
TBCD_1	391	303	369	354	300	244
SKA1_1	0	0	0	0	0	0
DSEL_1	0	0	0	0	0	0
LOC645321_1	0	0	0	0	0	0
SALL3_1	4	2	4	5	11	3
LOC284240_1	0	0	0	0	0	0
FLJ25715_1	0	0	0	0	0	0
CTDP1_1	0	0	0	0	0	0
AZU1_1	0	0	0	0	0	0
PRTN3_1	0	0	0	0	0	0
ELANE_1	0	0	0	0	0	0
CFD_1	1	0	3	1	0	0
MED16_1	2	2	2	0	1	1
SBNO2_1	0	0	0	0	0	0
LOC102724456_1	0	0	0	0	0	0
ZNF85_1	0	0	0	0	0	0
ZNF430_1	0	0	0	0	0	0
LOC400682	1	0	1	0	1	1
ZNF100_1	0	0	0	0	0	0
LOC641367_1	0	0	0	0	0	0
ZNF43_1	0	0	0	0	0	0
ZNF676_1	0	0	0	0	0	0
LSM14A_1	154	119	172	119	131	100
KIAA0355_1	1	0	0	0	0	0
KIAA0355_2	0	0	0	0	0	0
GPI_1	1	1	1	2	1	0
CEACAM7_1	0	0	0	0	0	0
CEACAM4_1	0	0	0	0	0	0
CEACAM21_1	0	0	0	0	0	0
LOC102723837_1	0	0	0	0	0	0
LOC101927931_1	0	0	0	0	0	0
PCAT19_1	0	0	0	0	0	0
VSTM1_1	0	0	0	0	0	0
TARM1_1	0	0	0	0	0	0
OSCAR_1	0	0	0	0	0	0
NDUFA3_1	0	0	0	0	1	0
TFPT_1	0	0	0	0	0	0
PRPF31_1	0	0	0	0	0	0
AC012314.8_1	0	0	0	0	0	0
CNOT3_1	1	0	0	0	0	0
LOC102724273_1	0	0	0	0	0	0
LENG1_1	0	0	0	0	0	0
TMC4_1	1	1	1	3	1	0
MBOAT7_1	0	0	0	0	0	0
TSEN34_1	0	0	0	0	0	0
RPS9_1	11	19	23	20	19	20
LOC102724997	0	0	0	0	0	0
LILRA6_1	0	0	0	0	0	0
LILRB5_1	0	0	0	0	0	0
LILRB2_1	0	0	0	0	0	0
MIR4752_1	0	0	0	0	0	0
TTYH1_1	0	0	0	0	0	0
LOC101929807	0	0	1	0	2	2
LENG8_1	1	0	1	1	0	0
LENG9_1	0	0	0	0	0	0
CDC42EP5_1	0	0	0	0	0	0
LAIR2_1	0	0	0	0	0	0
KIR3DX1_1	0	0	0	0	0	0
LILRA2_1	0	0	0	0	0	0
LILRA1_1	0	0	0	0	0	0
LILRB1_1	0	0	0	0	0	2
MIR8061_1	0	0	0	0	0	0
LILRB4_1	0	0	0	0	0	0
LOC102724290_1	0	0	0	0	0	0
LILRP2_1	0	0	0	0	0	0
KIR3DL3_1	0	0	0	0	0	0
KIR2DL3_1	0	0	0	0	0	0
LOC101928804_1	0	0	0	0	0	0
KIR2DL1_1	0	0	0	0	0	0
NCR1_1	0	0	0	0	0	0
NLRP7_1	0	0	0	0	0	0
NLRP2_1	0	0	0	0	0	0
GP6_1	0	0	0	0	0	0
RDH13_1	0	0	0	0	0	0
EPS8L1_1	0	0	0	0	0	0
CDH4_1	7	0	0	4	1	2
MIR1257_1	0	0	0	0	0	0
TAF4_1	0	0	0	0	0	0
KCNQ2_1	0	0	0	0	0	2
OPRL1_1	0	0	0	0	0	0
NPBWR2_1	0	0	0	0	0	0
MYT1_1	0	0	0	0	0	0
PCMTD2_1	1	0	3	0	0	1
BTG3_1	0	0	0	0	0	0
LOC100134423	0	0	0	0	0	0
LINC00308_1	0	0	0	0	0	0
PAXBP1_1	0	0	0	0	0	0
C21orf49_1	0	0	0	0	0	0
C21orf62_1	0	0	0	0	0	0
IFNGR2_1	0	0	0	0	0	0
TMEM50B_1	0	0	1	0	0	0
DNAJC28_1	0	0	0	0	0	0
GART_1	0	0	0	0	0	0
FTCD_1	0	0	0	0	0	0
SPATC1L_1	1	0	0	0	0	0
LOC102723554_1	0	0	0	0	0	0
LSS_1	0	0	0	0	0	0
IGLV5-45_1	0	0	0	0	0	0
LOC102724999	0	0	0	0	0	0
IGLV7-43_1	0	0	0	0	0	0
IGLV5-39	0	0	0	0	0	0
LOC102725003	0	0	0	0	0	0
ZNF280B_1	0	0	0	0	0	0
ZNF280A_1	0	0	0	0	0	0
PRAME_1	565	452	587	559	428	361
LOC648691_1	0	0	0	0	0	0
IGLV2-33_1	0	0	0	0	0	0
CES5AP1_1	0	0	0	0	0	0
ZDHHC8P1_1	0	0	0	0	0	0
LOC102724695_1	0	0	0	0	0	0
LOC101929374_1	0	0	0	0	0	0
AP000345.1_1	0	0	0	0	0	0
LOC102724741_1	0	0	0	0	0	0
C22orf15_1	0	0	0	0	0	0
CHCHD10_1	0	0	0	0	0	0
MMP11_1	0	0	0	0	0	0
SMARCB1_1	0	0	0	0	0	0
DERL3_1	0	0	0	0	0	0
SLC2A11_1	0	0	0	0	0	0
LOC284889_1	0	0	0	0	0	0
MIF_1	0	0	0	0	0	0
GSTT2B_1	17	13	14	13	8	16
DDTL_1	0	1	1	0	0	2
DDT_1	0	0	0	0	0	0
GSTT2_1	20	11	26	16	16	9
GSTTP1_1	0	0	0	0	0	0
LOC102724987	0	0	0	0	1	0
LOC391322	15	21	15	16	8	7
GSTT1	380	312	392	374	309	259
GSTTP2	0	0	0	0	0	0
CABIN1_1	0	0	0	0	0	0
APOL5_1	0	1	0	0	0	0
RBFOX2_1	5	4	5	1	2	5
LOC101926970_1	0	0	0	0	0	0
PVALB_1	0	0	0	0	0	0
NCF4_1	1	2	0	2	0	0
APOBEC3A_B	0	0	0	0	0	0
FAM109B_1	1	0	0	0	0	0
SMDT1_1	2	3	6	12	8	7
NDUFA6_1	0	0	0	2	0	0
NDUFA6-AS1_1	1	0	0	0	0	0
CYP2D7P_1	0	0	0	0	0	0
TCF20_1	3	0	1	1	1	0
LOC102724991	0	0	0	0	0	0
LOC102723840_1	0	0	0	0	0	0
TBX22_1	0	0	0	0	0	0
OR2T4_2	0	0	0	0	0	0
OR2T6_2	0	0	0	0	0	0
OR2T1_2	0	0	0	0	0	0
OR2T2_2	0	0	0	0	0	0
OR2T3_2	0	0	0	0	0	0
OR2T5_2	0	0	0	0	0	0
LOC102725018	0	0	0	0	0	0
LOC101060017_1	0	0	0	0	0	0
AC131097.3_3	0	0	0	0	0	0
LOC102723927_2	0	0	0	0	0	0
FLJ38379_2	0	0	0	0	0	0
LOC728323_2	0	0	0	0	0	0
MUC4_2	0	0	0	0	0	0
MUC20_2	0	0	0	0	0	0
LINC00969_2	2	0	0	0	0	0
MIR570_2	0	0	0	0	0	0
SDHAP2_2	1	0	0	0	1	0
LOC102723973_2	0	0	0	0	0	0
LOC102725020	0	0	0	0	2	0
FRG1_1	0	0	0	0	0	0
FRG2_1	0	0	0	0	0	0
LOC101928993_1	0	0	0	0	0	0
LOC101929812	0	0	0	0	0	0
LOC102725009	0	0	2	0	0	1
LOC101929573_1	0	0	0	0	0	0
LOC102724356_1	1	0	0	0	0	0
SERF1B_1	0	0	0	0	0	0
SMN2_1	0	0	0	0	0	0
SERF1A_2	0	0	0	0	0	0
SMN1_2	1	1	0	2	0	0
NAIP_2	3	5	4	9	6	5
GTF2H2_1	0	0	0	0	0	0
GUSBP9_2	0	0	0	1	1	0
LOC102725012	0	0	0	0	0	0
LOC102725011	0	0	0	0	0	0
LOC441081_1	0	0	0	0	0	0
LOC102725010	0	0	0	0	0	0
LOC102724392_2	0	0	0	0	0	0
PMCHL2_2	0	0	0	0	0	0
BDP1_2	32	27	44	31	33	29
LOC101929035_2	0	0	0	0	0	0
MCCC2_2	0	0	0	0	0	0
LOC728554_2	0	0	0	0	0	0
RP11-423H2.3_2	0	0	0	0	0	1
PROP1_2	0	0	0	0	0	0
GPX6_1	0	0	0	0	0	0
GPX5_1	0	0	0	0	0	0
TRNAI21_1	0	0	0	0	0	0
TRNAR7_1	0	0	0	0	0	0
SCAND3_1	44	39	61	28	25	32
TRNAQ12_1	0	0	0	0	0	0
TRNAS17_1	0	0	0	0	0	0
TRNAA28_1	0	0	0	0	0	0
TRNAA15_1	0	0	0	0	0	0
TRNAT17_1	0	0	0	0	0	0
TRNAA7_1	0	0	0	0	0	0
TRNAA40_1	0	0	0	0	0	0
TRNAA38_1	0	0	1	0	0	0
TRNAA8_1	0	0	0	0	0	0
TRNAA12_1	0	0	0	0	0	0
TRNAT21_1	0	0	0	0	0	0
TRNAA5_1	0	0	0	0	0	0
TRNAV18_2	0	0	0	0	0	0
TRNAR24_2	4	0	2	0	0	0
TRNAK29_2	0	0	0	0	0	0
TRNAA11_2	0	0	0	0	0	0
TRNAF8_2	0	0	0	0	0	0
TRNAF4_2	0	0	0	0	0	0
TRNAA19_2	0	0	0	0	0	0
TRNAF3_2	0	0	0	0	0	0
TRNAA34_2	0	0	0	0	0	0
TRNAA1_2	0	0	0	0	0	0
TRNAF5_2	0	0	0	0	0	0
TRNAA6_2	0	0	0	0	0	0
TRNAA10_2	0	0	0	0	0	0
TRNAF9_2	0	0	0	0	0	0
TRNAA13_2	0	0	0	0	0	0
LOC401242_2	0	0	0	0	0	1
TRNAA27_2	0	0	0	0	0	0
TRNAR9_2	0	0	0	0	0	0
TRNAL-CAA_2	0	0	0	0	0	0
HCG14_2	0	0	0	0	0	0
TRIM27_2	0	2	0	0	0	0
TRNAL22_1	0	0	0	0	0	0
TRNAQ11_1	0	0	0	0	0	0
TRNAL20_1	0	0	0	0	0	0
C6orf100_1	2	1	0	0	0	0
TRNAM12_1	0	0	0	0	0	0
TRNAK22_1	0	0	0	0	0	0
TRNAM8_1	0	0	0	0	0	0
TRNAF7_2	0	0	0	0	0	0
TRNAE6_2	0	0	0	0	0	0
HCG16_3	1	0	2	0	0	0
TRNAL17_2	0	0	0	0	0	0
ZNF311_2	0	0	0	0	0	0
LOC100129636_2	0	0	0	0	0	0
OR2W1_2	0	0	0	0	0	0
OR2B3_2	0	0	0	0	0	0
OR2J3_2	0	0	0	0	0	0
OR2J2_2	0	0	0	0	0	0
LOC101929006_1	0	0	0	0	0	0
LOC102724952_1	0	0	0	0	0	0
OR14J1_2	0	0	0	0	0	0
OR5V1_1	0	0	0	0	0	0
OR12D3_1	0	0	0	0	0	0
OR12D2_1	0	0	0	0	0	0
OR11A1_2	0	0	0	0	0	0
OR10C1_2	0	0	0	0	0	0
OR2H1_2	0	0	0	0	0	0
MAS1L_2	0	0	0	0	0	0
LINC01015_2	0	0	0	0	0	0
UBD_2	0	0	0	0	0	0
SNORD32B_2	0	0	0	0	0	0
OR2H2_2	0	0	0	0	0	0
GABBR1_2	0	0	0	0	0	0
MOG_2	0	0	0	0	0	0
ZFP57_2	1	0	0	0	0	0
HLA-F_1	0	1	0	0	1	0
HLA-F-AS1_1	6	8	4	3	7	1
IFITM4P_1	0	0	0	0	0	0
HCG4_2	0	0	0	0	0	0
LOC554223_2	0	0	0	0	0	0
HLA-G_2	0	0	0	0	0	0
HLA-H_2	0	0	0	0	0	0
HCG4B_2	0	0	0	0	0	0
HLA-A_2	0	0	3	1	1	0
HCG9_1	0	0	0	0	0	0
ZNRD1-AS1_2	0	0	0	0	0	0
HLA-J_2	0	0	0	0	0	0
HCG8_2	0	0	0	0	0	0
ZNRD1_2	3	0	3	0	2	3
PPP1R11_2	0	0	0	0	0	0
RNF39_2	0	0	0	0	0	0
TRIM31_2	0	0	0	0	0	0
TRIM40_2	0	0	0	0	0	0
TRIM10_2	0	0	0	0	0	0
TRIM15_2	0	0	0	0	0	0
TRIM26_2	2	8	4	3	0	2
HCG17_2	0	0	0	0	0	0
HLA-L_1	0	0	0	0	0	0
HCG18_2	4	3	2	6	6	4
TRIM39_2	0	0	0	0	0	0
TRIM39-RPP21_2	0	0	0	0	0	0
RPP21_2	0	0	0	0	0	0
HLA-E_1	0	0	0	0	1	0
GNL1_2	0	0	2	0	0	0
PRR3_1	0	0	0	0	0	0
ABCF1_1	0	0	0	0	0	0
MIR877_1	0	0	0	0	0	0
PPP1R10_1	0	0	0	0	0	0
MRPS18B_1	0	0	1	0	0	0
ATAT1_1	0	0	0	0	0	0
C6orf136_1	0	0	0	0	0	0
DHX16_2	0	0	0	0	0	0
PPP1R18_2	2	2	4	2	2	5
NRM_2	0	0	0	0	0	0
MDC1_2	0	0	0	0	0	0
TUBB_2	12	20	27	25	12	25
FLOT1_2	0	2	1	0	0	1
IER3_1	0	0	0	0	0	0
LINC00243_1	0	0	0	0	0	0
DDR1_2	6	10	3	3	5	7
MIR4640_1	0	0	0	0	0	0
GTF2H4_1	0	0	1	0	0	0
VARS2_1	0	0	0	0	0	2
SFTA2_1	0	0	0	0	0	0
DPCR1_1	0	0	0	0	0	0
LOC102723346_1	0	0	0	0	0	0
MUC21_2	0	0	0	0	0	0
MUC22_2	0	0	0	0	0	0
HCG22_2	0	0	0	0	0	0
C6orf15_1	0	0	0	0	0	0
PSORS1C1_1	1	1	2	2	0	0
CDSN_1	3	0	3	1	5	4
PSORS1C2_1	0	0	0	0	0	0
CCHCR1_1	0	0	0	0	0	0
TCF19_1	4	5	4	2	2	5
POU5F1_1	0	0	0	0	0	0
PSORS1C3_1	0	0	0	0	0	0
HCG27_1	0	0	0	0	0	0
HLA-C_1	4010	3311	4239	3199	2707	2251
HLA-B_1	5	7	1	2	6	3
MIR6891_1	0	0	0	0	0	0
LOC101929072_1	11	10	4	6	1	4
MICA_1	0	0	0	0	0	0
LINC01149_1	0	0	0	0	0	0
HCP5_1	3	3	3	0	5	0
HCG26_1	0	0	0	0	0	0
MICB_2	3	2	1	2	0	1
MCCD1_2	0	0	0	0	0	0
ATP6V1G2-DDX39B_2	0	0	0	0	0	0
DDX39B_2	0	0	0	0	0	0
SNORD117_2	0	0	0	0	0	0
SNORD84_1	0	0	0	0	0	0
ATP6V1G2_1	0	0	0	0	0	0
NFKBIL1_1	0	0	0	0	0	0
LTA_1	0	0	0	0	0	0
TNF_2	0	0	0	0	0	0
LTB_2	0	1	0	0	0	0
LST1_2	0	0	0	0	0	0
NCR3_2	0	0	0	0	0	0
AIF1_1	0	0	0	0	0	0
PRRC2A_1	4	1	1	0	2	0
SNORA38_1	0	0	0	0	0	0
MIR6832_1	0	0	0	0	0	0
BAG6_1	3	2	6	4	2	5
APOM_1	0	0	0	0	0	0
C6orf47_1	0	1	2	4	0	5
GPANK1_1	0	0	2	1	0	0
CSNK2B_1	1	0	0	0	0	0
LY6G5B_1	0	0	0	0	0	0
LY6G5C_1	0	2	0	0	1	0
ABHD16A_1	3	4	0	3	1	0
MIR4646_1	0	0	0	0	0	0
LY6G6F_1	0	0	0	0	0	0
LY6G6E_1	0	0	0	0	0	0
LY6G6D_1	0	0	0	0	0	0
LY6G6C_1	0	0	0	0	0	0
C6orf25_1	0	0	0	0	0	0
DDAH2_1	2	3	1	1	1	0
CLIC1_1	7	0	5	11	3	6
MSH5-SAPCD1_2	0	0	0	0	0	0
MSH5_2	0	0	0	0	0	0
SAPCD1_2	0	0	0	0	0	0
VWA7_2	0	0	0	0	0	0
VARS_2	3	2	2	2	1	2
LSM2_2	1	3	8	4	3	0
HSPA1L_2	0	0	0	0	0	1
HSPA1A_2	0	0	0	0	0	0
HSPA1B_2	613	460	606	481	396	365
C6orf48_2	0	0	0	0	0	0
SNORD48_2	0	0	0	0	0	0
SNORD52_2	0	0	0	0	0	0
NEU1_2	4	0	4	2	3	5
SLC44A4_2	0	0	0	0	0	0
EHMT2_2	2	0	3	2	2	0
C2_1	0	0	0	0	0	0
ZBTB12_1	0	0	0	0	0	0
LOC102060414_1	0	0	0	0	0	0
CFB_1	0	0	0	0	0	0
NELFE_1	0	0	0	0	0	0
SKIV2L_1	0	0	0	0	0	0
DXO_1	0	0	0	0	0	0
STK19_1	0	0	0	0	0	0
C4B_1	0	0	0	0	0	0
CYP21A2_1	0	0	0	0	0	0
TNXB_2	0	0	0	0	0	0
ATF6B_1	1	0	0	0	0	0
FKBPL_1	0	0	0	0	0	0
PRRT1_2	0	0	0	0	0	0
LOC100507547_2	2	0	1	0	0	0
PPT2_2	0	0	0	0	0	0
PPT2-EGFL8_2	0	0	0	0	0	0
EGFL8_2	0	0	0	0	0	0
AGPAT1_2	0	0	0	0	0	0
MIR6721_2	0	0	0	0	0	0
RNF5_2	4	8	5	2	2	6
MIR6833_2	0	0	0	0	0	0
AGER_2	0	0	0	0	0	1
PBX2_2	0	0	0	1	1	0
GPSM3_2	8	14	4	12	8	5
NOTCH4_2	0	0	0	0	0	0
C6orf10_2	0	0	0	0	0	0
HCG23_2	0	0	0	0	0	0
BTNL2_2	0	0	0	0	0	0
LOC101929163_1	0	0	0	0	0	0
HLA-DQA1_1	0	0	0	0	0	0
HLA-DQB1_1	0	0	0	0	0	0
LOC102725019	0	0	0	0	0	0
HLA-DQA2_2	0	0	0	0	0	0
MIR3135B_2	0	0	0	0	0	0
HLA-DQB2_2	0	0	0	0	0	0
HLA-DOB_2	0	0	0	0	0	0
TAP2_2	2	3	0	4	2	2
PSMB8_2	0	0	0	0	0	0
TAPSAR1_2	0	0	0	0	0	0
TAP1_2	0	0	0	0	0	0
PSMB9_2	8	1	5	7	4	1
LOC100294145_2	0	0	0	0	0	0
HLA-DMB_2	0	0	0	0	0	0
HLA-DMA_2	0	0	0	0	0	0
BRD2_1	0	0	0	0	0	0
HLA-DOA_1	0	0	0	0	0	0
HLA-DPA1_2	0	0	0	0	0	0
HLA-DPB1_2	0	0	0	0	0	0
HLA-DPB2_2	0	0	0	0	0	0
COL11A2_1	0	0	0	0	0	0
RXRB_1	0	0	0	0	0	0
SLC39A7_1	1	0	0	0	0	0
HSD17B8_1	0	0	0	0	0	0
MIR219-1_1	0	0	0	0	0	0
RING1_1	0	0	0	0	0	0
HCG25_1	0	0	0	0	0	0
VPS52_1	0	2	1	0	0	0
RPS18_1	0	0	0	0	0	0
B3GALT4_1	0	0	0	0	0	0
WDR46_1	1	1	2	0	5	2
MIR6873_1	0	0	0	0	0	0
PFDN6_1	0	0	0	0	0	0
MIR6834_1	0	0	0	0	0	0
RGL2_1	5	0	0	3	1	0
TAPBP_1	7	5	6	6	3	3
ZBTB22_1	0	0	0	0	0	0
DAXX_1	5	4	1	0	0	0
LOC102723452_1	0	0	0	0	0	0
LOC102723872_1	0	0	0	0	0	1
LOC102723672_2	0	0	0	0	0	0
LOC100507642_2	0	0	0	0	0	0
FAM20C_2	0	0	0	0	0	0
DLGAP2_2	0	0	0	0	0	0
RP11-666I19.2_2	0	0	0	0	0	0
AP2A2_1	44	46	65	54	33	50
MUC6_1	4	3	6	3	3	1
DUSP8_2	0	0	0	0	0	0
LOC101927562_2	0	0	0	0	0	0
KRTAP5-AS1_2	0	0	0	0	0	0
KRTAP5-1_2	0	0	0	0	0	0
KRTAP5-2_2	0	0	0	0	0	0
KRTAP5-3_2	0	0	0	0	0	0
KRTAP5-4_2	0	0	0	0	0	0
KRTAP5-5_2	0	0	0	0	0	0
FAM99A_2	0	0	0	0	0	0
FAM99B_2	0	0	0	0	0	0
LOC100505570_2	0	0	0	0	0	0
KRTAP5-6_1	0	0	0	0	0	0
IFITM10_1	0	0	0	0	0	0
TAS2R7_2	0	0	0	0	0	0
TAS2R8_2	0	0	0	0	0	0
TAS2R9_2	0	0	0	0	0	0
TAS2R10_2	0	0	0	0	0	0
PRH1-PRR4_2	4	6	9	3	4	3
PRR4_2	0	0	0	0	0	0
PRH1_2	0	0	0	0	0	0
TAS2R13_2	0	0	0	0	0	0
PRH2_2	0	0	0	0	0	0
TAS2R14_2	0	0	0	0	0	0
TAS2R50_2	0	0	0	0	0	0
TAS2R20_2	0	2	3	1	0	0
TAS2R19_2	2	0	5	2	2	0
TAS2R31_2	2	1	2	0	0	0
TAS2R46_2	0	1	0	0	2	0
LOC101929789	2	1	1	0	1	0
TAS2R43_2	0	0	0	0	0	0
TAS2R30_2	0	0	0	0	2	0
LOC100129361_2	405	324	414	421	341	310
TAS2R42_1	0	0	0	0	0	0
PRB3_1	0	0	0	0	0	0
PRB4_1	0	0	0	0	0	0
PRB1_2	0	0	0	0	0	0
TUBGCP5_2	0	0	0	0	0	0
GOLGA6L1_2	0	0	0	0	0	0
GOLGA8DP_2	0	0	0	0	0	0
MIR4509-1_2	0	0	0	0	0	0
OCA2_1	0	0	0	0	0	0
HERC2_1	184	158	167	223	183	138
LOC645202_2	0	0	0	0	0	0
GOLGA8F_2	0	0	0	0	0	0
MIR4509-2_2	0	0	0	0	0	0
MIR4509-3_2	0	0	0	0	0	0
GOLGA8G_2	0	0	0	0	0	0
LOC100132202_2	0	0	0	0	0	0
LOC101929047_2	0	0	0	0	0	0
HERC2P9_1	0	0	0	0	0	0
LOC102723873_1	0	0	0	0	0	0
GOLGA8M_1	0	0	0	0	0	0
LOC101929283_1	0	0	0	0	0	0
WHAMMP2_1	1	0	2	4	2	0
LOC100289656_1	0	0	0	0	0	0
LOC646278_1	0	0	0	0	0	0
APBA2_1	34	27	51	25	21	23
FAM189A1_1	2	3	1	2	0	1
NDNL2_1	0	0	0	0	0	0
TJP1_1	326	238	350	342	304	240
GOLGA8J_1	0	0	0	0	0	0
LOC101927852_1	0	0	0	0	0	0
ULK4P3_1	0	0	0	0	0	0
GOLGA8T_1	0	0	0	0	0	0
LOC101929922_1	0	0	0	0	0	0
DKFZP434L187_1	0	0	0	0	0	0
LOC102724055_1	0	0	0	0	0	0
CHRFAM7A_1	1	0	0	0	1	0
DNM1P50_1	0	0	0	0	0	0
LOC101929944	0	0	0	0	0	1
LOC101060569_1	0	0	0	0	0	0
LOC101927724	0	0	0	0	0	1
LOC102725021	1	0	0	0	0	0
GOLGA8R_1	1	0	0	2	2	1
LOC101927788_1	0	0	0	0	0	0
ULK4P2_1	0	0	0	0	1	0
GOLGA8H_1	0	0	0	0	0	1
LOC101927579_1	0	0	0	0	0	0
ARHGAP11B_1	0	0	0	0	0	0
LOC100288637_1	39	19	47	30	28	20
HERC2P10_1	1	0	0	0	0	0
FAN1_1	43	44	46	51	42	34
MTMR10_1	47	36	58	40	62	53
TRPM1_1	0	0	0	0	1	0
MIR211_1	0	0	0	0	0	0
LOC102725022	5	5	1	4	0	2
RP11-16E12.2_1	0	0	0	0	0	0
KLF13_1	249	262	304	222	199	160
OTUD7A_1	0	0	2	0	0	1
CHRNA7_1	1	0	2	1	0	0
LOC102724078_1	0	0	0	0	0	0
LOC101929887_1	7	8	6	4	4	1
WHAMMP1_1	33	31	25	47	29	30
LOC100996255_1	3	6	1	2	3	1
LOC102724144_1	1	4	1	0	2	2
GOLGA8N_1	6	6	10	8	19	11
LOC101928042_1	0	0	0	0	0	0
ARHGAP11A_1	8	5	12	4	12	7
SCG5_1	1	0	0	1	2	0
GREM1_1	0	0	0	0	0	0
LOC100131315_1	0	0	0	0	0	0
FMN1_1	4	4	4	8	2	7
RPH3AL_2	0	0	0	0	1	0
LOC100506388_2	0	0	0	0	0	0
LOC102725013	5	1	3	3	5	4
NXN_2	0	0	0	0	0	0
TIMM22_2	0	0	0	0	0	0
ABR_2	0	0	0	0	0	0
MIR3183_2	0	0	0	0	0	0
CCL18_2	0	0	0	0	0	0
LOC102724850_2	0	0	0	0	0	0
CCL3_2	0	0	0	0	0	0
CCL4_2	0	0	0	0	0	0
LOC101927369_2	0	0	0	0	0	0
TBC1D3B_2	0	0	0	0	0	0
CCL3L3_2	0	0	0	0	0	0
CCL4L1_2	0	0	0	0	0	0
TBC1D3C_1	0	0	0	0	0	0
CCL3L1	0	0	0	0	0	0
CCL4L2	0	0	0	0	0	0
LOC102724862_2	0	0	0	0	0	0
LOC102724956_2	0	0	0	0	0	0
KRTAP29-1_2	0	0	0	0	0	0
KRTAP9-7_1	0	0	0	0	0	0
KRTAP9-6_2	0	0	0	0	0	0
KRTAP9-9_2	0	0	0	0	0	0
KRTAP9-4_2	0	0	0	0	0	0
KRTAP9-8_2	0	0	0	0	0	0
ARHGAP27_2	0	0	0	0	0	0
PLEKHM1_2	1	0	0	0	0	0
MIR4315-1_2	0	0	0	0	0	0
LRRC37A4P_2	0	0	0	0	0	0
LOC102725008	0	0	0	0	0	0
LOC644172_2	0	0	0	0	0	0
CRHR1_2	0	0	0	0	0	0
MGC57346_2	0	0	0	0	0	0
CRHR1-IT1_2	0	0	0	0	0	0
MAPT-AS1_2	0	0	0	0	0	0
SPPL2C_2	0	0	0	0	0	0
MAPT_2	0	0	0	0	0	0
MAPT-IT1_2	0	0	0	0	0	0
STH_2	0	0	0	0	0	0
KANSL1_2	25	11	34	35	14	13
LOC102724391_2	0	0	0	0	0	0
KANSL1-AS1_2	0	0	0	0	0	0
ARL17A_1	30	21	26	19	18	35
LRRC37A2_2	20	16	20	14	12	14
NSF_2	2	0	0	1	0	0
LOC102724454_2	0	0	0	0	0	0
WNT3_2	0	1	0	0	0	2
LOC101929777_2	0	0	0	0	0	0
WNT9B_1	0	0	0	0	0	0
LOC102725014	0	0	0	0	0	0
LOC645321_2	0	0	0	0	0	0
SALL3_2	0	0	0	0	0	0
VSTM1_2	0	0	0	0	0	0
TARM1_2	0	0	0	0	0	0
OSCAR_2	0	0	0	0	0	0
NDUFA3_2	0	0	0	0	0	0
TFPT_2	0	0	0	0	0	0
PRPF31_2	0	0	0	0	0	0
AC012314.8_2	0	0	0	0	0	0
CNOT3_2	0	0	0	0	0	0
LOC102724273_2	0	0	0	0	0	0
LENG1_2	0	0	0	0	0	0
TMC4_2	0	0	0	0	0	0
MBOAT7_2	0	0	0	0	0	0
TSEN34_2	0	0	0	0	0	0
RPS9_2	0	0	0	0	0	0
LOC102725015	0	0	0	0	0	0
MIR4752_2	0	0	0	0	0	0
LILRA3	0	0	0	0	0	0
LILRA5_1	0	0	0	0	0	0
LILRA4_1	0	0	0	0	0	0
LAIR1_1	0	0	0	0	0	0
KIR2DL1_2	0	0	0	0	0	0
KIR2DL4_1	0	0	0	0	0	0
KIR3DL1_1	0	0	0	0	0	0
KIR2DS1	0	0	0	0	0	0
KIR2DS5	0	0	0	0	0	0
KIR3DL2_1	0	0	0	0	0	0
FCAR_1	0	0	0	0	0	0
NCR1_2	0	0	0	0	0	0
NLRP7_2	0	0	0	0	0	0
NLRP2_2	0	0	0	0	0	0
GP6_2	0	0	0	0	0	0
RDH13_2	0	0	0	0	0	0
EPS8L1_2	0	0	0	0	0	0
FAM109B_2	0	0	0	0	0	0
SMDT1_2	0	0	0	0	0	0
NDUFA6_2	0	0	0	0	0	0
NDUFA6-AS1_2	0	0	0	0	0	0
CYP2D6_1	0	0	0	0	0	0
LOC101929829	0	0	0	0	0	0
LOC102725017	1	0	0	0	3	3
LOC102725016	16	19	38	38	26	15
LOC102723840_2	0	0	0	0	0	0
MUC4_3	27	23	28	15	31	8
MUC20_3	0	1	1	0	0	1
LOC102724930_2	0	0	0	0	0	0
LINC00969_3	0	0	0	0	0	0
MIR570_3	0	0	0	0	0	0
SDHAP2_3	0	0	0	0	0	0
RP11-462G22.1_1	0	0	0	0	0	0
LOC102723973_3	0	0	0	0	0	0
TRNAV18_3	0	0	0	0	0	0
TRNAR24_3	0	0	0	0	0	0
TRNAK29_3	0	0	0	0	0	0
TRNAA11_3	0	0	0	0	0	0
TRNAF8_3	0	0	0	0	0	0
TRNAF4_3	0	0	0	0	0	0
TRNAA19_3	0	0	0	0	0	0
TRNAF3_3	0	0	0	0	0	0
TRNAA34_3	0	0	0	0	0	0
TRNAA1_3	0	0	0	0	0	0
TRNAF5_3	0	0	0	0	0	0
TRNAA6_3	0	0	0	0	0	0
TRNAA10_3	0	0	0	0	0	0
TRNAF9_3	0	0	0	0	0	0
TRNAA13_3	0	0	0	0	0	0
LOC401242_3	0	0	0	0	0	0
TRNAA27_3	0	0	0	0	0	0
TRNAF7_3	0	0	0	0	0	0
TRNAE6_3	0	0	0	0	0	0
HCG16_4	0	0	0	0	0	0
HCG16_5	0	0	0	0	0	0
TRNAL17_3	0	0	0	0	0	0
ZNF311_3	0	0	0	0	0	0
LOC100129636_3	0	0	0	0	0	0
OR2W1_3	0	0	0	0	0	0
OR2B3_3	0	0	0	0	0	0
OR2J3_3	0	0	0	0	0	0
OR2J2_3	0	0	0	0	0	0
LOC101929006_2	0	0	0	0	0	0
LOC102724952_2	0	0	0	0	0	0
OR14J1_3	0	0	0	0	0	0
OR12D3_2	0	0	0	0	0	0
OR12D2_2	0	0	0	0	0	0
OR11A1_3	0	0	0	0	0	0
OR10C1_3	0	0	0	0	0	0
OR2H1_3	0	0	0	0	0	0
MAS1L_3	0	0	0	0	0	0
LINC01015_3	0	0	0	0	0	0
UBD_3	0	0	0	0	0	0
SNORD32B_3	0	0	0	0	0	0
OR2H2_3	0	0	0	0	0	0
GABBR1_3	0	0	0	0	0	0
MOG_3	0	0	0	0	0	0
ZFP57_3	0	0	0	0	0	0
HLA-F_2	0	0	0	0	0	0
HLA-F-AS1_2	0	0	0	0	0	0
IFITM4P_2	0	0	0	0	0	0
HCG4_3	0	0	0	0	0	0
LOC554223_3	0	0	0	0	0	0
HLA-G_3	0	0	0	0	0	0
HLA-H_3	0	0	0	0	0	0
HCG4B_3	0	0	0	0	0	0
HLA-A_3	0	0	0	1	0	0
HCG9_2	0	0	0	0	0	0
ZNRD1-AS1_3	0	0	0	0	0	0
HLA-J_3	0	0	0	0	0	0
HCG8_3	0	0	0	0	0	0
ZNRD1_3	0	0	0	0	0	0
PPP1R11_3	0	0	0	0	0	0
RNF39_3	0	0	0	0	0	0
TRIM31_3	0	0	0	0	0	0
TRIM40_3	0	0	0	0	0	0
TRIM10_3	0	0	0	0	0	0
TRIM15_3	0	0	0	0	0	0
TRIM26_3	0	0	0	0	0	0
HCG17_3	0	0	0	0	0	0
HLA-L_2	4	0	2	0	0	2
HCG18_3	0	0	0	0	0	0
TRIM39_3	0	0	0	0	0	0
TRIM39-RPP21_3	0	0	0	0	0	0
RPP21_3	0	0	0	0	0	0
HLA-E_2	0	0	0	0	1	0
GNL1_3	0	0	0	0	0	0
PRR3_2	0	0	0	0	0	0
ABCF1_2	0	0	0	0	0	0
MIR877_2	0	0	0	0	0	0
PPP1R10_2	0	0	0	0	0	0
MRPS18B_2	0	0	0	0	0	0
ATAT1_2	0	0	0	0	0	0
C6orf136_2	0	0	0	0	0	0
DHX16_3	0	0	0	0	0	0
PPP1R18_3	0	0	0	0	0	0
NRM_3	0	0	0	0	0	0
MDC1_3	0	0	0	0	0	0
TUBB_3	0	0	0	0	0	0
FLOT1_3	0	0	0	0	0	0
IER3_2	0	0	0	0	0	0
LINC00243_2	0	0	0	0	0	0
DDR1_3	11	20	7	13	9	8
MIR4640_2	0	0	0	0	0	0
GTF2H4_2	3	0	0	0	0	1
VARS2_2	1	1	0	4	2	0
SFTA2_2	0	0	0	0	0	0
DPCR1_2	0	0	1	0	0	0
LOC102723346_2	0	0	0	0	0	0
MUC21_3	0	0	0	0	0	0
MUC22_3	0	0	0	0	0	0
HCG22_3	0	0	0	0	0	0
C6orf15_2	0	0	0	0	0	0
PSORS1C1_2	0	0	0	0	0	0
CDSN_2	0	0	0	0	0	0
PSORS1C2_2	0	0	0	0	0	0
CCHCR1_2	0	0	0	0	0	0
TCF19_2	0	0	0	0	0	0
POU5F1_2	0	0	0	0	0	0
PSORS1C3_2	0	0	0	0	0	0
HCG27_2	0	0	0	0	0	0
HLA-C_2	4	5	10	5	1	4
LOC101929772	0	0	0	0	0	0
HCG26_2	0	0	0	0	0	0
MICB_3	33	30	30	37	27	15
MCCD1_3	0	0	0	0	0	0
ATP6V1G2-DDX39B_3	0	0	0	0	0	0
DDX39B_3	0	0	0	0	0	0
SNORD117_3	0	0	0	0	0	0
SNORD84_2	0	0	0	0	0	0
ATP6V1G2_2	0	0	0	0	0	0
NFKBIL1_2	0	0	0	0	0	0
LTA_2	0	0	0	0	0	0
TNF_3	0	0	0	0	0	0
LTB_3	0	0	0	0	1	0
LST1_3	0	0	0	0	0	0
NCR3_3	0	0	0	0	0	0
AIF1_2	0	0	0	0	0	0
PRRC2A_2	1	2	6	2	2	5
SNORA38_2	0	0	0	0	0	0
MIR6832_2	0	0	0	0	0	0
BAG6_2	7	8	4	3	4	5
APOM_2	0	0	0	0	0	0
C6orf47_2	1	1	2	1	0	0
GPANK1_2	0	1	0	1	0	0
CSNK2B_2	0	0	0	0	0	0
LY6G5B_2	0	0	0	0	0	0
LY6G5C_2	0	0	0	0	0	0
ABHD16A_2	0	1	1	0	0	0
MIR4646_2	0	0	0	0	0	0
LY6G6F_2	0	0	0	0	0	0
LY6G6E_2	0	0	0	0	0	0
LY6G6D_2	0	0	0	0	0	0
LY6G6C_2	0	0	0	0	0	0
C6orf25_2	0	0	0	0	0	0
DDAH2_2	3	0	0	1	1	0
CLIC1_2	6	1	3	4	4	1
MSH5-SAPCD1_3	0	0	0	0	0	0
MSH5_3	0	0	0	0	0	0
SAPCD1_3	0	0	0	0	0	0
VWA7_3	0	0	0	0	0	0
VARS_3	0	0	0	0	0	1
LSM2_3	0	0	0	0	0	0
HSPA1L_3	0	0	0	0	0	0
HSPA1A_3	0	0	0	0	0	0
HSPA1B_3	0	0	0	1	0	0
C6orf48_3	0	0	0	0	0	0
SNORD48_3	0	0	0	0	0	0
SNORD52_3	0	0	0	0	0	0
NEU1_3	0	0	0	0	0	0
SLC44A4_3	0	0	0	0	0	0
EHMT2_3	0	0	0	0	0	0
C2_2	0	0	0	0	0	0
ZBTB12_2	0	0	0	0	0	0
LOC102060414_2	0	0	0	0	0	0
CFB_2	0	0	0	0	0	0
NELFE_2	0	0	0	0	0	0
MIR1236_1	0	0	0	0	0	0
SKIV2L_2	0	3	4	1	1	0
DXO_2	4	5	9	7	5	5
STK19_2	0	0	0	0	0	0
C4A_1	0	0	0	0	0	0
CYP21A1P_1	0	0	0	0	0	0
TNXA_1	0	0	0	0	0	0
C4B_2	0	0	0	0	0	0
CYP21A2_2	0	0	0	0	0	0
TNXB_3	0	0	0	0	0	0
ATF6B_2	0	0	0	2	0	0
FKBPL_2	2	0	0	0	0	0
LOC102725026	0	0	0	0	0	0
PRRT1_3	0	0	0	0	0	0
LOC100507547_3	0	0	0	0	0	0
PPT2_3	0	0	0	0	0	0
PPT2-EGFL8_3	0	0	0	0	0	0
C6orf10_3	0	0	0	0	0	0
HCG23_3	0	0	0	0	0	0
BTNL2_3	0	0	0	0	0	0
LOC101929163_2	0	0	0	0	0	0
HLA-DRA_2	0	0	0	0	0	0
HLA-DRB1_2	0	0	0	0	0	0
HLA-DQA1_2	0	0	0	0	0	0
HLA-DQB1_2	1	0	0	0	0	0
HLA-DQA2_3	0	0	0	0	0	0
MIR3135B_3	0	0	0	0	0	0
HLA-DQB2_3	0	0	0	0	0	0
HLA-DOB_3	0	0	0	0	0	0
TAP2_3	2	2	3	3	2	0
PSMB8_3	177	134	181	82	100	84
TAPSAR1_3	0	0	0	0	0	0
TAP1_3	0	1	0	0	0	0
PSMB9_3	0	0	0	0	0	0
LOC100294145_3	0	1	0	0	0	2
HLA-DMB_3	0	0	0	0	0	0
BRD2_2	7	10	6	10	4	10
HLA-DMA_3	0	0	0	0	1	0
HLA-DOA_2	0	0	0	0	0	0
HLA-DPA1_3	0	0	0	0	0	0
HLA-DPB1_3	0	0	0	0	0	0
HLA-DPB2_3	0	0	0	0	0	0
COL11A2_2	0	0	0	0	0	0
RXRB_2	0	0	0	0	0	0
SLC39A7_2	0	0	1	0	0	0
HSD17B8_2	0	0	0	0	0	0
MIR219-1_2	0	0	0	0	0	0
RING1_2	0	0	0	0	0	0
HCG25_2	0	0	0	0	0	0
VPS52_2	0	0	0	0	0	0
RPS18_2	0	0	1	0	0	0
B3GALT4_2	0	0	0	0	0	0
WDR46_2	0	0	0	0	0	0
MIR6873_2	0	0	0	0	0	0
PFDN6_2	0	0	0	0	0	0
MIR6834_2	0	0	0	0	0	0
RGL2_2	0	0	0	0	0	0
TAPBP_2	0	0	0	0	0	0
ZBTB22_2	0	0	0	0	0	0
DAXX_2	0	0	0	0	0	0
LOC102723452_2	0	0	0	0	0	0
RP11-666I19.2_3	0	0	0	0	0	0
DLGAP2_3	0	0	0	0	0	0
CLN8_1	0	0	0	0	0	0
LOC101927752_1	0	0	0	0	0	0
MIR3674_1	0	0	0	0	0	0
AP2A2_2	49	39	45	66	57	37
MUC6_2	2	0	3	2	1	1
LOC102725024	2	2	0	1	1	1
LOC101927503_1	0	0	0	0	0	0
MUC2_1	39	20	27	44	55	32
VSTM1_3	0	0	0	0	0	0
TARM1_3	0	0	0	0	0	0
OSCAR_3	0	0	0	0	0	0
NDUFA3_3	0	0	0	0	0	0
TFPT_3	0	0	0	0	0	0
PRPF31_3	0	0	0	0	0	0
AC012314.8_3	0	0	0	0	0	0
CNOT3_3	0	0	0	0	0	0
LOC102724273_3	0	0	0	0	0	0
LENG1_3	0	0	0	0	0	0
TMC4_3	0	0	0	0	0	0
MBOAT7_3	0	0	0	0	0	0
TSEN34_3	0	0	0	0	0	0
RPS9_3	0	0	0	0	0	0
LOC102725027	0	0	0	0	0	0
KIR3DL3_2	0	0	0	0	0	0
KIR2DL2	0	0	0	0	0	0
KIR2DS4_1	0	0	0	0	0	0
KIR3DL2_2	0	0	0	0	0	0
NCR1_3	0	0	0	0	0	0
NLRP7_3	0	0	0	0	0	0
NLRP2_3	0	0	0	0	0	0
GP6_3	0	0	0	0	0	0
RDH13_3	0	0	0	0	0	0
EPS8L1_3	0	0	0	0	0	0
FAM109B_3	0	0	0	0	0	0
SMDT1_3	0	0	0	0	0	0
NDUFA6_3	0	0	0	0	0	0
NDUFA6-AS1_3	0	0	0	0	0	0
CYP2D6_2	0	0	0	0	0	0
LOC102723722_1	0	0	0	0	0	0
CYP2D7P_2	0	0	0	0	0	0
TCF20_2	0	0	0	0	0	0
MUC4_4	0	0	0	0	0	0
MUC20_4	0	0	0	0	0	0
LINC00969_4	0	0	0	0	0	0
MIR570_4	0	0	0	0	0	0
SDHAP2_4	0	0	0	0	0	0
TRNAV18_4	0	0	0	0	0	0
TRNAR24_4	0	0	0	0	0	0
TRNAK29_4	0	0	0	0	0	0
TRNAA11_4	0	0	0	0	0	0
TRNAF8_4	0	0	0	0	0	0
TRNAF4_4	0	0	0	0	0	0
TRNAA19_4	0	0	0	0	0	0
TRNAF3_4	0	0	0	0	0	0
TRNAA34_4	0	0	0	0	0	0
TRNAA1_4	0	0	0	0	0	0
TRNAF5_4	0	0	0	0	0	0
TRNAA6_4	0	0	0	0	0	0
TRNAA10_4	0	0	0	0	0	0
TRNAF9_4	0	0	0	0	0	0
TRNAA13_4	0	0	0	0	0	0
LOC401242_4	0	0	0	0	0	0
TRNAA27_4	0	0	0	0	0	0
TRIM27_3	0	0	0	0	0	0
TRNAL22_2	0	0	0	0	0	0
TRNAQ11_2	0	0	0	0	0	0
TRNAL20_2	0	0	0	0	0	0
C6orf100_2	0	0	0	0	0	0
TRNAM12_2	0	0	0	0	0	0
TRNAK22_2	0	0	0	0	0	0
TRNAM8_2	0	0	0	0	0	0
TRNAF7_4	0	0	0	0	0	0
TRNAE6_4	0	0	0	0	0	0
HCG16_6	0	0	0	0	0	0
HCG16_7	0	0	0	0	0	0
TRNAL17_4	0	0	0	0	0	0
ZNF311_4	0	0	0	0	0	0
LOC100129636_4	0	0	0	0	0	0
OR2W1_4	0	0	0	0	0	0
OR2B3_4	0	0	0	0	0	0
OR2J3_4	0	0	0	0	0	0
OR2J2_4	0	0	0	0	0	0
LOC102724952_3	0	0	0	0	0	0
OR14J1_4	0	0	0	0	0	0
OR5V1_2	0	0	0	0	0	0
OR12D3_3	0	0	0	0	0	0
OR12D2_3	0	0	0	0	0	0
OR11A1_4	0	0	0	0	0	0
OR10C1_4	0	0	0	0	0	0
OR2H1_4	0	0	0	0	0	0
MAS1L_4	0	0	0	0	0	0
LINC01015_4	0	0	0	0	0	0
UBD_4	0	0	0	0	0	0
SNORD32B_4	0	0	0	0	0	0
OR2H2_4	0	0	0	0	0	0
GABBR1_4	0	0	1	0	0	0
MOG_4	0	0	0	0	1	0
ZFP57_4	0	0	0	0	0	0
HLA-F_3	1	0	0	0	0	1
HLA-F-AS1_3	0	0	0	1	1	0
IFITM4P_3	0	0	0	0	0	0
HCG4_4	0	0	0	0	0	0
LOC554223_4	0	0	0	0	0	0
HLA-G_4	0	0	0	0	0	0
HLA-H_4	0	0	0	0	0	0
HCG4B_4	0	0	0	0	0	0
HLA-A_4	9	6	7	9	4	0
HCG9_3	0	0	0	0	0	0
ZNRD1-AS1_4	0	0	0	0	0	0
HLA-J_4	0	0	0	0	0	0
HCG8_4	0	0	0	0	0	0
ZNRD1_4	0	1	0	0	0	0
PPP1R11_4	1	0	2	1	2	9
RNF39_4	0	0	0	0	0	0
TRIM31_4	0	0	0	0	0	0
TRIM40_4	0	0	0	0	0	0
TRIM10_4	0	0	0	0	0	0
TRIM15_4	0	0	0	0	0	0
TRIM26_4	1	1	0	0	1	2
HCG17_4	0	0	0	0	0	2
HLA-L_3	0	0	0	0	0	0
HCG18_4	4	4	5	5	14	5
TRIM39_4	0	1	0	0	0	0
TRIM39-RPP21_4	0	0	0	0	0	0
RPP21_4	0	0	0	0	0	0
HLA-E_3	7	5	3	3	5	4
GNL1_4	0	0	0	0	0	0
PRR3_3	0	1	0	0	0	0
ABCF1_3	0	0	1	0	0	0
MIR877_3	0	0	0	0	0	0
PPP1R10_3	0	0	0	0	0	0
MRPS18B_3	0	0	0	0	0	0
ATAT1_3	0	0	0	0	0	0
C6orf136_3	0	0	0	0	0	0
DHX16_4	0	0	0	0	0	0
PPP1R18_4	0	0	0	0	0	0
NRM_4	0	0	0	0	0	0
MDC1_4	0	0	0	0	0	0
TUBB_4	1	0	4	0	2	0
FLOT1_4	3	3	2	3	11	3
IER3_3	0	0	0	0	0	0
LINC00243_3	0	0	0	0	0	0
DDR1_4	0	0	0	0	0	0
MIR4640_3	0	0	0	0	0	0
GTF2H4_3	0	0	0	0	0	0
VARS2_3	0	0	0	0	0	0
SFTA2_3	0	0	0	0	0	0
MUC21_4	0	0	0	0	0	0
MUC22_4	0	0	0	0	0	0
HCG22_4	0	0	0	0	0	0
C6orf15_3	0	0	0	0	0	0
PSORS1C1_3	0	0	0	0	0	0
CDSN_3	0	0	0	0	0	0
PSORS1C2_3	0	0	0	0	0	0
CCHCR1_3	0	0	0	0	0	0
TCF19_3	0	0	0	0	0	0
POU5F1_3	0	0	0	0	0	0
PSORS1C3_3	0	0	0	0	0	0
HLA-C_3	8	13	12	10	11	17
HLA-B_2	58	34	41	18	20	13
MIR6891_2	0	0	0	0	0	0
LOC101929072_2	3	1	1	0	0	0
MICA_2	35	47	48	39	52	29
LINC01149_2	0	0	0	0	0	0
MICB_4	0	0	1	1	0	0
MCCD1_4	0	0	0	0	0	0
ATP6V1G2-DDX39B_4	0	0	0	0	0	0
DDX39B_4	0	0	0	0	0	0
SNORD117_4	0	0	0	0	0	0
SNORD84_3	0	0	0	0	0	0
ATP6V1G2_3	0	0	0	0	0	0
NFKBIL1_3	0	0	0	0	0	0
LTA_3	0	0	0	0	0	0
TNF_4	0	0	0	0	0	0
LTB_4	0	0	0	0	0	0
LST1_4	0	0	0	0	0	0
NCR3_4	0	0	0	0	0	0
PRRC2A_3	1	0	0	0	0	1
SNORA38_3	0	0	0	0	0	0
MIR6832_3	0	0	0	0	0	0
BAG6_3	0	0	0	0	0	0
APOM_3	0	0	0	0	0	0
C6orf47_3	0	0	0	0	0	0
GPANK1_3	0	0	0	0	0	0
CSNK2B_3	0	0	0	0	0	0
LY6G5B_3	0	0	0	0	0	0
LY6G5C_3	0	0	0	1	0	0
ABHD16A_3	0	0	0	0	0	0
MIR4646_3	0	0	0	0	0	0
LY6G6F_3	0	0	0	0	0	0
LY6G6E_3	0	0	0	0	0	0
LY6G6D_3	0	0	0	0	0	0
LY6G6C_3	0	0	0	0	0	0
C6orf25_3	0	0	0	0	0	0
DDAH2_3	0	0	0	0	0	0
CLIC1_3	0	0	0	0	0	0
MSH5_4	0	0	0	0	0	0
MSH5-SAPCD1_4	0	0	0	0	0	0
NEU1_4	0	0	0	0	0	0
C2_3	0	0	0	0	0	0
LOC102060414_3	0	0	0	0	0	0
CFB_3	0	0	0	0	0	0
TNXB_4	0	0	0	0	0	0
PRRT1_4	0	0	0	0	0	0
LOC100507547_4	0	0	0	0	0	0
PPT2_4	0	0	0	0	0	0
PPT2-EGFL8_4	0	0	0	0	0	0
EGFL8_3	0	0	0	0	0	0
AGPAT1_3	0	1	0	0	0	0
MIR6721_3	0	0	0	0	0	0
RNF5_3	2	2	1	0	1	0
MIR6833_3	0	0	0	0	0	0
AGER_3	0	0	0	0	0	0
PBX2_3	2	0	1	2	0	1
GPSM3_3	0	0	0	0	0	0
NOTCH4_3	0	0	0	0	0	0
C6orf10_4	0	0	0	0	0	0
HCG23_4	0	0	0	0	0	0
BTNL2_4	0	0	0	0	0	0
LOC102725030	0	0	0	0	0	0
HLA-DRA_3	0	0	0	0	0	0
HLA-DRB4	0	0	0	0	0	0
HLA-DRB1_3	0	0	0	0	0	0
HLA-DQA1_3	0	0	0	0	0	0
HLA-DQB1_3	0	0	0	0	0	0
HLA-DQA2_4	0	0	0	0	0	0
MIR3135B_4	0	0	0	0	0	0
HLA-DQB2_4	0	0	0	0	0	0
TAP2_4	0	4	0	0	2	3
PSMB8_4	0	0	0	0	0	0
TAPSAR1_4	0	0	0	0	0	0
TAP1_4	0	0	0	0	0	0
PSMB9_4	0	0	0	0	0	0
LOC100294145_4	0	0	0	0	0	0
HLA-DMB_4	0	0	0	0	0	0
HLA-DMA_4	0	0	0	0	0	0
BRD2_3	471	350	494	450	391	330
HLA-DOA_3	0	0	0	0	0	0
HLA-DPA1_4	0	0	0	0	0	0
HLA-DPB1_4	0	0	0	0	0	0
HLA-DPB2_4	0	0	0	0	0	0
COL11A2_3	0	0	0	0	0	0
RXRB_3	0	0	0	0	0	0
SLC39A7_3	0	0	0	0	0	0
HSD17B8_3	0	0	0	0	0	0
MIR219-1_3	0	0	0	0	0	0
RING1_3	0	0	0	0	0	0
HCG25_3	0	0	0	0	0	0
VPS52_3	0	0	0	0	0	0
VSTM1_4	0	0	0	0	0	0
TARM1_4	0	0	0	0	0	0
OSCAR_4	0	0	0	0	0	0
NDUFA3_4	0	0	0	0	0	0
TFPT_4	0	0	0	0	0	0
PRPF31_4	0	0	0	0	0	0
AC012314.8_4	0	0	0	0	0	0
CNOT3_4	0	0	0	0	0	0
LOC102724273_4	0	0	0	0	0	0
LENG1_4	0	0	0	0	0	0
TMC4_4	0	0	0	0	0	0
MBOAT7_4	0	0	0	0	0	0
TSEN34_4	0	0	0	0	0	0
RPS9_4	0	0	0	0	0	0
LOC102725029	0	0	0	0	0	0
KIR3DL3_3	0	0	0	0	0	0
LOC101928804_2	0	0	0	0	0	0
KIR2DL1_3	0	0	0	0	0	0
KIR3DL2_3	0	0	0	0	0	0
NCR1_4	0	0	0	0	0	0
NLRP7_4	0	0	0	0	0	0
NLRP2_4	0	0	0	0	0	0
GP6_4	0	0	0	0	0	0
RDH13_4	0	0	0	0	0	0
EPS8L1_4	0	0	0	0	0	0
SDHAP2_5	0	0	0	0	0	0
LINC00969_5	0	0	0	0	0	0
MIR570_5	0	0	0	0	0	0
LOC102724930_3	0	0	0	0	0	0
MUC20_5	0	0	0	0	0	0
MUC4_5	5	9	8	11	0	4
TRNAV18_5	0	0	0	0	0	0
TRNAR24_5	0	0	0	0	0	0
TRNAK29_5	0	0	0	0	0	0
TRNAA11_5	0	0	0	0	0	0
TRNAF8_5	0	0	0	0	0	0
TRNAF4_5	0	0	0	0	0	0
TRNAA19_5	0	0	0	0	0	0
TRNAF3_5	0	0	0	0	0	0
TRNAA34_5	0	0	0	0	0	0
TRNAA1_5	0	0	0	0	0	0
TRNAF5_5	0	0	0	0	0	0
TRNAA6_5	0	0	0	0	0	0
TRNAA10_5	0	0	0	0	0	0
TRNAF9_5	0	0	0	0	0	0
TRNAA13_5	0	0	0	0	0	0
LOC401242_5	0	0	0	0	0	0
TRNAA27_5	0	0	0	0	0	0
TRNAR9_3	0	0	0	0	0	0
TRNAL-CAA_3	0	0	0	0	0	0
HCG14_3	0	0	0	0	0	0
TRIM27_4	0	0	0	1	0	0
TRNAL22_3	0	0	0	0	0	0
TRNAQ11_3	0	0	0	0	0	0
TRNAL20_3	0	0	0	0	0	0
C6orf100_3	0	0	0	0	0	0
TRNAM12_3	0	0	0	0	0	0
TRNAK22_3	0	0	0	0	0	0
TRNAM8_3	0	0	0	0	0	0
LOC100129636_5	0	0	0	0	0	0
OR2W1_5	0	0	0	0	0	0
OR2B3_5	0	0	0	0	0	0
OR2J3_5	0	0	1	0	0	0
OR2J2_5	0	0	0	0	0	0
OR14J1_5	0	0	0	0	0	0
OR5V1_3	0	0	0	0	0	0
OR12D3_4	0	0	0	0	0	0
OR12D2_4	0	0	0	0	0	0
OR11A1_5	0	0	0	0	0	0
OR10C1_5	0	0	0	0	0	0
OR2H1_5	0	0	0	0	0	0
MAS1L_5	0	0	0	0	0	0
LINC01015_5	0	0	0	0	0	0
UBD_5	0	0	0	1	0	0
SNORD32B_5	0	0	0	0	0	0
OR2H2_5	0	0	0	0	0	0
GABBR1_5	0	0	0	0	0	0
MOG_5	0	0	0	0	0	0
ZFP57_5	0	0	0	0	0	0
HLA-F_4	0	0	0	0	0	0
HLA-F-AS1_4	0	0	0	0	0	0
IFITM4P_4	0	0	0	0	0	0
HCG4_5	0	0	0	0	0	0
LOC554223_5	0	0	0	0	0	0
HLA-G_5	0	0	0	0	0	0
HLA-H_5	0	0	0	0	0	0
HLA-A_5	0	0	0	0	0	0
HCG9_4	0	0	0	0	0	0
ZNRD1-AS1_5	0	0	0	0	0	0
HLA-J_5	0	0	0	1	0	0
HCG8_5	0	0	0	0	0	0
ZNRD1_5	0	0	0	0	0	0
PPP1R11_5	0	0	0	0	0	0
RNF39_5	0	0	0	0	0	0
TRIM31_5	0	0	0	0	0	0
TRIM40_5	0	0	0	0	0	0
TRIM10_5	0	0	0	0	0	0
TRIM15_5	0	0	0	0	0	0
TRIM26_5	0	0	0	0	0	0
HLA-E_4	0	0	0	0	0	0
GNL1_5	0	0	0	0	0	0
PRR3_4	0	0	0	0	0	0
ABCF1_4	0	0	0	0	0	0
MIR877_4	0	0	0	0	0	0
PPP1R10_4	0	0	0	0	0	0
MRPS18B_4	0	0	0	0	0	0
ATAT1_4	0	0	0	0	0	0
C6orf136_4	0	0	0	0	0	0
DHX16_5	0	0	0	0	0	0
PPP1R18_5	0	0	0	0	0	0
NRM_5	0	0	0	0	0	0
MDC1_5	0	0	0	0	0	0
TUBB_5	0	0	0	0	0	0
FLOT1_5	0	0	0	0	0	0
DDR1_5	3	2	1	2	5	3
MIR4640_4	0	0	0	0	0	0
GTF2H4_4	0	0	0	0	2	3
VARS2_4	0	0	0	0	0	0
SFTA2_4	0	0	0	0	0	0
DPCR1_3	0	0	0	0	0	0
MUC21_5	0	0	0	0	0	0
MUC22_5	0	0	0	0	0	0
HCG22_5	0	0	0	0	0	0
C6orf15_4	0	0	0	0	0	0
PSORS1C1_4	0	0	0	0	0	0
CDSN_4	0	0	0	0	0	0
PSORS1C2_4	0	0	0	0	0	0
CCHCR1_4	1	0	0	0	0	0
TCF19_4	0	0	0	0	0	0
POU5F1_4	0	0	0	0	0	0
PSORS1C3_4	0	0	0	0	0	0
HCG27_3	0	0	0	0	0	0
HLA-C_4	5	20	14	9	5	5
HLA-B_3	1367	1272	1230	546	435	407
HCP5_2	0	0	0	0	0	0
HCG26_3	0	0	0	0	0	0
MICB_5	0	0	0	0	0	0
MCCD1_5	0	0	0	0	0	0
ATP6V1G2-DDX39B_5	0	0	0	0	0	0
DDX39B_5	2	0	0	0	0	3
SNORD117_5	0	0	0	0	0	0
SNORD84_4	0	0	0	0	0	0
ATP6V1G2_4	0	0	0	0	0	0
NFKBIL1_4	39	47	51	62	39	31
LTA_4	0	0	0	0	0	0
TNF_5	0	0	0	0	0	0
LTB_5	0	0	0	0	0	0
LST1_5	0	0	0	0	0	0
NCR3_5	0	0	0	0	0	0
AIF1_3	0	0	0	0	0	0
PRRC2A_4	5	6	2	3	5	4
SNORA38_4	0	0	0	0	0	0
MIR6832_4	0	0	0	0	0	0
BAG6_4	4	7	5	4	5	5
APOM_4	0	0	0	0	0	0
C6orf47_4	0	0	0	0	0	0
GPANK1_4	1	0	0	1	0	0
CSNK2B_4	5	5	1	6	4	2
LY6G5B_4	0	0	0	0	0	0
LY6G5C_4	0	0	0	0	0	0
ABHD16A_4	0	0	0	0	0	0
MIR4646_4	0	0	0	0	0	0
LY6G6F_4	0	0	0	0	0	0
LY6G6E_4	0	0	0	0	0	0
LY6G6D_4	0	0	0	0	0	0
LY6G6C_4	0	0	0	0	0	0
C6orf25_4	0	0	0	0	0	0
DDAH2_4	0	0	0	0	0	0
CLIC1_4	0	0	0	0	0	0
MSH5-SAPCD1_5	0	0	0	0	0	0
MSH5_5	0	0	0	0	0	0
SAPCD1_4	0	0	0	0	0	0
VWA7_4	0	0	0	0	0	0
VARS_4	0	0	0	0	0	0
LSM2_4	0	0	0	0	0	0
NEU1_5	0	0	0	0	0	0
SLC44A4_4	0	0	0	0	0	0
EHMT2_4	0	0	0	0	0	0
C2_4	0	0	0	0	1	0
ZBTB12_3	0	0	0	0	0	0
LOC102060414_4	0	0	0	0	0	0
CFB_4	0	0	0	0	0	0
NELFE_3	0	0	0	0	0	0
MIR1236_2	0	0	0	0	0	0
SKIV2L_3	0	0	0	0	0	0
DXO_3	0	0	0	0	0	0
STK19_3	0	0	0	0	0	0
TNXA_2	0	0	0	0	0	0
C4A_2	0	0	0	0	0	0
CYP21A2_3	0	0	0	0	0	0
TNXB_5	0	0	0	0	0	0
ATF6B_3	3	3	0	1	0	0
FKBPL_3	0	0	0	0	0	0
PRRT1_5	0	0	1	0	0	0
LOC100507547_5	0	0	0	0	0	0
PPT2_5	0	0	0	0	0	0
PPT2-EGFL8_5	0	0	0	0	0	0
EGFL8_4	0	0	0	0	0	0
AGPAT1_4	0	0	0	0	0	0
MIR6721_4	0	0	0	0	0	0
RNF5_4	0	0	0	0	0	0
MIR6833_4	0	0	0	0	0	0
AGER_4	0	0	0	0	0	0
PBX2_4	0	0	0	0	0	0
GPSM3_4	0	0	0	0	0	0
NOTCH4_4	0	0	0	0	0	0
C6orf10_5	0	0	0	0	0	0
HCG23_5	0	0	0	0	0	0
BTNL2_5	0	0	0	0	0	0
HLA-DRA_4	0	0	0	0	0	0
HLA-DRB4_1	0	0	0	0	0	1
HLA-DQA1_4	0	0	0	0	0	0
HLA-DQB1_4	0	0	0	0	0	0
HLA-DQA2_5	0	0	0	0	0	0
MIR3135B_5	0	0	0	0	0	0
HLA-DQB2_5	0	0	0	0	0	0
HLA-DOB_4	0	0	0	0	0	0
TAP2_5	242	197	276	151	132	116
PSMB8_5	0	0	0	0	0	0
TAPSAR1_5	0	0	0	0	0	0
TAP1_5	0	0	0	0	0	0
PSMB9_5	0	0	0	0	0	0
LOC100294145_5	0	0	0	0	0	0
HLA-DMB_5	0	0	0	0	0	0
HLA-DMA_5	0	0	0	0	0	0
BRD2_4	0	0	0	0	0	0
HLA-DOA_4	0	0	0	0	0	0
HLA-DPA1_5	0	0	0	0	0	0
HLA-DPB1_5	0	0	0	0	0	0
HLA-DPB2_5	0	0	0	0	0	0
COL11A2_4	0	0	0	0	0	0
RXRB_4	0	0	0	0	0	0
SLC39A7_4	0	0	0	0	0	0
HSD17B8_4	0	0	0	0	0	0
MIR219-1_4	0	0	0	0	0	0
RING1_4	0	0	0	0	0	0
HCG25_4	0	0	0	0	0	0
VPS52_4	0	0	0	0	0	0
RPS18_3	0	0	0	0	0	0
B3GALT4_3	0	0	0	0	0	0
WDR46_3	0	0	0	0	0	0
MIR6873_3	0	0	0	0	0	0
PFDN6_3	0	0	0	0	0	0
MIR6834_3	0	0	0	0	0	0
RGL2_3	0	0	0	0	0	0
TAPBP_3	0	0	1	0	0	0
ZBTB22_3	0	0	0	0	0	0
DAXX_3	3	8	6	9	5	8
LOC102723452_3	0	0	0	0	0	0
KIFC1_1	0	0	0	0	0	0
VSTM1_5	0	0	0	0	0	0
TARM1_5	0	0	0	0	0	0
OSCAR_5	0	0	0	0	0	0
NDUFA3_5	0	0	0	0	0	0
TFPT_5	0	0	0	0	0	0
PRPF31_5	0	0	0	0	0	0
AC012314.8_5	0	0	0	0	0	0
CNOT3_5	0	0	0	0	0	0
LOC102724273_5	0	0	0	0	0	0
LENG1_5	0	0	0	0	0	0
TMC4_5	0	0	0	0	0	0
MBOAT7_5	0	0	0	0	0	0
TSEN34_5	0	0	0	0	0	0
RPS9_5	0	0	0	0	0	0
LOC102725031	0	0	0	0	0	0
KIR2DS4_2	0	0	0	0	0	0
KIR3DL2_4	0	0	0	0	0	0
NCR1_5	0	0	0	0	0	0
NLRP7_5	0	0	0	0	0	0
NLRP2_5	0	0	0	0	0	0
GP6_5	0	0	0	0	0	0
RDH13_5	0	0	0	0	0	0
EPS8L1_5	0	0	0	0	0	0
MUC4_6	0	0	0	0	0	0
MUC20_6	29	24	30	35	25	21
LINC00969_6	0	0	0	0	0	0
MIR570_6	0	0	0	0	0	0
SDHAP2_6	0	0	0	0	0	0
TRNAV18_6	0	0	0	0	0	0
TRNAR24_6	0	0	0	0	0	0
TRNAK29_6	0	0	0	0	0	0
TRNAA11_6	0	0	0	0	0	0
TRNAF8_6	0	0	0	0	0	0
TRNAF4_6	0	0	0	0	0	0
TRNAA19_6	0	0	0	0	0	0
TRNAF3_6	0	0	0	0	0	0
TRNAA34_6	0	0	0	0	0	0
TRNAA1_6	0	0	0	0	0	0
TRNAF5_6	0	0	0	0	0	0
TRNAA6_6	0	0	0	0	0	0
TRNAA10_6	0	0	0	0	0	0
TRNAF9_6	0	0	0	0	0	0
TRNAA13_6	0	0	0	0	0	0
LOC401242_6	0	0	0	0	0	0
TRNAA27_6	0	0	0	0	0	0
TRNAR9_4	0	0	0	0	0	0
TRNAL-CAA_4	0	0	0	0	0	0
HCG14_4	0	0	0	0	0	0
TRIM27_5	0	0	0	0	0	0
TRNAL22_4	0	0	0	0	0	0
TRNAQ11_4	0	0	0	0	0	0
TRNAL20_4	0	0	0	0	0	0
C6orf100_4	0	0	0	0	0	0
TRNAM12_4	0	0	0	0	0	0
TRNAK22_4	0	0	0	0	0	0
TRNAM8_4	0	0	0	0	0	0
TRNAF7_5	0	0	0	0	0	0
TRNAE6_5	0	0	0	0	0	0
HCG16_8	0	0	0	0	0	0
HCG16_9	0	0	0	0	0	0
TRNAL17_5	0	0	0	0	0	0
ZNF311_5	0	0	0	0	0	0
LOC100129636_6	0	0	0	0	0	0
OR2W1_6	0	0	0	0	0	0
OR2B3_6	0	0	0	0	0	0
OR2J3_6	0	0	0	0	0	0
OR2J2_6	0	0	0	0	0	0
OR11A1_6	0	0	0	0	0	0
OR10C1_6	0	0	0	0	0	0
OR2H1_6	0	0	0	0	0	0
MAS1L_6	0	0	0	0	0	0
LINC01015_6	0	0	0	0	0	0
UBD_6	0	0	0	0	0	0
SNORD32B_6	0	0	0	0	0	0
OR2H2_6	0	0	0	0	0	0
GABBR1_6	0	0	0	0	0	0
MOG_6	0	0	0	0	0	0
ZFP57_6	0	0	0	0	0	0
HLA-F_5	0	0	0	0	0	0
HLA-F-AS1_5	0	0	0	0	0	0
IFITM4P_5	0	0	0	0	0	0
HCG4_6	0	1	0	0	0	0
LOC554223_6	0	0	0	1	0	0
HLA-G_6	0	0	0	0	0	0
HLA-H_6	0	0	0	0	0	0
HCG4B_5	0	0	0	0	0	0
HLA-A_6	11	8	2	5	5	13
HCG9_5	0	0	0	0	0	0
ZNRD1-AS1_6	0	0	0	0	1	0
HLA-J_6	0	0	0	0	0	0
HCG8_6	0	0	0	0	0	0
ZNRD1_6	3	8	3	4	0	4
PPP1R11_6	3	5	4	4	4	5
RNF39_6	0	0	0	1	0	0
TRIM31_6	0	0	0	0	0	0
TRIM40_6	0	0	0	0	0	0
TRIM10_6	0	0	0	0	0	0
TRIM15_6	0	0	0	0	0	0
TRIM26_6	0	0	0	0	0	0
HCG17_5	0	0	0	0	0	0
HLA-L_4	0	0	0	0	0	0
HCG18_5	0	0	0	0	0	0
TRIM39_5	0	0	0	0	0	0
TRIM39-RPP21_5	0	0	0	0	0	0
RPP21_5	0	0	0	0	0	0
HLA-E_5	0	0	0	0	0	0
GNL1_6	0	0	0	0	0	0
PRR3_5	0	0	0	0	0	0
ABCF1_5	0	0	0	0	0	0
MIR877_5	0	0	0	0	0	0
PPP1R10_5	0	1	0	0	0	0
MRPS18B_5	0	1	0	0	0	0
ATAT1_5	0	0	0	0	0	0
C6orf136_5	0	0	0	0	0	0
DHX16_6	0	0	2	2	0	1
PPP1R18_6	0	1	0	0	1	1
NRM_6	0	0	0	0	0	0
MDC1_6	2	3	2	3	1	2
TUBB_6	32	41	34	33	34	21
FLOT1_6	0	0	0	0	0	0
IER3_4	0	0	1	0	1	0
LINC00243_4	0	0	0	0	0	0
DDR1_6	0	0	0	0	0	0
MIR4640_5	0	0	0	0	0	0
GTF2H4_5	0	0	0	0	0	0
VARS2_5	0	0	0	0	0	0
SFTA2_5	0	0	0	0	0	0
DPCR1_4	0	0	0	0	0	0
MUC21_6	0	0	0	0	0	0
MUC22_6	0	0	0	0	0	0
HCG22_6	0	0	0	0	0	0
C6orf15_5	1	0	0	0	0	0
PSORS1C1_5	0	0	0	0	0	0
CDSN_5	0	0	0	0	0	0
PSORS1C2_5	0	0	0	1	0	0
CCHCR1_5	1	2	2	0	1	3
TCF19_5	0	0	0	0	0	0
POU5F1_5	0	0	0	0	0	0
PSORS1C3_5	0	0	0	0	0	0
HCG27_4	1	0	0	0	0	1
HLA-C_5	0	0	0	0	0	0
HLA-B_4	4	8	5	3	4	1
MICA_3	5	6	7	4	2	5
HCG26_4	0	0	0	0	0	0
MICB_6	4	0	1	0	0	3
MCCD1_6	0	0	0	0	0	0
ATP6V1G2-DDX39B_6	0	0	0	0	0	0
DDX39B_6	0	0	0	0	0	0
SNORD117_6	0	0	0	0	0	0
SNORD84_5	0	0	0	0	0	0
ATP6V1G2_5	0	0	0	0	0	0
NFKBIL1_5	0	0	0	0	0	0
LTA_5	0	0	0	0	0	0
TNF_6	0	0	0	0	0	0
LTB_6	0	0	0	0	0	0
LST1_6	0	0	0	0	0	0
NCR3_6	0	0	0	0	0	0
AIF1_4	0	0	0	0	0	0
PRRC2A_5	0	0	0	0	0	0
SNORA38_5	0	0	0	0	0	0
MIR6832_5	0	0	0	0	0	0
BAG6_5	0	0	1	0	0	0
APOM_5	0	0	0	0	0	0
C6orf47_5	0	0	0	0	0	0
GPANK1_5	0	0	0	0	0	0
CSNK2B_5	0	0	0	0	0	0
LY6G5B_5	0	0	0	0	0	0
LY6G5C_5	0	0	0	0	0	0
ABHD16A_5	0	0	0	0	0	0
MIR4646_5	0	0	0	0	0	0
LY6G6F_5	0	0	0	0	0	0
LY6G6E_5	0	0	0	0	0	0
LY6G6D_5	0	0	0	0	0	0
LY6G6C_5	5	0	4	2	7	0
C6orf25_5	0	0	0	0	0	0
DDAH2_5	0	0	0	0	0	0
CLIC1_5	0	0	0	0	0	0
MSH5_6	0	0	0	0	0	0
MSH5-SAPCD1_6	0	0	0	0	0	0
VARS_5	0	0	0	0	0	0
LSM2_5	0	0	0	0	0	0
HSPA1L_4	0	0	0	0	0	0
HSPA1A_4	1753	1385	1838	1354	1389	999
HSPA1B_4	200	166	228	177	139	126
C6orf48_4	0	2	1	1	3	1
SNORD48_4	0	0	0	0	0	0
SNORD52_4	0	0	0	0	0	0
NEU1_6	0	0	0	0	0	0
SLC44A4_5	0	0	0	0	0	0
EHMT2_5	2	0	3	0	1	0
C2_5	0	0	0	0	0	0
ZBTB12_4	0	2	0	0	1	0
LOC102060414_5	0	0	0	0	0	0
CFB_5	0	0	0	0	0	0
NELFE_4	0	0	0	0	0	0
MIR1236_3	0	0	0	0	0	0
SKIV2L_4	0	0	0	0	0	0
DXO_4	8	10	15	14	6	8
STK19_4	25	32	36	27	23	19
C4A_3	0	0	0	0	0	0
CYP21A1P_2	0	0	0	0	0	0
TNXB_6	0	0	0	0	0	0
PRRT1_6	0	0	0	0	0	0
LOC100507547_6	0	0	0	0	0	0
PPT2_6	0	0	0	0	0	0
PPT2-EGFL8_6	0	0	0	0	0	0
EGFL8_5	0	0	0	0	0	0
AGPAT1_5	0	0	0	0	0	0
MIR6721_5	0	0	0	0	0	0
RNF5_5	0	0	0	0	0	0
MIR6833_5	0	0	0	0	0	0
AGER_5	0	0	0	0	0	0
PBX2_5	0	0	0	1	0	0
GPSM3_5	0	0	0	0	0	0
NOTCH4_5	0	0	0	0	0	1
C6orf10_6	0	0	0	0	0	0
HCG23_6	0	0	0	0	0	0
BTNL2_6	0	0	0	0	0	0
LOC101929163_3	0	0	0	0	0	0
HLA-DRA_5	0	0	0	0	0	0
HLA-DRB3_2	0	0	0	0	0	0
HLA-DRB1_4	0	0	0	0	0	0
HLA-DQA1_5	0	0	0	0	0	0
HLA-DQB1_5	0	0	0	0	0	0
HLA-DQA2_6	0	0	0	0	0	0
MIR3135B_6	0	0	0	0	0	0
HLA-DQB2_6	0	0	0	0	0	0
TAP2_6	0	0	0	0	0	0
PSMB8_6	0	0	0	0	0	0
TAPSAR1_6	0	0	0	0	0	0
TAP1_6	0	0	0	0	0	0
PSMB9_6	0	0	0	0	0	0
LOC100294145_6	0	0	0	0	0	0
HLA-DMB_6	0	0	0	0	0	0
HLA-DMA_6	0	0	0	0	0	0
BRD2_5	9	3	6	7	8	7
HLA-DOA_5	0	0	0	0	0	0
HLA-DPA1_6	0	0	0	0	0	0
HLA-DPB1_6	0	0	0	0	0	0
HLA-DPB2_6	0	0	0	0	0	0
COL11A2_5	0	0	0	0	0	0
RXRB_5	1	1	2	3	1	0
SLC39A7_5	3	8	6	4	2	0
HSD17B8_5	0	1	0	0	0	0
MIR219-1_5	0	0	0	0	0	0
RING1_5	2	1	3	0	8	5
HCG25_5	0	0	0	0	0	0
VPS52_5	104	82	129	114	99	71
RPS18_4	23	7	22	18	12	22
B3GALT4_4	26	9	15	7	18	6
WDR46_4	259	228	318	264	245	167
MIR6873_4	0	0	0	0	0	0
PFDN6_4	0	1	0	0	1	0
MIR6834_4	0	0	0	0	0	0
RGL2_4	10	10	9	12	1	3
TAPBP_4	187	157	179	151	118	98
ZBTB22_4	0	0	1	0	0	0
DAXX_4	16	8	8	16	5	5
LOC102723452_4	0	0	0	0	0	0
KIFC1_2	0	1	1	2	2	1
VSTM1_6	0	0	0	0	0	0
TARM1_6	0	0	0	0	0	0
OSCAR_6	0	0	0	0	0	0
NDUFA3_6	0	0	0	0	0	0
TFPT_6	0	0	0	0	0	0
PRPF31_6	0	0	0	0	0	0
AC012314.8_6	0	0	0	0	0	0
CNOT3_6	0	0	0	0	0	0
LOC102724273_6	0	0	0	0	0	0
LENG1_6	0	0	0	0	0	0
TMC4_6	0	0	0	0	0	0
MBOAT7_6	0	0	0	0	0	0
TSEN34_6	0	0	0	0	0	0
RPS9_6	0	0	0	0	0	0
LOC102725034	0	0	0	0	0	0
KIR3DL3_4	0	0	0	0	0	0
KIR2DL3_2	0	0	0	0	0	0
KIR2DS5_1	0	0	0	0	0	0
LOC101928804_3	0	0	0	0	0	0
KIR3DL2_5	0	0	0	0	0	0
NCR1_6	0	0	0	0	0	0
NLRP7_6	0	0	0	0	0	0
NLRP2_6	0	0	0	0	0	0
GP6_6	0	0	0	0	0	0
RDH13_6	0	0	0	0	0	0
EPS8L1_6	0	0	0	0	0	0
MUC4_7	0	1	0	3	0	2
MUC20_7	5	0	1	0	0	1
LOC102724930_4	6	4	1	1	3	8
LINC00969_7	0	0	0	0	0	0
MIR570_7	0	0	0	0	0	0
SDHAP2_7	0	0	0	0	0	0
TRNAA38_2	0	0	0	0	0	0
TRNAA8_2	0	0	0	0	0	0
TRNAA12_2	0	0	0	0	0	0
TRNAT21_2	0	0	0	0	0	0
TRNAA5_2	0	0	0	0	0	0
TRNAV18_7	0	0	0	0	0	0
TRNAR24_7	0	0	0	0	0	0
TRNAK29_7	2	1	3	0	1	1
TRNAA11_7	0	0	0	0	0	0
TRNAF8_7	0	0	0	0	0	0
TRNAF4_7	0	0	0	0	0	0
TRNAA19_7	0	0	0	0	0	0
TRNAF3_7	0	0	0	0	0	0
TRNAA34_7	0	0	0	0	0	0
TRNAA1_7	0	0	0	0	0	0
TRNAF5_7	0	0	0	0	0	0
TRNAA6_7	0	0	0	0	0	0
TRNAA10_7	0	0	0	0	0	0
TRNAF9_7	0	0	0	0	0	0
TRNAA13_7	0	0	0	0	0	0
LOC401242_7	0	0	0	0	0	0
TRNAA27_7	0	0	0	0	0	0
TRNAR9_5	0	0	0	0	0	0
TRNAL-CAA_5	0	0	0	0	0	0
HCG14_5	0	0	0	0	0	0
TRIM27_6	0	0	0	0	0	0
TRNAL22_5	0	0	0	0	0	0
TRNAQ11_5	0	0	0	0	0	0
TRNAL20_5	0	0	0	0	0	0
C6orf100_5	0	0	0	0	0	0
TRNAM12_5	0	0	0	0	0	0
TRNAK22_5	0	0	0	0	0	0
TRNAM8_5	0	0	0	0	0	0
TRNAF7_6	0	0	0	0	0	0
TRNAE6_6	0	0	0	0	0	0
HCG16_10	1	0	2	0	0	0
TRNAL17_6	0	0	0	0	0	0
ZNF311_6	5	5	10	7	4	6
LOC100129636_7	0	0	0	0	0	0
OR2W1_7	0	0	0	0	0	0
OR2B3_7	0	0	0	0	0	0
OR2J3_7	0	0	0	0	0	0
OR2J2_7	0	0	0	0	0	0
LOC101929006_3	0	0	0	0	0	0
LOC102724952_4	0	0	0	0	0	0
OR14J1_6	0	0	0	0	0	0
OR5V1_4	0	0	0	0	0	0
OR12D3_5	0	0	0	0	0	0
OR12D2_5	0	0	0	0	0	0
OR11A1_7	0	0	0	0	0	0
OR10C1_7	0	0	0	0	0	0
OR2H1_7	0	0	0	0	0	0
MAS1L_7	0	0	0	0	0	0
LINC01015_7	0	0	0	0	0	0
GABBR1_7	0	0	0	0	0	0
MOG_7	0	0	0	0	0	0
ZFP57_7	0	0	0	0	0	0
HLA-F_6	0	0	0	0	0	0
HLA-F-AS1_6	0	0	0	0	0	0
IFITM4P_6	0	0	0	0	0	0
HCG4_7	0	0	0	0	0	0
LOC554223_7	0	0	0	0	0	0
HLA-G_7	0	0	0	1	0	0
HLA-H_7	0	0	0	0	0	0
HCG4B_6	0	0	0	1	0	0
HLA-A_7	47	37	26	27	24	19
HCG9_6	0	0	0	0	0	0
ZNRD1-AS1_7	0	0	0	0	0	0
HLA-J_7	0	0	0	0	0	0
HCG8_7	0	0	0	0	0	0
ZNRD1_7	0	0	0	0	0	0
PPP1R11_7	1	1	1	1	1	3
RNF39_7	0	0	0	0	0	0
TRIM31_7	0	0	0	0	0	0
TRIM40_7	0	0	0	0	0	0
TRIM10_7	0	0	0	0	0	0
TRIM15_7	0	0	0	0	0	0
TRIM26_7	0	0	0	0	0	0
HCG17_6	0	0	0	0	0	0
HLA-L_5	0	0	0	0	0	0
HCG18_6	0	0	0	0	0	0
TRIM39_6	0	0	0	0	0	0
TRIM39-RPP21_6	0	0	0	0	0	0
RPP21_6	0	0	0	0	0	0
HLA-E_6	0	0	0	0	0	0
GNL1_7	1	1	2	1	2	1
PRR3_6	0	0	0	0	0	0
ABCF1_6	0	0	0	0	0	0
MIR877_6	0	0	0	0	0	0
PPP1R10_6	0	0	0	0	0	0
MRPS18B_6	0	0	0	0	0	0
ATAT1_6	0	0	0	0	0	0
C6orf136_6	0	0	0	0	0	0
DHX16_7	0	0	0	0	0	1
PPP1R18_7	0	0	0	0	0	0
MDC1_7	4	3	3	0	1	1
TUBB_7	0	0	0	0	0	1
FLOT1_7	3	4	4	0	7	3
IER3_5	0	0	0	0	0	0
LOC100996707	0	0	0	0	0	0
MUC22_7	0	0	0	0	0	0
HCG22_7	0	0	0	0	0	0
TCF19_6	0	0	0	0	0	0
POU5F1_6	0	0	0	0	0	0
PSORS1C3_6	0	0	0	0	0	0
HCG27_5	0	0	0	0	0	0
HLA-C_6	4	1	4	2	9	5
HLA-B_5	5	1	0	0	2	0
MIR6891_3	0	0	0	0	0	0
LOC101929072_3	0	0	0	0	0	0
MICA_4	0	1	0	1	0	0
LINC01149_3	0	0	0	0	0	0
HCP5_3	0	0	0	0	0	0
HCG26_5	0	0	1	0	0	1
MICB_7	1	2	0	0	0	2
MCCD1_7	0	0	0	0	0	0
ATP6V1G2-DDX39B_7	0	0	0	0	0	0
DDX39B_7	0	0	0	0	0	0
SNORD117_7	0	0	0	0	0	0
SNORD84_6	0	0	0	0	0	0
ATP6V1G2_6	0	0	0	0	0	0
NFKBIL1_6	0	0	0	0	0	0
LTA_6	0	0	0	0	0	0
TNF_7	0	0	0	0	0	0
LTB_7	0	0	0	0	0	0
LST1_7	0	0	0	0	0	0
NCR3_7	0	0	0	0	0	0
AIF1_5	0	0	0	0	0	0
PRRC2A_6	0	0	0	0	0	0
SNORA38_6	0	0	0	0	0	0
MIR6832_6	0	0	0	0	0	0
BAG6_6	5	1	4	2	3	1
APOM_6	0	0	0	0	0	0
C6orf47_6	0	0	0	0	0	0
GPANK1_6	0	0	0	0	0	0
CSNK2B_6	0	0	0	0	0	0
LY6G5B_6	0	0	0	0	0	0
LY6G5C_6	0	0	0	0	0	0
ABHD16A_6	0	0	0	0	0	0
MIR4646_6	0	0	0	0	0	0
LY6G6F_6	0	0	0	0	0	0
LY6G6E_6	0	0	0	0	0	0
LY6G6D_6	0	0	0	0	0	0
LY6G6C_6	0	0	0	0	0	0
C6orf25_6	0	0	0	0	0	0
DDAH2_6	0	0	0	0	0	0
CLIC1_6	0	0	0	0	0	0
MSH5-SAPCD1_7	0	0	0	0	0	0
MSH5_7	0	0	0	0	0	0
SAPCD1_5	0	0	0	0	0	0
VWA7_5	0	0	0	0	0	0
VARS_6	1	0	0	0	0	0
NEU1_7	0	0	0	0	0	0
SLC44A4_6	0	0	0	0	0	0
EHMT2_6	0	0	0	0	0	0
C2_6	0	0	0	0	0	0
LOC102060414_6	0	0	0	0	0	0
CFB_6	0	0	0	0	0	0
NELFE_5	0	0	0	0	0	0
MIR1236_4	0	0	0	0	0	0
SKIV2L_5	0	0	0	0	0	0
DXO_5	0	0	0	0	0	0
STK19_5	0	0	0	0	0	0
C4B_2_1	0	0	0	0	0	0
CYP21A1P_3	0	0	1	0	0	0
TNXA_3	0	0	0	0	0	0
C4B_3	0	0	0	0	0	0
CYP21A2_4	0	0	0	0	0	0
TNXB_7	0	0	0	0	0	0
PRRT1_7	0	0	0	0	0	0
LOC100507547_7	0	0	0	0	0	0
PPT2_7	0	0	0	0	0	0
PPT2-EGFL8_7	0	0	0	0	0	0
EGFL8_6	0	0	0	0	0	0
AGPAT1_6	0	0	0	0	0	0
MIR6721_6	0	0	0	0	0	0
RNF5_6	0	0	0	0	0	0
MIR6833_6	0	0	0	0	0	0
AGER_6	0	0	0	0	0	0
PBX2_6	7	6	1	3	5	8
GPSM3_6	0	0	0	0	0	0
NOTCH4_6	0	0	0	0	0	0
C6orf10_7	0	0	0	0	0	0
HCG23_7	0	0	0	0	0	0
BTNL2_7	0	0	0	0	0	0
HLA-DRA_6	0	0	0	0	0	0
HLA-DRB4_2	0	0	0	0	0	0
HLA-DQA1_6	0	0	0	0	0	0
HLA-DQB1_6	0	3	0	3	0	2
HLA-DQA2_7	0	0	0	0	0	0
MIR3135B_7	0	0	0	0	0	0
HLA-DQB2_7	0	0	0	0	0	0
HLA-DOB_5	0	0	0	0	0	0
TAP2_7	0	1	2	2	0	1
PSMB8_7	4	0	5	0	1	1
TAPSAR1_7	0	0	0	0	0	0
TAP1_7	0	1	0	2	0	0
PSMB9_7	0	0	0	0	0	0
LOC100294145_7	0	0	0	0	0	0
HLA-DMB_7	0	0	0	0	0	0
HLA-DMA_7	0	0	0	0	0	0
BRD2_6	9	19	13	18	12	5
HLA-DOA_6	0	0	0	0	0	0
HLA-DPA1_7	0	0	0	0	0	0
HLA-DPB1_7	0	0	0	0	0	0
HLA-DPB2_7	0	0	0	0	0	0
COL11A2_6	0	0	0	0	0	0
HCG25_6	0	0	0	0	0	0
VPS52_6	0	0	0	0	0	0
RPS18_5	0	0	0	0	0	0
KIFC1_3	9	4	8	13	2	2
PHF1_1	113	106	153	93	91	70
CUTA_1	0	1	0	0	0	0
SYNGAP1_1	17	14	17	17	17	15
MIR5004_1	0	0	0	0	0	0
ZBTB9_1	33	26	37	26	24	12
VSTM1_7	0	0	0	0	0	0
TARM1_7	0	0	0	0	0	0
OSCAR_7	0	0	0	0	0	0
NDUFA3_7	2	1	10	4	4	4
TFPT_7	0	0	0	0	0	0
PRPF31_7	0	0	2	0	3	1
AC012314.8_7	0	0	0	0	0	0
CNOT3_7	0	0	0	0	0	0
LOC102724273_7	0	0	0	0	0	0
LENG1_7	0	0	0	0	0	0
TMC4_7	1	0	1	0	2	1
MBOAT7_7	0	0	0	0	0	1
TSEN34_7	0	0	0	0	0	0
RPS9_7	23	16	29	22	19	20
LOC102725035	0	0	2	1	0	1
LILRA6_2	0	0	0	0	0	0
LILRB5_2	0	0	0	0	0	0
LILRB2_2	0	0	0	0	0	0
LAIR1_2	0	0	0	0	0	0
TTYH1_2	0	0	0	0	0	0
LOC102725036	0	0	0	0	0	0
LENG8_2	0	0	0	0	0	0
LENG9_2	0	0	0	0	0	0
CDC42EP5_2	0	0	0	0	0	0
LAIR2_2	0	0	0	0	0	0
KIR3DX1_2	0	0	0	0	0	0
LILRA2_2	0	0	0	0	0	0
LILRA1_2	0	0	0	0	0	0
LILRB1_2	0	0	0	0	0	0
MIR8061_2	0	0	0	0	0	0
LILRB4_2	0	0	0	0	0	0
LOC102724290_2	0	0	0	0	0	0
LILRP2_2	0	0	0	0	0	0
KIR3DL3_5	0	0	0	0	0	0
KIR2DL3_3	0	0	0	0	0	0
LOC101928804_4	0	0	0	0	0	0
KIR2DL1_4	0	0	0	0	0	0
KIR3DL1_2	0	0	0	0	0	0
KIR2DL4_2	0	0	0	0	0	0
KIR2DS4_3	0	0	0	0	0	0
KIR3DL2_6	0	0	0	0	0	0
FCAR_2	0	0	0	0	0	0
NCR1_7	0	0	0	0	0	0
NLRP7_7	0	0	0	0	0	0
NLRP2_7	0	0	0	0	0	0
GP6_7	0	0	0	0	0	0
RDH13_7	0	0	0	0	0	0
EPS8L1_7	0	0	0	0	0	0
HLA-DRA_7	0	0	0	0	0	0
BTNL2_8	0	0	0	0	0	0
LOC102725038	0	0	0	0	0	0
HCG23_8	0	0	0	0	0	0
VSTM1_8	0	0	0	0	0	0
TARM1_8	0	0	0	0	0	0
OSCAR_8	0	0	0	0	0	0
NDUFA3_8	0	0	0	0	0	0
TFPT_8	0	0	0	0	0	0
PRPF31_8	0	0	0	0	0	0
AC012314.8_8	0	0	0	0	0	0
CNOT3_8	0	0	0	0	0	0
LOC102724273_8	0	0	0	0	0	0
LENG1_8	0	0	0	0	0	0
TMC4_8	0	0	1	0	0	0
MBOAT7_8	0	0	0	0	0	0
TSEN34_8	0	0	0	0	0	0
RPS9_8	0	0	1	0	0	0
LILRA6_3	0	0	0	0	0	0
LILRB5_3	0	0	0	0	0	0
LILRB2_3	0	0	0	0	0	0
MIR4752_3	0	0	0	0	0	0
LOC102725039	0	0	0	0	0	0
LILRA5_2	0	0	0	0	0	0
LILRA4_2	0	0	0	0	0	0
LAIR1_3	0	0	0	0	0	0
LILRB1_3	0	0	0	0	0	0
MIR8061_3	0	0	0	0	0	0
LILRB4_3	0	0	0	0	0	0
LOC102724290_3	0	0	0	0	0	0
LILRP2_3	0	0	0	0	0	0
KIR3DL3_6	0	0	0	0	0	0
KIR2DL3_4	0	0	0	0	0	0
NCR1_8	0	0	0	0	0	0
NLRP7_8	0	0	0	0	0	0
NLRP2_8	0	0	0	0	0	0
GP6_8	0	0	0	0	0	0
RDH13_8	0	0	0	0	0	0
EPS8L1_8	0	0	0	0	0	0
VSTM1_9	0	0	0	0	0	0
TARM1_9	0	0	0	0	0	0
OSCAR_9	0	0	0	0	0	0
NDUFA3_9	0	0	0	0	0	0
TFPT_9	0	0	0	0	0	0
PRPF31_9	0	0	0	0	0	0
AC012314.8_9	0	0	0	0	0	0
CNOT3_9	0	0	0	0	0	0
LOC102724273_9	0	0	0	0	0	0
LENG1_9	0	0	0	0	0	0
TMC4_9	0	0	0	0	0	0
MBOAT7_9	0	0	0	0	0	0
TSEN34_9	0	0	0	0	0	0
RPS9_9	0	0	0	0	0	0
LILRB3_1	0	0	0	0	0	0
LILRB5_4	0	0	0	0	0	0
LILRB2_4	0	0	0	0	0	0
MIR4752_4	0	0	0	0	0	0
LILRA3_1	0	0	0	0	0	0
LILRA4_3	0	0	0	0	0	0
LAIR1_4	0	0	0	0	0	0
TTYH1_3	0	0	0	0	0	0
LOC102725040	0	0	0	0	0	0
LENG8_3	0	0	0	0	0	0
LENG9_3	0	0	0	0	0	0
CDC42EP5_3	0	0	0	0	0	0
LAIR2_3	0	0	0	0	0	0
KIR3DX1_3	0	0	0	0	0	0
LILRA2_3	0	0	0	0	0	0
LILRA1_3	0	0	0	0	0	0
LILRB1_4	0	0	0	0	0	0
MIR8061_4	0	0	0	0	0	0
LILRB4_4	0	0	0	0	0	0
LOC102724290_4	0	0	0	0	0	0
LILRP2_4	0	0	0	0	0	0
KIR3DL3_7	0	0	0	0	0	0
KIR2DL3_5	0	0	0	0	0	0
LOC101928804_5	0	0	0	0	0	0
KIR2DL1_5	0	0	0	0	0	0
LOC102724300_1	0	0	0	0	0	0
KIR2DL4_3	0	0	0	0	0	0
KIR3DL1_3	0	0	0	0	0	0
KIR2DS4_4	0	0	0	0	0	0
KIR3DL2_7	0	0	0	0	0	0
FCAR_3	0	0	0	0	0	0
NCR1_9	0	0	0	0	0	0
NLRP7_9	0	0	0	0	0	0
NLRP2_9	0	0	0	0	0	0
GP6_9	0	0	0	0	0	0
RDH13_9	0	0	0	0	0	0
EPS8L1_9	0	0	0	0	0	0
FCAR_4	0	0	0	0	0	0
KIR3DL2_8	0	0	0	0	0	0
KIR2DS1_1	0	0	0	0	0	0
KIR2DL1_6	0	0	0	0	0	0
KIR2DS5_2	0	0	0	0	0	0
KIR3DL1_4	0	0	0	0	0	0
KIR2DL4_4	0	0	0	0	0	0
LOC101928804_6	0	0	0	0	0	0
KIR2DS3	0	0	0	0	0	0
KIR2DL5B	0	0	0	0	0	0
KIR2DL2_1	0	0	0	0	0	0
KIR2DS2	0	0	0	0	0	0
KIR3DL3_8	0	0	0	0	0	0
LILRP2_5	0	0	0	0	0	0
KIR3DL2_9	0	0	0	0	0	0
KIR2DS4_5	0	0	0	0	0	0
KIR3DL1_5	0	0	0	0	0	0
LOC102724300_2	0	0	0	0	0	0
KIR2DL4_5	0	0	0	0	0	0
KIR2DL1_7	0	0	0	0	0	0
LOC101928804_7	0	0	0	0	0	0
KIR2DL3_6	0	0	0	0	0	0
KIR3DL3_9	0	0	0	0	0	0
LILRP2_6	0	0	0	0	0	0
KIR3DL2_10	0	0	0	0	0	0
KIR2DS4_6	0	0	0	0	0	0
KIR3DL1_6	0	0	0	0	0	0
KIR2DL4_6	0	0	0	0	0	0
KIR2DL3_7	0	0	0	0	0	0
KIR3DL3_10	0	0	0	0	0	0
LILRP2_7	0	0	0	0	0	0
KIR3DL2_11	0	0	0	0	0	0
KIR2DS4_7	0	0	0	0	0	0
KIR3DL1_7	0	0	0	0	0	0
KIR2DL4_7	0	0	0	0	0	0
KIR2DL1_8	0	0	0	0	0	0
LOC101928804_8	0	0	0	0	0	0
KIR2DL3_8	0	0	0	0	0	0
KIR3DL3_11	0	0	0	0	0	0
LILRP2_8	0	0	0	0	0	0
KIR3DL2_12	0	0	0	0	0	0
KIR2DS4_8	0	0	0	0	0	0
KIR3DL1_8	0	0	0	0	0	0
KIR2DL4_8	0	0	0	0	0	0
KIR2DL1_9	0	0	0	0	0	0
LOC101928804_9	0	0	0	0	0	0
KIR2DS3_1	0	0	0	0	0	0
KIR2DL5B_1	0	0	0	0	0	0
KIR2DL2_2	0	0	0	0	0	0
KIR2DS2_1	0	0	0	0	0	0
KIR3DL3_12	0	0	0	0	0	0
LILRP2_9	0	0	0	0	0	0
FCAR_5	0	0	1	0	0	0
KIR3DL2_13	0	0	0	0	0	0
KIR2DS1_2	0	0	0	0	0	0
KIR2DS3_2	0	0	0	0	0	0
KIR3DL1_9	0	0	0	0	0	0
KIR2DL4_9	0	0	0	0	0	0
KIR2DL1_10	0	0	0	0	0	0
LOC101928804_10	0	0	0	0	0	0
KIR2DL3_9	0	0	0	0	0	0
KIR3DL3_13	0	0	0	0	0	0
LILRP2_10	0	0	0	0	0	0
KIR3DL2_14	0	0	0	0	0	0
KIR2DS4_9	0	0	0	0	0	0
KIR3DL1_10	0	0	0	0	0	0
KIR2DL4_10	0	0	0	0	0	0
KIR2DL3_10	0	0	0	0	0	0
KIR3DL3_14	0	0	0	0	0	0
LILRP2_11	0	0	0	0	0	0
KIR3DL2_15	0	0	0	0	0	0
KIR2DS4_10	0	0	0	0	0	0
KIR3DL1_11	0	0	0	0	0	0
KIR2DL4_11	0	0	0	0	0	0
KIR2DL1_11	0	0	0	0	0	0
LOC101928804_11	0	0	0	0	0	0
KIR2DL3_11	0	0	0	0	0	0
KIR3DL3_15	0	0	0	0	0	0
LILRP2_12	0	0	0	0	0	0
KIR3DL2_16	0	0	0	0	0	0
KIR2DS1_3	0	0	0	0	0	0
KIR2DS5_3	0	0	0	0	0	0
KIR3DL1_12	0	0	0	0	0	0
KIR2DL4_12	0	0	0	0	0	0
KIR2DL1_12	0	0	0	0	0	0
LILRP2_13	0	0	0	0	0	0
KIR3DL2_17	0	0	0	0	0	0
KIR2DS4_11	0	0	0	0	0	0
KIR3DL1_13	0	0	0	0	0	0
KIR2DL4_13	0	0	0	0	0	0
KIR2DL1_13	0	0	0	0	0	0
LOC101928804_12	0	0	0	0	0	0
KIR2DL3_12	0	0	0	0	0	0
KIR3DL3_16	0	0	0	0	0	0
LILRP2_14	0	0	0	0	0	0
KIR3DL2_18	0	0	0	0	0	0
KIR2DS4_12	0	0	0	0	0	0
KIR3DL1_14	0	0	0	0	0	0
KIR2DL4_14	0	0	0	0	0	0
KIR2DL1_14	0	0	0	0	0	0
LOC101928804_13	0	0	0	0	0	0
KIR2DS5_4	0	0	0	0	0	0
KIR2DL5B_2	0	0	0	0	0	0
KIR2DL2_3	0	0	0	0	0	0
KIR2DS2_2	0	0	0	0	0	0
KIR3DL3_17	0	0	0	0	0	0
LILRP2_15	0	0	0	0	0	0
KIR3DL2_19	0	0	0	0	0	0
KIR2DS4_13	0	0	0	0	0	0
KIR3DL1_15	0	0	0	0	0	0
KIR2DL4_15	0	0	0	0	0	0
KIR2DL1_15	0	0	0	0	0	0
LOC101928804_14	0	0	0	0	0	0
KIR2DL3_13	0	0	0	0	0	0
KIR3DL3_18	0	0	0	0	0	0
LILRP2_16	0	0	0	0	0	0
KIR3DL2_20	0	0	0	0	0	0
KIR2DS1_4	0	0	0	0	0	0
KIR2DS3_3	0	0	0	0	0	0
KIR3DL1_16	0	0	0	0	0	0
KIR2DL4_16	0	0	0	0	0	0
KIR2DL1_16	0	0	0	0	0	0
LILRP2_17	0	0	0	0	0	0
KIR3DL3_19	0	0	0	0	0	0
KIR2DL3_14	0	0	0	0	0	0
LOC101928804_15	0	0	0	0	0	0
KIR2DL1_17	0	0	0	0	0	0
KIR3DL1_17	0	0	0	0	0	0
KIR2DL4_17	0	0	0	0	0	0
KIR2DS4_14	0	0	0	0	0	0
KIR3DL2_21	0	0	0	0	0	0
FCAR_6	0	0	0	0	0	0
NCR1_10	0	0	0	0	0	0
LILRP2_18	0	0	0	0	0	0
KIR3DL3_20	0	0	0	0	0	0
KIR2DL3_15	0	0	0	0	0	0
LOC101928804_16	0	0	0	0	0	0
KIR2DL1_18	0	0	0	0	0	0
KIR2DL4_18	0	0	0	0	0	0
KIR3DL1_18	0	0	0	0	0	0
KIR3DL2_22	0	0	0	0	0	0
KIR2DS4_15	0	0	0	0	0	0
KIR3DL1_19	0	0	0	0	0	0
KIR2DL4_19	0	0	0	0	0	0
KIR2DL1_19	0	0	0	0	0	0
LOC101928804_17	0	0	0	0	0	0
KIR2DL3_16	0	0	0	0	0	0
KIR3DL3_21	0	0	0	0	0	0
LILRP2_19	0	0	0	0	0	0
LILRP2_20	0	0	0	0	0	0
KIR3DL3_22	0	0	0	0	0	0
KIR2DL3_17	0	0	0	0	0	0
LOC101928804_18	0	0	0	0	0	0
KIR2DL1_20	0	0	0	0	0	0
KIR3DL1_20	0	0	0	0	0	0
KIR2DL4_20	0	0	0	0	0	0
KIR2DS4_16	0	0	0	0	0	0
KIR3DL2_23	0	0	0	0	0	0
FCAR_7	0	0	0	0	0	0
NCR1_11	0	0	0	0	0	0
LILRP2_21	0	0	0	0	0	0
KIR3DL3_23	0	0	0	0	0	0
KIR2DS2_3	0	0	0	0	0	0
KIR2DL2_4	0	0	0	0	0	0
KIR2DL5B_3	0	0	0	0	0	0
KIR2DS3_4	0	0	0	0	0	0
KIR2DL1_21	0	0	0	0	0	0
LOC101928804_19	0	0	0	0	0	0
KIR2DL4_21	0	0	0	0	0	0
KIR3DL1_21	0	0	0	0	0	0
KIR2DS1_5	0	0	0	0	0	0
LOC102725023	0	0	0	0	0	0
KIR3DL2_24	0	0	0	0	0	0
FCAR_8	0	0	0	0	0	0
NCR1_12	0	0	0	0	0	0
KIR3DL3_24	0	0	0	0	0	0
KIR2DL3_18	0	0	0	0	0	0
LOC101928804_20	0	0	0	0	0	0
KIR2DL1_22	0	0	0	0	0	0
KIR3DL1_22	0	0	0	0	0	0
KIR2DL4_22	0	0	0	0	0	0
KIR2DS4_17	0	0	0	0	0	0
KIR3DL2_25	0	0	0	0	0	0
FCAR_9	0	0	0	0	0	0
NCR1_13	0	0	0	0	0	0
LILRP2_22	0	0	0	0	0	0
KIR3DL3_25	0	0	0	0	0	0
KIR2DL3_19	0	0	0	0	0	0
KIR2DL4_23	0	0	0	0	0	0
KIR3DL1_23	0	0	0	0	0	0
KIR2DS4_18	0	0	0	0	0	0
KIR3DL2_26	0	0	0	0	0	0
FCAR_10	0	0	0	0	0	0
NCR1_14	0	0	0	0	0	0
KIR3DL3_26	0	0	0	0	0	0
KIR2DL3_20	0	0	0	0	0	0
LOC101928804_21	0	0	0	0	0	0
KIR2DL1_23	0	0	0	0	0	0
KIR3DL1_24	0	0	0	0	0	0
KIR2DL4_24	0	0	0	0	0	0
KIR2DS4_19	0	0	0	0	0	0
KIR3DL2_27	0	0	0	0	0	0
FCAR_11	0	0	0	0	0	0
NCR1_15	0	0	0	0	0	0
KIR3DL2_28	0	0	0	0	0	0
KIR2DS4_20	0	0	0	0	0	0
KIR3DL1_25	0	0	0	0	0	0
KIR2DL4_25	0	0	0	0	0	0
KIR2DL1_24	0	0	0	0	0	0
LOC101928804_22	0	0	0	0	0	0
KIR2DS5_5	0	0	0	0	0	0
KIR2DL5B_4	0	0	0	0	0	0
KIR2DL3_21	0	0	0	0	0	0
KIR3DL3_27	0	0	0	0	0	0
LILRP2_23	0	0	0	0	0	0
KIR3DL2_29	0	0	0	0	0	0
KIR2DS4_21	0	0	0	0	0	0
KIR3DL1_26	0	0	0	0	0	0
KIR2DL4_26	0	0	0	0	0	0
KIR2DL1_25	0	0	0	0	0	0
LOC101928804_23	0	0	0	0	0	0
KIR2DL3_22	0	0	0	0	0	0
KIR3DL3_28	0	0	0	0	0	0
LILRP2_24	0	0	0	0	0	0
KIR3DL2_30	0	0	0	0	0	0
KIR2DS4_22	0	0	0	0	0	0
KIR3DL1_27	0	0	0	0	0	0
LOC102724300_3	0	0	0	0	0	0
KIR2DL4_27	0	0	0	0	0	0
KIR2DL1_26	0	0	0	0	0	0
LOC101928804_24	0	0	0	0	0	0
KIR2DS5_6	0	0	0	0	0	0
KIR2DL5B_5	0	0	0	0	0	0
KIR2DL2_5	0	0	0	0	0	0
KIR2DS2_4	0	0	0	0	0	0
KIR3DL3_29	0	0	0	0	0	0
LILRP2_25	0	0	0	0	0	0
KIR3DL2_31	0	0	0	0	0	0
KIR2DS4_23	0	0	0	0	0	0
KIR3DL1_28	0	0	0	0	0	0
LOC102724300_4	0	0	0	0	0	0
KIR2DL4_28	0	0	0	0	0	0
KIR2DL1_27	0	0	0	0	0	0
LOC101928804_25	0	0	0	0	0	0
KIR2DL3_23	0	0	0	0	0	0
KIR3DL3_30	0	0	0	0	0	0
LILRP2_26	0	0	0	0	0	0
KIR3DL2_32	0	0	0	0	0	0
KIR2DS1_6	0	0	0	0	0	0
KIR2DS5_7	0	0	0	0	0	0
KIR3DL1_29	0	0	0	0	0	0
KIR2DL4_29	0	0	0	0	0	0
KIR2DL1_28	0	0	0	0	0	0
LILRP2_27	0	0	0	0	0	0
TRNF	30	39	32	31	32	35
RNR1	31369	13582	30793	33189	37112	14845
TRNV	0	0	0	0	0	0
RNR2	133551	89113	124414	131685	127399	104969
TRNL1	0	0	1	0	0	0
ND1	71440	51587	72474	74251	62448	61234
TRNI	0	0	0	0	0	0
TRNQ	0	0	0	0	0	0
TRNM	0	0	0	0	0	0
ND2	80896	59156	79939	82514	70602	67640
TRNW	0	0	0	0	0	0
TRNA	0	0	0	0	3	0
TRNN	0	0	0	0	0	0
TRNC	12	11	25	15	4	17
TRNY	9	10	7	10	5	20
COX1	184880	136162	186690	193522	163617	145572
TRNS1	0	0	0	0	0	0
TRND	0	0	0	0	0	0
COX2	103829	79226	110027	105124	85523	78655
TRNK	0	0	0	0	0	0
ATP8	10527	10145	10777	11700	10437	12786
ATP6	82137	60044	81502	84663	71481	68929
COX3	113351	88793	116059	119187	103519	95611
TRNG	0	0	0	0	0	0
ND3	19724	15270	20758	22654	17792	17050
TRNR	0	0	0	0	0	0
ND4L	20051	16508	22116	23725	18218	18158
ND4	216794	158682	226364	235999	182396	171703
TRNH	0	0	0	0	0	0
TRNS2	0	0	0	0	0	0
TRNL2	0	0	0	0	0	0
ND5	69481	49799	66100	77340	70428	66280
ND6	17678	11889	16060	19100	16354	17055
TRNE	0	0	0	0	0	0
CYTB	62885	40968	61573	69363	52638	49276
TRNT	0	0	0	0	0	0
TRNP	1282	1155	1478	1091	960	984
